# Made in Blockbench 5.0.4
mtllib able.geo.mtl

o mesh
v 0.3125 0.9375 -0.5
v 0.5 1.1875 -0.5
v 0.5 0.9375 -0.5
v 0.3125 1.1875 -0.5
v 0.3125 0.9375 -0.3125
v 0.3125 1.1875 -0.5
v 0.3125 0.9375 -0.5
v 0.3125 1.1875 -0.3125
v 0.5 0.9375 -0.3125
v 0.3125 1.1875 -0.3125
v 0.3125 0.9375 -0.3125
v 0.5 1.1875 -0.3125
v 0.5 0.9375 -0.5
v 0.5 1.1875 -0.3125
v 0.5 0.9375 -0.3125
v 0.5 1.1875 -0.5
v 0.5 1.1875 -0.3125
v 0.3125 1.1875 -0.5
v 0.3125 1.1875 -0.3125
v 0.5 1.1875 -0.5
v 0.34375 1.1875 -0.46875
v 0.46875 1.25 -0.46875
v 0.46875 1.1875 -0.46875
v 0.34375 1.25 -0.46875
v 0.34375 1.1875 -0.34375
v 0.34375 1.25 -0.46875
v 0.34375 1.1875 -0.46875
v 0.34375 1.25 -0.34375
v 0.46875 1.1875 -0.34375
v 0.34375 1.25 -0.34375
v 0.34375 1.1875 -0.34375
v 0.46875 1.25 -0.34375
v 0.46875 1.1875 -0.46875
v 0.46875 1.25 -0.34375
v 0.46875 1.1875 -0.34375
v 0.46875 1.25 -0.46875
v 0.46875 1.25 -0.34375
v 0.34375 1.25 -0.46875
v 0.34375 1.25 -0.34375
v 0.46875 1.25 -0.46875
v 0.223955 0.753125 -0.087960625
v 0.256210625 0.796875 -0.1175175
v 0.256210625 0.753125 -0.1175175
v 0.223955 0.796875 -0.087960625
v 0.37021625 0.753125 0.0068975
v 0.337960625 0.796875 0.036455
v 0.337960625 0.753125 0.036455
v 0.37021625 0.796875 0.0068975
v 0.256210625 0.753125 -0.1175175
v 0.37021625 0.796875 0.0068975
v 0.37021625 0.753125 0.0068975
v 0.256210625 0.796875 -0.1175175
v 0.37021625 0.796875 0.0068975
v 0.223955 0.796875 -0.087960625
v 0.337960625 0.796875 0.036455
v 0.256210625 0.796875 -0.1175175
v 0.256210625 0.753125 -0.1175175
v 0.337960625 0.753125 0.036455
v 0.223955 0.753125 -0.087960625
v 0.37021625 0.753125 0.0068975
v 0.067283125 0.753125 0.055601875
v 0.099539375 0.796875 0.026045
v 0.099539375 0.753125 0.026045
v 0.067283125 0.796875 0.055601875
v 0.181289375 0.753125 0.1800175
v 0.067283125 0.796875 0.055601875
v 0.067283125 0.753125 0.055601875
v 0.181289375 0.796875 0.1800175
v 0.213545 0.753125 0.150460625
v 0.181289375 0.796875 0.1800175
v 0.181289375 0.753125 0.1800175
v 0.213545 0.796875 0.150460625
v 0.099539375 0.753125 0.026045
v 0.213545 0.796875 0.150460625
v 0.213545 0.753125 0.150460625
v 0.099539375 0.796875 0.026045
v 0.213545 0.796875 0.150460625
v 0.067283125 0.796875 0.055601875
v 0.181289375 0.796875 0.1800175
v 0.099539375 0.796875 0.026045
v 0.099539375 0.753125 0.026045
v 0.181289375 0.753125 0.1800175
v 0.067283125 0.753125 0.055601875
v 0.213545 0.753125 0.150460625
v 0.2051 0.753125 0.141245
v 0.329515625 0.796875 0.02723875
v 0.329515625 0.753125 0.02723875
v 0.2051 0.796875 0.141245
v 0.2346575 0.753125 0.173500625
v 0.2051 0.796875 0.141245
v 0.2051 0.753125 0.141245
v 0.2346575 0.796875 0.173500625
v 0.359073125 0.753125 0.059495
v 0.2346575 0.796875 0.173500625
v 0.2346575 0.753125 0.173500625
v 0.359073125 0.796875 0.059495
v 0.329515625 0.753125 0.02723875
v 0.359073125 0.796875 0.059495
v 0.359073125 0.753125 0.059495
v 0.329515625 0.796875 0.02723875
v 0.359073125 0.796875 0.059495
v 0.2051 0.796875 0.141245
v 0.2346575 0.796875 0.173500625
v 0.329515625 0.796875 0.02723875
v 0.329515625 0.753125 0.02723875
v 0.2346575 0.753125 0.173500625
v 0.2051 0.753125 0.141245
v 0.359073125 0.753125 0.059495
v 0.078426875 0.753125 0.003005
v 0.2028425 0.796875 -0.111000625
v 0.2028425 0.753125 -0.111000625
v 0.078426875 0.796875 0.003005
v 0.107984375 0.753125 0.03526125
v 0.078426875 0.796875 0.003005
v 0.078426875 0.753125 0.003005
v 0.107984375 0.796875 0.03526125
v 0.2028425 0.753125 -0.111000625
v 0.232399375 0.796875 -0.078744375
v 0.232399375 0.753125 -0.078744375
v 0.2028425 0.796875 -0.111000625
v 0.232399375 0.796875 -0.078744375
v 0.078426875 0.796875 0.003005
v 0.107984375 0.796875 0.03526125
v 0.2028425 0.796875 -0.111000625
v 0.2028425 0.753125 -0.111000625
v 0.107984375 0.753125 0.03526125
v 0.078426875 0.753125 0.003005
v 0.232399375 0.753125 -0.078744375
v 0.35819 0.79625 0.05945625
v 0.07931 0.79625 0.00304375
v 0.234695625 0.79625 0.1726175
v 0.20280375 0.79625 -0.1101175
v 0.20280375 0.75375 -0.1101175
v 0.234695625 0.75375 0.1726175
v 0.07931 0.75375 0.00304375
v 0.35819 0.75375 0.05945625
v 0.2125 0.74375 0.3375
v 0.35 0.81875 0.3375
v 0.35 0.74375 0.3375
v 0.2125 0.81875 0.3375
v 0.2125 0.74375 0.475
v 0.2125 0.81875 0.3375
v 0.2125 0.74375 0.3375
v 0.2125 0.81875 0.475
v 0.35 0.74375 0.475
v 0.2125 0.81875 0.475
v 0.2125 0.74375 0.475
v 0.35 0.81875 0.475
v 0.35 0.74375 0.3375
v 0.35 0.81875 0.475
v 0.35 0.74375 0.475
v 0.35 0.81875 0.3375
v 0.35 0.81875 0.475
v 0.2125 0.81875 0.3375
v 0.2125 0.81875 0.475
v 0.35 0.81875 0.3375
v 0.35 0.74375 0.3375
v 0.2125 0.74375 0.475
v 0.2125 0.74375 0.3375
v 0.35 0.74375 0.475
v 0.16527125 1.08693375 0.261258125
v 0.33907 1.17961375 0.24491625
v 0.3499225 1.118998125 0.255604375
v 0.154418125 1.147549375 0.25057
v 0.16527125 1.119493125 0.445909375
v 0.154418125 1.147549375 0.25057
v 0.16527125 1.08693375 0.261258125
v 0.154418125 1.180108125 0.43522125
v 0.3499225 1.1515575 0.440255625
v 0.154418125 1.180108125 0.43522125
v 0.16527125 1.119493125 0.445909375
v 0.33907 1.2121725 0.4295675
v 0.3499225 1.118998125 0.255604375
v 0.33907 1.2121725 0.4295675
v 0.3499225 1.1515575 0.440255625
v 0.33907 1.17961375 0.24491625
v 0.33907 1.2121725 0.4295675
v 0.154418125 1.147549375 0.25057
v 0.154418125 1.180108125 0.43522125
v 0.33907 1.17961375 0.24491625
v 0.3499225 1.118998125 0.255604375
v 0.16527125 1.119493125 0.445909375
v 0.16527125 1.08693375 0.261258125
v 0.3499225 1.1515575 0.440255625
v 0.168519375 1.013995 0.264599375
v 0.3575275 1.128065625 0.244485625
v 0.37163625 1.049265625 0.258380625
v 0.154410625 1.092795 0.250705
v 0.168519375 1.04981 0.46771625
v 0.154410625 1.092795 0.250705
v 0.168519375 1.013995 0.264599375
v 0.154410625 1.12861 0.45382125
v 0.37163625 1.085080625 0.461496875
v 0.154410625 1.12861 0.45382125
v 0.168519375 1.04981 0.46771625
v 0.3575275 1.163880625 0.4476025
v 0.37163625 1.049265625 0.258380625
v 0.3575275 1.163880625 0.4476025
v 0.37163625 1.085080625 0.461496875
v 0.3575275 1.128065625 0.244485625
v 0.3575275 1.163880625 0.4476025
v 0.154410625 1.092795 0.250705
v 0.154410625 1.12861 0.45382125
v 0.3575275 1.128065625 0.244485625
v 0.37163625 1.049265625 0.258380625
v 0.168519375 1.04981 0.46771625
v 0.168519375 1.013995 0.264599375
v 0.37163625 1.085080625 0.461496875
v 0.242744375 1.025686875 0.16416875
v 0.2833025 1.08273 0.154110625
v 0.291985 1.0342375 0.162660625
v 0.234061875 1.074179375 0.155618125
v 0.242744375 1.034369375 0.21340875
v 0.234061875 1.074179375 0.155618125
v 0.242744375 1.025686875 0.16416875
v 0.234061875 1.08286125 0.204858125
v 0.291985 1.04292 0.21190125
v 0.234061875 1.08286125 0.204858125
v 0.242744375 1.034369375 0.21340875
v 0.2833025 1.091411875 0.203350625
v 0.291985 1.0342375 0.162660625
v 0.2833025 1.091411875 0.203350625
v 0.291985 1.04292 0.21190125
v 0.2833025 1.08273 0.154110625
v 0.2833025 1.091411875 0.203350625
v 0.234061875 1.074179375 0.155618125
v 0.234061875 1.08286125 0.204858125
v 0.2833025 1.08273 0.154110625
v 0.291985 1.0342375 0.162660625
v 0.242744375 1.034369375 0.21340875
v 0.242744375 1.025686875 0.16416875
v 0.291985 1.04292 0.21190125
v 0.202534375 1.042949375 0.19243875
v 0.308414375 1.173718125 0.24665
v 0.325635 1.064325625 0.188669375
v 0.18531375 1.152341875 0.25041875
v 0.215748125 0.986369375 0.303114375
v 0.18531375 1.152341875 0.25041875
v 0.202534375 1.042949375 0.19243875
v 0.1985275 1.095761875 0.361094375
v 0.325635 1.064325625 0.188669375
v 0.321628125 1.117138125 0.357325625
v 0.33884875 1.007745625 0.299345
v 0.308414375 1.173718125 0.24665
v 0.321628125 1.117138125 0.357325625
v 0.18531375 1.152341875 0.25041875
v 0.1985275 1.095761875 0.361094375
v 0.308414375 1.173718125 0.24665
v 0.325635 1.064325625 0.188669375
v 0.215748125 0.986369375 0.303114375
v 0.202534375 1.042949375 0.19243875
v 0.33884875 1.007745625 0.299345
v 0.39375 1.0875 -0.10625
v 0.48125 1.175 -0.10625
v 0.48125 1.0875 -0.10625
v 0.39375 1.175 -0.10625
v 0.39375 1.0875 -0.01875
v 0.39375 1.175 -0.10625
v 0.39375 1.0875 -0.10625
v 0.39375 1.175 -0.01875
v 0.48125 1.0875 -0.01875
v 0.39375 1.175 -0.01875
v 0.39375 1.0875 -0.01875
v 0.48125 1.175 -0.01875
v 0.48125 1.0875 -0.10625
v 0.48125 1.175 -0.01875
v 0.48125 1.0875 -0.01875
v 0.48125 1.175 -0.10625
v 0.48125 1.175 -0.01875
v 0.39375 1.175 -0.10625
v 0.39375 1.175 -0.01875
v 0.48125 1.175 -0.10625
v 0.36875 0.94375 -0.13125
v 0.50625 1.01875 -0.13125
v 0.50625 0.94375 -0.13125
v 0.36875 1.01875 -0.13125
v 0.36875 0.94375 0.00625
v 0.36875 1.01875 -0.13125
v 0.36875 0.94375 -0.13125
v 0.36875 1.01875 0.00625
v 0.50625 0.94375 0.00625
v 0.36875 1.01875 0.00625
v 0.36875 0.94375 0.00625
v 0.50625 1.01875 0.00625
v 0.50625 0.94375 -0.13125
v 0.50625 1.01875 0.00625
v 0.50625 0.94375 0.00625
v 0.50625 1.01875 -0.13125
v 0.50625 1.01875 0.00625
v 0.36875 1.01875 -0.13125
v 0.36875 1.01875 0.00625
v 0.50625 1.01875 -0.13125
v 0.50625 0.94375 -0.13125
v 0.36875 0.94375 0.00625
v 0.36875 0.94375 -0.13125
v 0.50625 0.94375 0.00625
v 0.07404375 0.94375 -0.507218125
v 0.184920625 1.00625 -0.449499375
v 0.184920625 0.94375 -0.449499375
v 0.07404375 1.00625 -0.507218125
v 0.016325625 0.94375 -0.396341875
v 0.07404375 1.00625 -0.507218125
v 0.07404375 0.94375 -0.507218125
v 0.016325625 1.00625 -0.396341875
v 0.127201875 0.94375 -0.338623125
v 0.016325625 1.00625 -0.396341875
v 0.016325625 0.94375 -0.396341875
v 0.127201875 1.00625 -0.338623125
v 0.184920625 0.94375 -0.449499375
v 0.127201875 1.00625 -0.338623125
v 0.127201875 0.94375 -0.338623125
v 0.184920625 1.00625 -0.449499375
v 0.127201875 1.00625 -0.338623125
v 0.07404375 1.00625 -0.507218125
v 0.016325625 1.00625 -0.396341875
v 0.184920625 1.00625 -0.449499375
v 0.08733375 1.075 -0.465069375
v 0.142771875 1.1375 -0.43621
v 0.142771875 1.075 -0.43621
v 0.08733375 1.1375 -0.465069375
v 0.058474375 1.075 -0.40963125
v 0.08733375 1.1375 -0.465069375
v 0.08733375 1.075 -0.465069375
v 0.058474375 1.1375 -0.40963125
v 0.1139125 1.075 -0.380771875
v 0.058474375 1.1375 -0.40963125
v 0.058474375 1.075 -0.40963125
v 0.1139125 1.1375 -0.380771875
v 0.142771875 1.075 -0.43621
v 0.1139125 1.1375 -0.380771875
v 0.1139125 1.075 -0.380771875
v 0.142771875 1.1375 -0.43621
v 0.1139125 1.1375 -0.380771875
v 0.08733375 1.1375 -0.465069375
v 0.058474375 1.1375 -0.40963125
v 0.142771875 1.1375 -0.43621
v 0.01875 0.175 0.325
v 0.23125 0.2625 0.325
v 0.23125 0.175 0.325
v 0.01875 0.2625 0.325
v 0.01875 0.175 0.475
v 0.01875 0.2625 0.325
v 0.01875 0.175 0.325
v 0.01875 0.2625 0.475
v 0.23125 0.175 0.475
v 0.01875 0.2625 0.475
v 0.01875 0.175 0.475
v 0.23125 0.2625 0.475
v 0.23125 0.175 0.325
v 0.23125 0.2625 0.475
v 0.23125 0.175 0.475
v 0.23125 0.2625 0.325
v 0.23125 0.2625 0.475
v 0.01875 0.2625 0.325
v 0.01875 0.2625 0.475
v 0.23125 0.2625 0.325
v 0.23125 0.175 0.325
v 0.01875 0.175 0.475
v 0.01875 0.175 0.325
v 0.23125 0.175 0.475
v -0.0125 0.2625 0.325
v 0.2 0.35 0.325
v 0.2 0.2625 0.325
v -0.0125 0.35 0.325
v -0.0125 0.2625 0.475
v -0.0125 0.35 0.325
v -0.0125 0.2625 0.325
v -0.0125 0.35 0.475
v 0.2 0.2625 0.475
v -0.0125 0.35 0.475
v -0.0125 0.2625 0.475
v 0.2 0.35 0.475
v 0.2 0.2625 0.325
v 0.2 0.35 0.475
v 0.2 0.2625 0.475
v 0.2 0.35 0.325
v 0.2 0.35 0.475
v -0.0125 0.35 0.325
v -0.0125 0.35 0.475
v 0.2 0.35 0.325
v 0.2 0.2625 0.325
v -0.0125 0.2625 0.475
v -0.0125 0.2625 0.325
v 0.2 0.2625 0.475
v -0.21875 0.375 0.375
v -0.15625 0.4375 0.375
v -0.15625 0.375 0.375
v -0.21875 0.4375 0.375
v -0.21875 0.375 0.4375
v -0.21875 0.4375 0.375
v -0.21875 0.375 0.375
v -0.21875 0.4375 0.4375
v -0.15625 0.375 0.4375
v -0.21875 0.4375 0.4375
v -0.21875 0.375 0.4375
v -0.15625 0.4375 0.4375
v -0.15625 0.375 0.375
v -0.15625 0.4375 0.4375
v -0.15625 0.375 0.4375
v -0.15625 0.4375 0.375
v -0.15625 0.4375 0.4375
v -0.21875 0.4375 0.375
v -0.21875 0.4375 0.4375
v -0.15625 0.4375 0.375
v 0.01875 0.175 -0.475
v 0.23125 0.2625 -0.475
v 0.23125 0.175 -0.475
v 0.01875 0.2625 -0.475
v 0.01875 0.175 -0.325
v 0.01875 0.2625 -0.475
v 0.01875 0.175 -0.475
v 0.01875 0.2625 -0.325
v 0.23125 0.175 -0.325
v 0.01875 0.2625 -0.325
v 0.01875 0.175 -0.325
v 0.23125 0.2625 -0.325
v 0.23125 0.175 -0.475
v 0.23125 0.2625 -0.325
v 0.23125 0.175 -0.325
v 0.23125 0.2625 -0.475
v 0.23125 0.2625 -0.325
v 0.01875 0.2625 -0.475
v 0.01875 0.2625 -0.325
v 0.23125 0.2625 -0.475
v 0.23125 0.175 -0.475
v 0.01875 0.175 -0.325
v 0.01875 0.175 -0.475
v 0.23125 0.175 -0.325
v -0.0125 0.2625 -0.475
v 0.2 0.35 -0.475
v 0.2 0.2625 -0.475
v -0.0125 0.35 -0.475
v -0.0125 0.2625 -0.325
v -0.0125 0.35 -0.475
v -0.0125 0.2625 -0.475
v -0.0125 0.35 -0.325
v 0.2 0.2625 -0.325
v -0.0125 0.35 -0.325
v -0.0125 0.2625 -0.325
v 0.2 0.35 -0.325
v 0.2 0.2625 -0.475
v 0.2 0.35 -0.325
v 0.2 0.2625 -0.325
v 0.2 0.35 -0.475
v 0.2 0.35 -0.325
v -0.0125 0.35 -0.475
v -0.0125 0.35 -0.325
v 0.2 0.35 -0.475
v 0.2 0.2625 -0.475
v -0.0125 0.2625 -0.325
v -0.0125 0.2625 -0.475
v 0.2 0.2625 -0.325
v -0.21875 0.375 -0.4375
v -0.15625 0.4375 -0.4375
v -0.15625 0.375 -0.4375
v -0.21875 0.4375 -0.4375
v -0.21875 0.375 -0.375
v -0.21875 0.4375 -0.4375
v -0.21875 0.375 -0.4375
v -0.21875 0.4375 -0.375
v -0.15625 0.375 -0.375
v -0.21875 0.4375 -0.375
v -0.21875 0.375 -0.375
v -0.15625 0.4375 -0.375
v -0.15625 0.375 -0.4375
v -0.15625 0.4375 -0.375
v -0.15625 0.375 -0.375
v -0.15625 0.4375 -0.4375
v -0.15625 0.4375 -0.375
v -0.21875 0.4375 -0.4375
v -0.21875 0.4375 -0.375
v -0.15625 0.4375 -0.4375
v -0.48125 0.195445 0.192155
v -0.39375 0.180250625 0.105984375
v -0.39375 0.195445 0.192155
v -0.48125 0.180250625 0.105984375
v -0.48125 0.34316625 0.166108125
v -0.48125 0.180250625 0.105984375
v -0.48125 0.195445 0.192155
v -0.48125 0.327971875 0.0799375
v -0.39375 0.34316625 0.166108125
v -0.48125 0.327971875 0.0799375
v -0.48125 0.34316625 0.166108125
v -0.39375 0.327971875 0.0799375
v -0.39375 0.195445 0.192155
v -0.39375 0.327971875 0.0799375
v -0.39375 0.34316625 0.166108125
v -0.39375 0.180250625 0.105984375
v -0.39375 0.327971875 0.0799375
v -0.48125 0.180250625 0.105984375
v -0.48125 0.327971875 0.0799375
v -0.39375 0.180250625 0.105984375
v -0.39375 0.195445 0.192155
v -0.48125 0.34316625 0.166108125
v -0.48125 0.195445 0.192155
v -0.39375 0.34316625 0.166108125
v -0.46875 0.225506875 0.1106975
v -0.40625 0.182094375 -0.135504375
v -0.40625 0.225506875 0.1106975
v -0.46875 0.182094375 -0.135504375
v -0.46875 0.287056875 0.099844375
v -0.46875 0.182094375 -0.135504375
v -0.46875 0.225506875 0.1106975
v -0.46875 0.243645 -0.1463575
v -0.40625 0.287056875 0.099844375
v -0.46875 0.243645 -0.1463575
v -0.46875 0.287056875 0.099844375
v -0.40625 0.243645 -0.1463575
v -0.40625 0.225506875 0.1106975
v -0.40625 0.243645 -0.1463575
v -0.40625 0.287056875 0.099844375
v -0.40625 0.182094375 -0.135504375
v -0.40625 0.243645 -0.1463575
v -0.46875 0.182094375 -0.135504375
v -0.46875 0.243645 -0.1463575
v -0.40625 0.182094375 -0.135504375
v -0.40625 0.225506875 0.1106975
v -0.46875 0.287056875 0.099844375
v -0.46875 0.225506875 0.1106975
v -0.40625 0.287056875 0.099844375
v -0.46875 0.24178625 0.203023125
v -0.40625 0.230933125 0.1414725
v -0.40625 0.24178625 0.203023125
v -0.46875 0.230933125 0.1414725
v -0.46875 0.303336875 0.19217
v -0.46875 0.230933125 0.1414725
v -0.46875 0.24178625 0.203023125
v -0.46875 0.29248375 0.13062
v -0.40625 0.303336875 0.19217
v -0.46875 0.29248375 0.13062
v -0.46875 0.303336875 0.19217
v -0.40625 0.29248375 0.13062
v -0.40625 0.24178625 0.203023125
v -0.40625 0.29248375 0.13062
v -0.40625 0.303336875 0.19217
v -0.40625 0.230933125 0.1414725
v -0.40625 0.29248375 0.13062
v -0.46875 0.230933125 0.1414725
v -0.46875 0.29248375 0.13062
v -0.40625 0.230933125 0.1414725
v -0.40625 0.24178625 0.203023125
v -0.46875 0.303336875 0.19217
v -0.46875 0.24178625 0.203023125
v -0.40625 0.303336875 0.19217
v -0.284821875 0.899399375 -0.33719625
v -0.151774375 0.744285 -0.06412875
v -0.348515 0.88916875 -0.287799375
v -0.08808125 0.75451625 -0.11352625
v -0.270124375 0.971745625 -0.303261875
v -0.08808125 0.75451625 -0.11352625
v -0.284821875 0.899399375 -0.33719625
v -0.07338375 0.826861875 -0.07959125
v -0.3338175 0.961515 -0.253864375
v -0.07338375 0.826861875 -0.07959125
v -0.270124375 0.971745625 -0.303261875
v -0.137076875 0.81663125 -0.030194375
v -0.348515 0.88916875 -0.287799375
v -0.137076875 0.81663125 -0.030194375
v -0.3338175 0.961515 -0.253864375
v -0.151774375 0.744285 -0.06412875
v -0.137076875 0.81663125 -0.030194375
v -0.08808125 0.75451625 -0.11352625
v -0.07338375 0.826861875 -0.07959125
v -0.151774375 0.744285 -0.06412875
v -0.348515 0.88916875 -0.287799375
v -0.270124375 0.971745625 -0.303261875
v -0.284821875 0.899399375 -0.33719625
v -0.3338175 0.961515 -0.253864375
v -0.37762375 0.96774125 -0.44270125
v -0.39306 0.9219725 -0.338441875
v -0.441316875 0.95751 -0.393304375
v -0.329366875 0.93220375 -0.38783875
v -0.362926875 1.0400875 -0.40876625
v -0.329366875 0.93220375 -0.38783875
v -0.37762375 0.96774125 -0.44270125
v -0.314669375 1.00455 -0.35390375
v -0.426619375 1.02985625 -0.359369375
v -0.314669375 1.00455 -0.35390375
v -0.362926875 1.0400875 -0.40876625
v -0.3783625 0.99431875 -0.304506875
v -0.441316875 0.95751 -0.393304375
v -0.3783625 0.99431875 -0.304506875
v -0.426619375 1.02985625 -0.359369375
v -0.39306 0.9219725 -0.338441875
v -0.3783625 0.99431875 -0.304506875
v -0.329366875 0.93220375 -0.38783875
v -0.314669375 1.00455 -0.35390375
v -0.39306 0.9219725 -0.338441875
v -0.441316875 0.95751 -0.393304375
v -0.362926875 1.0400875 -0.40876625
v -0.37762375 0.96774125 -0.44270125
v -0.426619375 1.02985625 -0.359369375
v -0.35161 0.877598125 -0.463809375
v -0.3753575 0.807185 -0.30341
v -0.449599375 0.861858125 -0.38781375
v -0.277368125 0.822925 -0.379405625
v -0.3063875 1.100201875 -0.359394375
v -0.277368125 0.822925 -0.379405625
v -0.35161 0.877598125 -0.463809375
v -0.232145625 1.04552875 -0.274990625
v -0.404376875 1.084461875 -0.28339875
v -0.232145625 1.04552875 -0.274990625
v -0.3063875 1.100201875 -0.359394375
v -0.330135 1.02978875 -0.198995
v -0.449599375 0.861858125 -0.38781375
v -0.330135 1.02978875 -0.198995
v -0.404376875 1.084461875 -0.28339875
v -0.3753575 0.807185 -0.30341
v -0.330135 1.02978875 -0.198995
v -0.277368125 0.822925 -0.379405625
v -0.232145625 1.04552875 -0.274990625
v -0.3753575 0.807185 -0.30341
v -0.449599375 0.861858125 -0.38781375
v -0.3063875 1.100201875 -0.359394375
v -0.35161 0.877598125 -0.463809375
v -0.404376875 1.084461875 -0.28339875
v 0.40625 0.225506875 0.1106975
v 0.46875 0.182094375 -0.135504375
v 0.46875 0.225506875 0.1106975
v 0.40625 0.182094375 -0.135504375
v 0.40625 0.287056875 0.099845
v 0.40625 0.182094375 -0.135504375
v 0.40625 0.225506875 0.1106975
v 0.40625 0.243645 -0.1463575
v 0.46875 0.287056875 0.099845
v 0.40625 0.243645 -0.1463575
v 0.40625 0.287056875 0.099845
v 0.46875 0.243645 -0.1463575
v 0.46875 0.225506875 0.1106975
v 0.46875 0.243645 -0.1463575
v 0.46875 0.287056875 0.099845
v 0.46875 0.182094375 -0.135504375
v 0.46875 0.243645 -0.1463575
v 0.40625 0.182094375 -0.135504375
v 0.40625 0.243645 -0.1463575
v 0.46875 0.182094375 -0.135504375
v 0.46875 0.225506875 0.1106975
v 0.40625 0.287056875 0.099845
v 0.40625 0.225506875 0.1106975
v 0.46875 0.287056875 0.099845
v 0.40625 0.24178625 0.203023125
v 0.46875 0.230933125 0.141473125
v 0.46875 0.24178625 0.203023125
v 0.40625 0.230933125 0.141473125
v 0.40625 0.303336875 0.192170625
v 0.40625 0.230933125 0.141473125
v 0.40625 0.24178625 0.203023125
v 0.40625 0.29248375 0.13062
v 0.46875 0.303336875 0.192170625
v 0.40625 0.29248375 0.13062
v 0.40625 0.303336875 0.192170625
v 0.46875 0.29248375 0.13062
v 0.46875 0.24178625 0.203023125
v 0.46875 0.29248375 0.13062
v 0.46875 0.303336875 0.192170625
v 0.46875 0.230933125 0.141473125
v 0.46875 0.29248375 0.13062
v 0.40625 0.230933125 0.141473125
v 0.40625 0.29248375 0.13062
v 0.46875 0.230933125 0.141473125
v 0.46875 0.24178625 0.203023125
v 0.40625 0.303336875 0.192170625
v 0.40625 0.24178625 0.203023125
v 0.46875 0.303336875 0.192170625
v 0.39375 0.195445 0.192155625
v 0.48125 0.180250625 0.105985
v 0.48125 0.195445 0.192155625
v 0.39375 0.180250625 0.105985
v 0.39375 0.34316625 0.166108125
v 0.39375 0.180250625 0.105985
v 0.39375 0.195445 0.192155625
v 0.39375 0.327971875 0.0799375
v 0.48125 0.34316625 0.166108125
v 0.39375 0.327971875 0.0799375
v 0.39375 0.34316625 0.166108125
v 0.48125 0.327971875 0.0799375
v 0.48125 0.195445 0.192155625
v 0.48125 0.327971875 0.0799375
v 0.48125 0.34316625 0.166108125
v 0.48125 0.180250625 0.105985
v 0.48125 0.327971875 0.0799375
v 0.39375 0.180250625 0.105985
v 0.39375 0.327971875 0.0799375
v 0.48125 0.180250625 0.105985
v 0.48125 0.195445 0.192155625
v 0.39375 0.34316625 0.166108125
v 0.39375 0.195445 0.192155625
v 0.48125 0.34316625 0.166108125
v -0.310788125 0.75 0.330773125
v -0.253045625 0.8125 0.306855625
v -0.253045625 0.75 0.306855625
v -0.310788125 0.8125 0.330773125
v -0.2629525 0.75 0.446258125
v -0.310788125 0.8125 0.330773125
v -0.310788125 0.75 0.330773125
v -0.2629525 0.8125 0.446258125
v -0.20521 0.75 0.422340625
v -0.2629525 0.8125 0.446258125
v -0.2629525 0.75 0.446258125
v -0.20521 0.8125 0.422340625
v -0.253045625 0.75 0.306855625
v -0.20521 0.8125 0.422340625
v -0.20521 0.75 0.422340625
v -0.253045625 0.8125 0.306855625
v -0.20521 0.8125 0.422340625
v -0.310788125 0.8125 0.330773125
v -0.2629525 0.8125 0.446258125
v -0.253045625 0.8125 0.306855625
v -0.253045625 0.75 0.306855625
v -0.2629525 0.75 0.446258125
v -0.310788125 0.75 0.330773125
v -0.20521 0.75 0.422340625
v -0.137560625 0.75 0.25902
v -0.079818125 0.8125 0.2351025
v -0.079818125 0.75 0.2351025
v -0.137560625 0.8125 0.25902
v -0.089725625 0.75 0.374505
v -0.137560625 0.8125 0.25902
v -0.137560625 0.75 0.25902
v -0.089725625 0.8125 0.374505
v -0.031983125 0.75 0.3505875
v -0.089725625 0.8125 0.374505
v -0.089725625 0.75 0.374505
v -0.031983125 0.8125 0.3505875
v -0.079818125 0.75 0.2351025
v -0.031983125 0.8125 0.3505875
v -0.031983125 0.75 0.3505875
v -0.079818125 0.8125 0.2351025
v -0.031983125 0.8125 0.3505875
v -0.137560625 0.8125 0.25902
v -0.089725625 0.8125 0.374505
v -0.079818125 0.8125 0.2351025
v -0.079818125 0.75 0.2351025
v -0.089725625 0.75 0.374505
v -0.137560625 0.75 0.25902
v -0.031983125 0.75 0.3505875
v -0.305834375 0.75 0.261071875
v -0.1326075 0.8125 0.18931875
v -0.1326075 0.75 0.18931875
v -0.305834375 0.8125 0.261071875
v -0.281916875 0.75 0.318814375
v -0.305834375 0.8125 0.261071875
v -0.305834375 0.75 0.261071875
v -0.281916875 0.8125 0.318814375
v -0.108689375 0.75 0.24706125
v -0.281916875 0.8125 0.318814375
v -0.281916875 0.75 0.318814375
v -0.108689375 0.8125 0.24706125
v -0.1326075 0.75 0.18931875
v -0.108689375 0.8125 0.24706125
v -0.108689375 0.75 0.24706125
v -0.1326075 0.8125 0.18931875
v -0.108689375 0.8125 0.24706125
v -0.305834375 0.8125 0.261071875
v -0.281916875 0.8125 0.318814375
v -0.1326075 0.8125 0.18931875
v -0.1326075 0.75 0.18931875
v -0.281916875 0.75 0.318814375
v -0.305834375 0.75 0.261071875
v -0.108689375 0.75 0.24706125
v -0.23408125 0.75 0.434299375
v -0.060854375 0.8125 0.36254625
v -0.060854375 0.75 0.36254625
v -0.23408125 0.8125 0.434299375
v -0.21016375 0.75 0.492041875
v -0.23408125 0.8125 0.434299375
v -0.23408125 0.75 0.434299375
v -0.21016375 0.8125 0.492041875
v -0.03693625 0.75 0.42028875
v -0.21016375 0.8125 0.492041875
v -0.21016375 0.75 0.492041875
v -0.03693625 0.8125 0.42028875
v -0.060854375 0.75 0.36254625
v -0.03693625 0.8125 0.42028875
v -0.03693625 0.75 0.42028875
v -0.060854375 0.8125 0.36254625
v -0.03693625 0.8125 0.42028875
v -0.23408125 0.8125 0.434299375
v -0.21016375 0.8125 0.492041875
v -0.060854375 0.8125 0.36254625
v -0.060854375 0.75 0.36254625
v -0.21016375 0.75 0.492041875
v -0.23408125 0.75 0.434299375
v -0.03693625 0.75 0.42028875
v -0.448760625 0.76875 -0.1329775
v -0.36792125 0.79375 -0.1664625
v -0.36792125 0.76875 -0.1664625
v -0.448760625 0.79375 -0.1329775
v -0.271769375 0.76875 0.29431625
v -0.448760625 0.79375 -0.1329775
v -0.448760625 0.76875 -0.1329775
v -0.271769375 0.79375 0.29431625
v -0.19093 0.76875 0.260831875
v -0.271769375 0.79375 0.29431625
v -0.271769375 0.76875 0.29431625
v -0.19093 0.79375 0.260831875
v -0.36792125 0.76875 -0.1664625
v -0.19093 0.79375 0.260831875
v -0.19093 0.76875 0.260831875
v -0.36792125 0.79375 -0.1664625
v -0.19093 0.79375 0.260831875
v -0.448760625 0.79375 -0.1329775
v -0.271769375 0.79375 0.29431625
v -0.36792125 0.79375 -0.1664625
v -0.36792125 0.76875 -0.1664625
v -0.271769375 0.76875 0.29431625
v -0.448760625 0.76875 -0.1329775
v -0.19093 0.76875 0.260831875
v -0.26326375 0.775 0.135199375
v -0.1939725 0.7875 0.106498125
v -0.1939725 0.775 0.106498125
v -0.26326375 0.7875 0.135199375
v -0.16527125 0.775 0.175789375
v -0.2345625 0.7875 0.204490625
v -0.2345625 0.775 0.204490625
v -0.16527125 0.7875 0.175789375
v -0.1939725 0.775 0.106498125
v -0.16527125 0.7875 0.175789375
v -0.16527125 0.775 0.175789375
v -0.1939725 0.7875 0.106498125
v -0.16527125 0.7875 0.175789375
v -0.26326375 0.7875 0.135199375
v -0.2345625 0.7875 0.204490625
v -0.1939725 0.7875 0.106498125
v -0.1939725 0.775 0.106498125
v -0.2345625 0.775 0.204490625
v -0.26326375 0.775 0.135199375
v -0.16527125 0.775 0.175789375
v -0.31109875 0.775 0.019714375
v -0.241808125 0.7875 -0.008986875
v -0.241808125 0.775 -0.008986875
v -0.31109875 0.7875 0.019714375
v -0.213106875 0.775 0.060304375
v -0.2823975 0.7875 0.089005625
v -0.2823975 0.775 0.089005625
v -0.213106875 0.7875 0.060304375
v -0.241808125 0.775 -0.008986875
v -0.213106875 0.7875 0.060304375
v -0.213106875 0.775 0.060304375
v -0.241808125 0.7875 -0.008986875
v -0.213106875 0.7875 0.060304375
v -0.31109875 0.7875 0.019714375
v -0.2823975 0.7875 0.089005625
v -0.241808125 0.7875 -0.008986875
v -0.241808125 0.775 -0.008986875
v -0.2823975 0.775 0.089005625
v -0.31109875 0.775 0.019714375
v -0.213106875 0.775 0.060304375
v -0.358934375 0.775 -0.095770625
v -0.289643125 0.7875 -0.124471875
v -0.289643125 0.775 -0.124471875
v -0.358934375 0.7875 -0.095770625
v -0.260941875 0.775 -0.055180625
v -0.330233125 0.7875 -0.026479375
v -0.330233125 0.775 -0.026479375
v -0.260941875 0.7875 -0.055180625
v -0.289643125 0.775 -0.124471875
v -0.260941875 0.7875 -0.055180625
v -0.260941875 0.775 -0.055180625
v -0.289643125 0.7875 -0.124471875
v -0.260941875 0.7875 -0.055180625
v -0.358934375 0.7875 -0.095770625
v -0.330233125 0.7875 -0.026479375
v -0.289643125 0.7875 -0.124471875
v -0.289643125 0.775 -0.124471875
v -0.330233125 0.775 -0.026479375
v -0.358934375 0.775 -0.095770625
v -0.260941875 0.775 -0.055180625
v -0.4645125 0.775 -0.1873375
v -0.39522125 0.7875 -0.21603875
v -0.39522125 0.775 -0.21603875
v -0.4645125 0.7875 -0.1873375
v -0.43581125 0.775 -0.118046875
v -0.4645125 0.7875 -0.1873375
v -0.4645125 0.775 -0.1873375
v -0.43581125 0.7875 -0.118046875
v -0.36652 0.775 -0.146748125
v -0.43581125 0.7875 -0.118046875
v -0.43581125 0.775 -0.118046875
v -0.36652 0.7875 -0.146748125
v -0.39522125 0.775 -0.21603875
v -0.36652 0.7875 -0.146748125
v -0.36652 0.775 -0.146748125
v -0.39522125 0.7875 -0.21603875
v -0.36652 0.7875 -0.146748125
v -0.4645125 0.7875 -0.1873375
v -0.43581125 0.7875 -0.118046875
v -0.39522125 0.7875 -0.21603875
v -0.39522125 0.775 -0.21603875
v -0.43581125 0.775 -0.118046875
v -0.4645125 0.775 -0.1873375
v -0.36652 0.775 -0.146748125
v 0.328125 0.865625 0.409375
v 0.384375 0.921875 0.409375
v 0.384375 0.865625 0.409375
v 0.328125 0.921875 0.409375
v 0.384375 0.865625 0.465625
v 0.328125 0.921875 0.465625
v 0.328125 0.865625 0.465625
v 0.384375 0.921875 0.465625
v 0.384375 0.865625 0.409375
v 0.384375 0.921875 0.465625
v 0.384375 0.865625 0.465625
v 0.384375 0.921875 0.409375
v 0.384375 0.865625 0.409375
v 0.328125 0.865625 0.465625
v 0.328125 0.865625 0.409375
v 0.384375 0.865625 0.465625
v 0.178125 0.865625 0.409375
v 0.234375 0.921875 0.409375
v 0.234375 0.865625 0.409375
v 0.178125 0.921875 0.409375
v 0.178125 0.865625 0.465625
v 0.178125 0.921875 0.409375
v 0.178125 0.865625 0.409375
v 0.178125 0.921875 0.465625
v 0.234375 0.865625 0.465625
v 0.178125 0.921875 0.465625
v 0.178125 0.865625 0.465625
v 0.234375 0.921875 0.465625
v 0.234375 0.921875 0.465625
v 0.178125 0.921875 0.409375
v 0.178125 0.921875 0.465625
v 0.234375 0.921875 0.409375
v 0.234375 0.865625 0.409375
v 0.178125 0.865625 0.465625
v 0.178125 0.865625 0.409375
v 0.234375 0.865625 0.465625
v 0.384375 0.921875 0.465625
v 0.328125 0.921875 0.409375
v 0.328125 0.921875 0.465625
v 0.384375 0.921875 0.409375
v 0.328125 0.921875 0.465625
v 0.328125 0.865625 0.409375
v 0.328125 0.865625 0.465625
v 0.328125 0.921875 0.409375
v 0.234375 0.865625 0.409375
v 0.234375 0.921875 0.465625
v 0.234375 0.865625 0.465625
v 0.234375 0.921875 0.409375
v 0.3787975 1.02188 0.268040625
v 0.417301875 1.16795875 0.309388125
v 0.4512425 1.04129125 0.268040625
v 0.3448575 1.1485475 0.309388125
v 0.384635 1.000095 0.33957
v 0.3448575 1.1485475 0.309388125
v 0.3787975 1.02188 0.268040625
v 0.350694375 1.126763125 0.380916875
v 0.457079375 1.019506875 0.33957
v 0.350694375 1.126763125 0.380916875
v 0.384635 1.000095 0.33957
v 0.42313875 1.146174375 0.380916875
v 0.4512425 1.04129125 0.268040625
v 0.42313875 1.146174375 0.380916875
v 0.457079375 1.019506875 0.33957
v 0.417301875 1.16795875 0.309388125
v 0.42313875 1.146174375 0.380916875
v 0.3448575 1.1485475 0.309388125
v 0.350694375 1.126763125 0.380916875
v 0.417301875 1.16795875 0.309388125
v 0.4512425 1.04129125 0.268040625
v 0.384635 1.000095 0.33957
v 0.3787975 1.02188 0.268040625
v 0.457079375 1.019506875 0.33957
v 0.375045625 1.1083275 0.353168125
v 0.40201125 1.152579375 0.364444375
v 0.4112675 1.118033125 0.353168125
v 0.36578875 1.142873125 0.364444375
v 0.377964375 1.097435625 0.3889325
v 0.36578875 1.142873125 0.364444375
v 0.375045625 1.1083275 0.353168125
v 0.3687075 1.13198125 0.40020875
v 0.41418625 1.10714125 0.3889325
v 0.3687075 1.13198125 0.40020875
v 0.377964375 1.097435625 0.3889325
v 0.40493 1.141686875 0.40020875
v 0.4112675 1.118033125 0.353168125
v 0.40493 1.141686875 0.40020875
v 0.41418625 1.10714125 0.3889325
v 0.40201125 1.152579375 0.364444375
v 0.40493 1.141686875 0.40020875
v 0.36578875 1.142873125 0.364444375
v 0.3687075 1.13198125 0.40020875
v 0.40201125 1.152579375 0.364444375
v 0.0655 0.900930625 0.2669925
v 0.18884125 1.023173125 0.2669925
v 0.150018125 0.878284375 0.2669925
v 0.1043225 1.045819375 0.2669925
v 0.0655 0.900930625 0.3544925
v 0.1043225 1.045819375 0.2669925
v 0.0655 0.900930625 0.2669925
v 0.1043225 1.045819375 0.3544925
v 0.150018125 0.878284375 0.3544925
v 0.1043225 1.045819375 0.3544925
v 0.0655 0.900930625 0.3544925
v 0.18884125 1.023173125 0.3544925
v 0.150018125 0.878284375 0.2669925
v 0.18884125 1.023173125 0.3544925
v 0.150018125 0.878284375 0.3544925
v 0.18884125 1.023173125 0.2669925
v 0.18884125 1.023173125 0.3544925
v 0.1043225 1.045819375 0.2669925
v 0.1043225 1.045819375 0.3544925
v 0.18884125 1.023173125 0.2669925
v 0.150018125 0.878284375 0.2669925
v 0.0655 0.900930625 0.3544925
v 0.0655 0.900930625 0.2669925
v 0.150018125 0.878284375 0.3544925
v 0.41248125 0.878284375 0.2669925
v 0.458176875 1.045819375 0.2669925
v 0.497 0.900930625 0.2669925
v 0.37365875 1.023173125 0.2669925
v 0.41248125 0.878284375 0.3544925
v 0.37365875 1.023173125 0.2669925
v 0.41248125 0.878284375 0.2669925
v 0.37365875 1.023173125 0.3544925
v 0.497 0.900930625 0.3544925
v 0.37365875 1.023173125 0.3544925
v 0.41248125 0.878284375 0.3544925
v 0.458176875 1.045819375 0.3544925
v 0.497 0.900930625 0.2669925
v 0.458176875 1.045819375 0.3544925
v 0.497 0.900930625 0.3544925
v 0.458176875 1.045819375 0.2669925
v 0.458176875 1.045819375 0.3544925
v 0.37365875 1.023173125 0.2669925
v 0.37365875 1.023173125 0.3544925
v 0.458176875 1.045819375 0.2669925
v 0.497 0.900930625 0.2669925
v 0.41248125 0.878284375 0.3544925
v 0.41248125 0.878284375 0.2669925
v 0.497 0.900930625 0.3544925
v 0.111258125 1.041290625 0.268040625
v 0.217643125 1.148546875 0.309388125
v 0.1837025 1.021879375 0.268040625
v 0.14519875 1.16795875 0.309388125
v 0.105420625 1.01950625 0.339569375
v 0.14519875 1.16795875 0.309388125
v 0.111258125 1.041290625 0.268040625
v 0.13936125 1.146174375 0.380916875
v 0.177865 1.000095 0.339569375
v 0.13936125 1.146174375 0.380916875
v 0.105420625 1.01950625 0.339569375
v 0.211805625 1.1267625 0.380916875
v 0.1837025 1.021879375 0.268040625
v 0.211805625 1.1267625 0.380916875
v 0.177865 1.000095 0.339569375
v 0.217643125 1.148546875 0.309388125
v 0.211805625 1.1267625 0.380916875
v 0.14519875 1.16795875 0.309388125
v 0.13936125 1.146174375 0.380916875
v 0.217643125 1.148546875 0.309388125
v 0.1837025 1.021879375 0.268040625
v 0.105420625 1.01950625 0.339569375
v 0.111258125 1.041290625 0.268040625
v 0.177865 1.000095 0.339569375
v 0.127084375 1.12450375 0.353168125
v 0.172563125 1.14934375 0.364444375
v 0.16330625 1.114798125 0.353168125
v 0.136340625 1.159049375 0.364444375
v 0.124165625 1.11361125 0.3889325
v 0.136340625 1.159049375 0.364444375
v 0.127084375 1.12450375 0.353168125
v 0.1334225 1.148156875 0.40020875
v 0.160388125 1.103905625 0.3889325
v 0.1334225 1.148156875 0.40020875
v 0.124165625 1.11361125 0.3889325
v 0.169644375 1.13845125 0.40020875
v 0.16330625 1.114798125 0.353168125
v 0.169644375 1.13845125 0.40020875
v 0.160388125 1.103905625 0.3889325
v 0.172563125 1.14934375 0.364444375
v 0.169644375 1.13845125 0.40020875
v 0.136340625 1.159049375 0.364444375
v 0.1334225 1.148156875 0.40020875
v 0.172563125 1.14934375 0.364444375
v 0.16330625 1.114798125 0.353168125
v 0.124165625 1.11361125 0.3889325
v 0.127084375 1.12450375 0.353168125
v 0.160388125 1.103905625 0.3889325
v 0.1875 0.9375 0.3125
v 0.375 1.125 0.3125
v 0.375 0.9375 0.3125
v 0.1875 1.125 0.3125
v 0.1875 0.9375 0.5
v 0.1875 1.125 0.3125
v 0.1875 0.9375 0.3125
v 0.1875 1.125 0.5
v 0.375 0.9375 0.5
v 0.1875 1.125 0.5
v 0.1875 0.9375 0.5
v 0.375 1.125 0.5
v 0.375 0.9375 0.3125
v 0.375 1.125 0.5
v 0.375 0.9375 0.5
v 0.375 1.125 0.3125
v 0.375 1.125 0.5
v 0.1875 1.125 0.3125
v 0.1875 1.125 0.5
v 0.375 1.125 0.3125
v 0.375 0.9375 0.3125
v 0.1875 0.9375 0.5
v 0.1875 0.9375 0.3125
v 0.375 0.9375 0.5
v -0.50625 0.68125 -0.50625
v -0.24375 0.75625 -0.50625
v -0.24375 0.68125 -0.50625
v -0.50625 0.75625 -0.50625
v -0.50625 0.68125 -0.24375
v -0.50625 0.75625 -0.50625
v -0.50625 0.68125 -0.50625
v -0.50625 0.75625 -0.24375
v -0.24375 0.68125 -0.24375
v -0.50625 0.75625 -0.24375
v -0.50625 0.68125 -0.24375
v -0.24375 0.75625 -0.24375
v -0.24375 0.68125 -0.50625
v -0.24375 0.75625 -0.24375
v -0.24375 0.68125 -0.24375
v -0.24375 0.75625 -0.50625
v -0.24375 0.75625 -0.24375
v -0.50625 0.75625 -0.50625
v -0.50625 0.75625 -0.24375
v -0.24375 0.75625 -0.50625
v -0.24375 0.68125 -0.50625
v -0.50625 0.68125 -0.24375
v -0.50625 0.68125 -0.50625
v -0.24375 0.68125 -0.24375
v -0.50625 0.68125 0.36875
v -0.36875 0.75625 0.36875
v -0.36875 0.68125 0.36875
v -0.50625 0.75625 0.36875
v -0.50625 0.68125 0.50625
v -0.50625 0.75625 0.36875
v -0.50625 0.68125 0.36875
v -0.50625 0.75625 0.50625
v -0.36875 0.68125 0.50625
v -0.50625 0.75625 0.50625
v -0.50625 0.68125 0.50625
v -0.36875 0.75625 0.50625
v -0.36875 0.68125 0.36875
v -0.36875 0.75625 0.50625
v -0.36875 0.68125 0.50625
v -0.36875 0.75625 0.36875
v -0.36875 0.75625 0.50625
v -0.50625 0.75625 0.36875
v -0.50625 0.75625 0.50625
v -0.36875 0.75625 0.36875
v -0.36875 0.68125 0.36875
v -0.50625 0.68125 0.50625
v -0.50625 0.68125 0.36875
v -0.36875 0.68125 0.50625
v 0.425 0.89375 0.025
v 0.5375 0.94375 0.025
v 0.5375 0.89375 0.025
v 0.425 0.94375 0.025
v 0.425 0.89375 0.1375
v 0.425 0.94375 0.025
v 0.425 0.89375 0.025
v 0.425 0.94375 0.1375
v 0.5375 0.89375 0.1375
v 0.425 0.94375 0.1375
v 0.425 0.89375 0.1375
v 0.5375 0.94375 0.1375
v 0.5375 0.89375 0.025
v 0.5375 0.94375 0.1375
v 0.5375 0.89375 0.1375
v 0.5375 0.94375 0.025
v 0.5375 0.94375 0.1375
v 0.425 0.94375 0.025
v 0.425 0.94375 0.1375
v 0.5375 0.94375 0.025
v 0.5375 0.89375 0.025
v 0.425 0.89375 0.1375
v 0.425 0.89375 0.025
v 0.5375 0.89375 0.1375
v 0.36875 0.68125 0.30625
v 0.50625 0.75625 0.30625
v 0.50625 0.68125 0.30625
v 0.36875 0.75625 0.30625
v 0.36875 0.68125 0.50625
v 0.36875 0.75625 0.30625
v 0.36875 0.68125 0.30625
v 0.36875 0.75625 0.50625
v 0.50625 0.68125 0.50625
v 0.36875 0.75625 0.50625
v 0.36875 0.68125 0.50625
v 0.50625 0.75625 0.50625
v 0.50625 0.68125 0.30625
v 0.50625 0.75625 0.50625
v 0.50625 0.68125 0.50625
v 0.50625 0.75625 0.30625
v 0.50625 0.75625 0.50625
v 0.36875 0.75625 0.30625
v 0.36875 0.75625 0.50625
v 0.50625 0.75625 0.30625
v 0.11875 0.68125 0.50625
v 0.11875 0.75625 0.43125
v 0.11875 0.68125 0.43125
v 0.11875 0.75625 0.50625
v 0.19375 0.68125 0.50625
v 0.11875 0.75625 0.50625
v 0.11875 0.68125 0.50625
v 0.19375 0.75625 0.50625
v 0.19375 0.68125 0.43125
v 0.19375 0.75625 0.50625
v 0.19375 0.68125 0.50625
v 0.19375 0.75625 0.43125
v 0.19375 0.75625 0.50625
v 0.11875 0.75625 0.43125
v 0.11875 0.75625 0.50625
v 0.19375 0.75625 0.43125
v 0.36875 0.68125 0.09375
v 0.44375 0.75625 0.09375
v 0.44375 0.68125 0.09375
v 0.36875 0.75625 0.09375
v 0.36875 0.68125 0.16875
v 0.36875 0.75625 0.09375
v 0.36875 0.68125 0.09375
v 0.36875 0.75625 0.16875
v 0.44375 0.68125 0.16875
v 0.36875 0.75625 0.16875
v 0.36875 0.68125 0.16875
v 0.44375 0.75625 0.16875
v 0.44375 0.68125 0.09375
v 0.44375 0.75625 0.16875
v 0.44375 0.68125 0.16875
v 0.44375 0.75625 0.09375
v 0.44375 0.75625 0.16875
v 0.36875 0.75625 0.09375
v 0.36875 0.75625 0.16875
v 0.44375 0.75625 0.09375
v 0.44375 0.68125 0.09375
v 0.36875 0.68125 0.16875
v 0.36875 0.68125 0.09375
v 0.44375 0.68125 0.16875
v -0.00625 0.68125 0.36875
v 0.06875 0.75625 0.36875
v 0.06875 0.68125 0.36875
v -0.00625 0.75625 0.36875
v -0.00625 0.68125 0.44375
v -0.00625 0.75625 0.36875
v -0.00625 0.68125 0.36875
v -0.00625 0.75625 0.44375
v 0.06875 0.68125 0.44375
v -0.00625 0.75625 0.44375
v -0.00625 0.68125 0.44375
v 0.06875 0.75625 0.44375
v 0.06875 0.68125 0.36875
v 0.06875 0.75625 0.44375
v 0.06875 0.68125 0.44375
v 0.06875 0.75625 0.36875
v 0.06875 0.75625 0.44375
v -0.00625 0.75625 0.36875
v -0.00625 0.75625 0.44375
v 0.06875 0.75625 0.36875
v 0.06875 0.68125 0.36875
v -0.00625 0.68125 0.44375
v -0.00625 0.68125 0.36875
v 0.06875 0.68125 0.44375
v -0.46875 0.75 -0.5
v -0.28125 0.8125 -0.5
v -0.28125 0.75 -0.5
v -0.46875 0.8125 -0.5
v -0.46875 0.75 -0.3125
v -0.46875 0.8125 -0.5
v -0.46875 0.75 -0.5
v -0.46875 0.8125 -0.3125
v -0.28125 0.75 -0.3125
v -0.46875 0.8125 -0.3125
v -0.46875 0.75 -0.3125
v -0.28125 0.8125 -0.3125
v -0.28125 0.75 -0.5
v -0.28125 0.8125 -0.3125
v -0.28125 0.75 -0.3125
v -0.28125 0.8125 -0.5
v -0.28125 0.8125 -0.3125
v -0.46875 0.8125 -0.5
v -0.46875 0.8125 -0.3125
v -0.28125 0.8125 -0.5
v -0.28125 0.75 -0.5
v -0.46875 0.75 -0.3125
v -0.46875 0.75 -0.5
v -0.28125 0.75 -0.3125
v 0.11875 0.68125 -0.50625
v 0.50625 0.75625 -0.50625
v 0.50625 0.68125 -0.50625
v 0.11875 0.75625 -0.50625
v 0.11875 0.68125 -0.24375
v 0.11875 0.75625 -0.50625
v 0.11875 0.68125 -0.50625
v 0.11875 0.75625 -0.24375
v 0.50625 0.68125 -0.24375
v 0.11875 0.75625 -0.24375
v 0.11875 0.68125 -0.24375
v 0.50625 0.75625 -0.24375
v 0.50625 0.68125 -0.50625
v 0.50625 0.75625 -0.24375
v 0.50625 0.68125 -0.24375
v 0.50625 0.75625 -0.50625
v 0.50625 0.75625 -0.24375
v 0.11875 0.75625 -0.50625
v 0.11875 0.75625 -0.24375
v 0.50625 0.75625 -0.50625
v 0.50625 0.68125 -0.50625
v 0.11875 0.68125 -0.24375
v 0.11875 0.68125 -0.50625
v 0.50625 0.68125 -0.24375
v 0.36875 0.68125 -0.24375
v 0.50625 0.75625 -0.24375
v 0.50625 0.68125 -0.24375
v 0.36875 0.75625 -0.24375
v 0.36875 0.68125 0.01875
v 0.36875 0.75625 -0.24375
v 0.36875 0.68125 -0.24375
v 0.36875 0.75625 0.01875
v 0.50625 0.68125 0.01875
v 0.36875 0.75625 0.01875
v 0.36875 0.68125 0.01875
v 0.50625 0.75625 0.01875
v 0.50625 0.68125 -0.24375
v 0.50625 0.75625 0.01875
v 0.50625 0.68125 0.01875
v 0.50625 0.75625 -0.24375
v 0.50625 0.75625 0.01875
v 0.36875 0.75625 -0.24375
v 0.36875 0.75625 0.01875
v 0.50625 0.75625 -0.24375
v 0.50625 0.68125 -0.24375
v 0.36875 0.68125 0.01875
v 0.36875 0.68125 -0.24375
v 0.50625 0.68125 0.01875
v 0.3625 0.7 -0.40625
v 0.5 0.775 -0.40625
v 0.5 0.7 -0.40625
v 0.3625 0.775 -0.40625
v 0.3625 0.7 -0.33125
v 0.3625 0.775 -0.40625
v 0.3625 0.7 -0.40625
v 0.3625 0.775 -0.33125
v 0.5 0.7 -0.33125
v 0.3625 0.775 -0.33125
v 0.3625 0.7 -0.33125
v 0.5 0.775 -0.33125
v 0.5 0.7 -0.40625
v 0.5 0.775 -0.33125
v 0.5 0.7 -0.33125
v 0.5 0.775 -0.40625
v 0.5 0.775 -0.33125
v 0.3625 0.775 -0.40625
v 0.3625 0.775 -0.33125
v 0.5 0.775 -0.40625
v 0.05625 0.68125 -0.38125
v 0.13125 0.75625 -0.38125
v 0.13125 0.68125 -0.38125
v 0.05625 0.75625 -0.38125
v 0.05625 0.68125 -0.30625
v 0.05625 0.75625 -0.38125
v 0.05625 0.68125 -0.38125
v 0.05625 0.75625 -0.30625
v 0.13125 0.68125 -0.30625
v 0.05625 0.75625 -0.30625
v 0.05625 0.68125 -0.30625
v 0.13125 0.75625 -0.30625
v 0.13125 0.68125 -0.38125
v 0.13125 0.75625 -0.30625
v 0.13125 0.68125 -0.30625
v 0.13125 0.75625 -0.38125
v 0.13125 0.75625 -0.30625
v 0.05625 0.75625 -0.38125
v 0.05625 0.75625 -0.30625
v 0.13125 0.75625 -0.38125
v 0.13125 0.68125 -0.38125
v 0.05625 0.68125 -0.30625
v 0.05625 0.68125 -0.38125
v 0.13125 0.68125 -0.30625
v 0.30625 0.68125 -0.00625
v 0.38125 0.75625 -0.00625
v 0.38125 0.68125 -0.00625
v 0.30625 0.75625 -0.00625
v 0.30625 0.68125 0.06875
v 0.30625 0.75625 -0.00625
v 0.30625 0.68125 -0.00625
v 0.30625 0.75625 0.06875
v 0.38125 0.68125 0.06875
v 0.30625 0.75625 0.06875
v 0.30625 0.68125 0.06875
v 0.38125 0.75625 0.06875
v 0.38125 0.68125 -0.00625
v 0.38125 0.75625 0.06875
v 0.38125 0.68125 0.06875
v 0.38125 0.75625 -0.00625
v 0.38125 0.75625 0.06875
v 0.30625 0.75625 -0.00625
v 0.30625 0.75625 0.06875
v 0.38125 0.75625 -0.00625
v 0.38125 0.68125 -0.00625
v 0.30625 0.68125 0.06875
v 0.30625 0.68125 -0.00625
v 0.38125 0.68125 0.06875
v -0.11875 0.90625 -0.4875
v 0.00625 0.96875 -0.4875
v 0.00625 0.90625 -0.4875
v -0.11875 0.96875 -0.4875
v -0.11875 0.90625 -0.3625
v -0.11875 0.96875 -0.4875
v -0.11875 0.90625 -0.4875
v -0.11875 0.96875 -0.3625
v 0.00625 0.90625 -0.3625
v -0.11875 0.96875 -0.3625
v -0.11875 0.90625 -0.3625
v 0.00625 0.96875 -0.3625
v 0.00625 0.90625 -0.4875
v 0.00625 0.96875 -0.3625
v 0.00625 0.90625 -0.3625
v 0.00625 0.96875 -0.4875
v 0.00625 0.96875 -0.3625
v -0.11875 0.96875 -0.4875
v -0.11875 0.96875 -0.3625
v 0.00625 0.96875 -0.4875
v 0.00625 0.90625 -0.4875
v -0.11875 0.90625 -0.3625
v -0.11875 0.90625 -0.4875
v 0.00625 0.90625 -0.3625
v 0.125 0.35 0.34375
v 0.1875 0.4125 0.34375
v 0.1875 0.35 0.34375
v 0.125 0.4125 0.34375
v 0.125 0.35 0.40625
v 0.125 0.4125 0.34375
v 0.125 0.35 0.34375
v 0.125 0.4125 0.40625
v 0.1875 0.35 0.40625
v 0.125 0.4125 0.40625
v 0.125 0.35 0.40625
v 0.1875 0.4125 0.40625
v 0.1875 0.35 0.34375
v 0.1875 0.4125 0.40625
v 0.1875 0.35 0.40625
v 0.1875 0.4125 0.34375
v 0.1875 0.4125 0.40625
v 0.125 0.4125 0.34375
v 0.125 0.4125 0.40625
v 0.1875 0.4125 0.34375
v 0.1875 0.35 0.34375
v 0.125 0.35 0.40625
v 0.125 0.35 0.34375
v 0.1875 0.35 0.40625
v 0.15625 0.35 0.40625
v 0.21875 0.4125 0.40625
v 0.21875 0.35 0.40625
v 0.15625 0.4125 0.40625
v 0.15625 0.35 0.46875
v 0.15625 0.4125 0.40625
v 0.15625 0.35 0.40625
v 0.15625 0.4125 0.46875
v 0.21875 0.35 0.46875
v 0.15625 0.4125 0.46875
v 0.15625 0.35 0.46875
v 0.21875 0.4125 0.46875
v 0.21875 0.35 0.40625
v 0.21875 0.4125 0.46875
v 0.21875 0.35 0.46875
v 0.21875 0.4125 0.40625
v 0.21875 0.4125 0.46875
v 0.15625 0.4125 0.40625
v 0.15625 0.4125 0.46875
v 0.21875 0.4125 0.40625
v 0.21875 0.35 0.40625
v 0.15625 0.35 0.46875
v 0.15625 0.35 0.40625
v 0.21875 0.35 0.46875
v 0.03125 0.35 0.40625
v 0.09375 0.4125 0.40625
v 0.09375 0.35 0.40625
v 0.03125 0.4125 0.40625
v 0.03125 0.35 0.46875
v 0.03125 0.4125 0.40625
v 0.03125 0.35 0.40625
v 0.03125 0.4125 0.46875
v 0.09375 0.35 0.46875
v 0.03125 0.4125 0.46875
v 0.03125 0.35 0.46875
v 0.09375 0.4125 0.46875
v 0.09375 0.35 0.40625
v 0.09375 0.4125 0.46875
v 0.09375 0.35 0.46875
v 0.09375 0.4125 0.40625
v 0.09375 0.4125 0.46875
v 0.03125 0.4125 0.40625
v 0.03125 0.4125 0.46875
v 0.09375 0.4125 0.40625
v 0.09375 0.35 0.40625
v 0.03125 0.35 0.46875
v 0.03125 0.35 0.40625
v 0.09375 0.35 0.46875
v 0.15625 0.4125 0.34375
v 0.21875 0.475 0.34375
v 0.21875 0.4125 0.34375
v 0.15625 0.475 0.34375
v 0.15625 0.4125 0.40625
v 0.15625 0.475 0.34375
v 0.15625 0.4125 0.34375
v 0.15625 0.475 0.40625
v 0.21875 0.4125 0.40625
v 0.15625 0.475 0.40625
v 0.15625 0.4125 0.40625
v 0.21875 0.475 0.40625
v 0.21875 0.4125 0.34375
v 0.21875 0.475 0.40625
v 0.21875 0.4125 0.40625
v 0.21875 0.475 0.34375
v 0.21875 0.475 0.40625
v 0.15625 0.475 0.34375
v 0.15625 0.475 0.40625
v 0.21875 0.475 0.34375
v 0.21875 0.4125 0.34375
v 0.15625 0.4125 0.40625
v 0.15625 0.4125 0.34375
v 0.21875 0.4125 0.40625
v -0.03125 0.75 -0.40625
v 0.03125 0.8125 -0.40625
v 0.03125 0.75 -0.40625
v -0.03125 0.8125 -0.40625
v -0.03125 0.75 -0.34375
v -0.03125 0.8125 -0.40625
v -0.03125 0.75 -0.40625
v -0.03125 0.8125 -0.34375
v 0.03125 0.75 -0.34375
v -0.03125 0.8125 -0.34375
v -0.03125 0.75 -0.34375
v 0.03125 0.8125 -0.34375
v 0.03125 0.75 -0.40625
v 0.03125 0.8125 -0.34375
v 0.03125 0.75 -0.34375
v 0.03125 0.8125 -0.40625
v 0.03125 0.8125 -0.34375
v -0.03125 0.8125 -0.40625
v -0.03125 0.8125 -0.34375
v 0.03125 0.8125 -0.40625
v 0.03125 0.75 -0.40625
v -0.03125 0.75 -0.34375
v -0.03125 0.75 -0.40625
v 0.03125 0.75 -0.34375
v 0.03125 0.75 -0.46875
v 0.09375 0.8125 -0.46875
v 0.09375 0.75 -0.46875
v 0.03125 0.8125 -0.46875
v 0.03125 0.75 -0.40625
v 0.03125 0.8125 -0.46875
v 0.03125 0.75 -0.46875
v 0.03125 0.8125 -0.40625
v 0.09375 0.75 -0.40625
v 0.03125 0.8125 -0.40625
v 0.03125 0.75 -0.40625
v 0.09375 0.8125 -0.40625
v 0.09375 0.75 -0.46875
v 0.09375 0.8125 -0.40625
v 0.09375 0.75 -0.40625
v 0.09375 0.8125 -0.46875
v 0.09375 0.8125 -0.40625
v 0.03125 0.8125 -0.46875
v 0.03125 0.8125 -0.40625
v 0.09375 0.8125 -0.46875
v 0.09375 0.75 -0.46875
v 0.03125 0.75 -0.40625
v 0.03125 0.75 -0.46875
v 0.09375 0.75 -0.40625
v 0 0.8125 -0.4375
v 0.0625 0.875 -0.4375
v 0.0625 0.8125 -0.4375
v 0 0.875 -0.4375
v 0 0.8125 -0.375
v 0 0.875 -0.4375
v 0 0.8125 -0.4375
v 0 0.875 -0.375
v 0.0625 0.8125 -0.375
v 0 0.875 -0.375
v 0 0.8125 -0.375
v 0.0625 0.875 -0.375
v 0.0625 0.8125 -0.4375
v 0.0625 0.875 -0.375
v 0.0625 0.8125 -0.375
v 0.0625 0.875 -0.4375
v 0.0625 0.875 -0.375
v 0 0.875 -0.4375
v 0 0.875 -0.375
v 0.0625 0.875 -0.4375
v 0.0625 0.8125 -0.4375
v 0 0.8125 -0.375
v 0 0.8125 -0.4375
v 0.0625 0.8125 -0.375
v 0.125 0.35 -0.40625
v 0.1875 0.4125 -0.40625
v 0.1875 0.35 -0.40625
v 0.125 0.4125 -0.40625
v 0.125 0.35 -0.34375
v 0.125 0.4125 -0.40625
v 0.125 0.35 -0.40625
v 0.125 0.4125 -0.34375
v 0.1875 0.35 -0.34375
v 0.125 0.4125 -0.34375
v 0.125 0.35 -0.34375
v 0.1875 0.4125 -0.34375
v 0.1875 0.35 -0.40625
v 0.1875 0.4125 -0.34375
v 0.1875 0.35 -0.34375
v 0.1875 0.4125 -0.40625
v 0.1875 0.4125 -0.34375
v 0.125 0.4125 -0.40625
v 0.125 0.4125 -0.34375
v 0.1875 0.4125 -0.40625
v 0.1875 0.35 -0.40625
v 0.125 0.35 -0.34375
v 0.125 0.35 -0.40625
v 0.1875 0.35 -0.34375
v 0.15625 0.35 -0.46875
v 0.21875 0.4125 -0.46875
v 0.21875 0.35 -0.46875
v 0.15625 0.4125 -0.46875
v 0.15625 0.35 -0.40625
v 0.15625 0.4125 -0.46875
v 0.15625 0.35 -0.46875
v 0.15625 0.4125 -0.40625
v 0.21875 0.35 -0.40625
v 0.15625 0.4125 -0.40625
v 0.15625 0.35 -0.40625
v 0.21875 0.4125 -0.40625
v 0.21875 0.35 -0.46875
v 0.21875 0.4125 -0.40625
v 0.21875 0.35 -0.40625
v 0.21875 0.4125 -0.46875
v 0.21875 0.4125 -0.40625
v 0.15625 0.4125 -0.46875
v 0.15625 0.4125 -0.40625
v 0.21875 0.4125 -0.46875
v 0.21875 0.35 -0.46875
v 0.15625 0.35 -0.40625
v 0.15625 0.35 -0.46875
v 0.21875 0.35 -0.40625
v 0.03125 0.35 -0.46875
v 0.09375 0.4125 -0.46875
v 0.09375 0.35 -0.46875
v 0.03125 0.4125 -0.46875
v 0.03125 0.35 -0.40625
v 0.03125 0.4125 -0.46875
v 0.03125 0.35 -0.46875
v 0.03125 0.4125 -0.40625
v 0.09375 0.35 -0.40625
v 0.03125 0.4125 -0.40625
v 0.03125 0.35 -0.40625
v 0.09375 0.4125 -0.40625
v 0.09375 0.35 -0.46875
v 0.09375 0.4125 -0.40625
v 0.09375 0.35 -0.40625
v 0.09375 0.4125 -0.46875
v 0.09375 0.4125 -0.40625
v 0.03125 0.4125 -0.46875
v 0.03125 0.4125 -0.40625
v 0.09375 0.4125 -0.46875
v 0.09375 0.35 -0.46875
v 0.03125 0.35 -0.40625
v 0.03125 0.35 -0.46875
v 0.09375 0.35 -0.40625
v 0.15625 0.4125 -0.40625
v 0.21875 0.475 -0.40625
v 0.21875 0.4125 -0.40625
v 0.15625 0.475 -0.40625
v 0.15625 0.4125 -0.34375
v 0.15625 0.475 -0.40625
v 0.15625 0.4125 -0.40625
v 0.15625 0.475 -0.34375
v 0.21875 0.4125 -0.34375
v 0.15625 0.475 -0.34375
v 0.15625 0.4125 -0.34375
v 0.21875 0.475 -0.34375
v 0.21875 0.4125 -0.40625
v 0.21875 0.475 -0.34375
v 0.21875 0.4125 -0.34375
v 0.21875 0.475 -0.40625
v 0.21875 0.475 -0.34375
v 0.15625 0.475 -0.40625
v 0.15625 0.475 -0.34375
v 0.21875 0.475 -0.40625
v 0.21875 0.4125 -0.40625
v 0.15625 0.4125 -0.34375
v 0.15625 0.4125 -0.40625
v 0.21875 0.4125 -0.34375
v -0.375 0.18125 -0.3125
v 0.375 0.55625 -0.3125
v 0.375 0.18125 -0.3125
v -0.375 0.55625 -0.3125
v -0.375 0.18125 0.3125
v -0.375 0.55625 -0.3125
v -0.375 0.18125 -0.3125
v -0.375 0.55625 0.3125
v 0.375 0.18125 0.3125
v -0.375 0.55625 0.3125
v -0.375 0.18125 0.3125
v 0.375 0.55625 0.3125
v 0.375 0.18125 -0.3125
v 0.375 0.55625 0.3125
v 0.375 0.18125 0.3125
v 0.375 0.55625 -0.3125
v 0.375 0.55625 0.3125
v -0.375 0.55625 -0.3125
v -0.375 0.55625 0.3125
v 0.375 0.55625 -0.3125
v 0.375 0.18125 -0.3125
v -0.375 0.18125 0.3125
v -0.375 0.18125 -0.3125
v 0.375 0.18125 0.3125
v 0.1846575 0.873375625 0.413833125
v 0.222014375 0.8922075 0.44642625
v 0.222014375 0.870698125 0.415708125
v 0.1846575 0.894884375 0.444551875
v 0.175941875 0.791771875 0.4709725
v 0.1846575 0.894884375 0.444551875
v 0.1846575 0.873375625 0.413833125
v 0.175941875 0.81328125 0.501690625
v 0.213299375 0.789094375 0.4728475
v 0.175941875 0.81328125 0.501690625
v 0.175941875 0.791771875 0.4709725
v 0.213299375 0.81060375 0.503565625
v 0.213299375 0.81060375 0.503565625
v 0.1846575 0.894884375 0.444551875
v 0.175941875 0.81328125 0.501690625
v 0.222014375 0.8922075 0.44642625
v 0.222014375 0.870698125 0.415708125
v 0.175941875 0.791771875 0.4709725
v 0.1846575 0.873375625 0.413833125
v 0.213299375 0.789094375 0.4728475
v 0.340485 0.870698125 0.415708125
v 0.3778425 0.894884375 0.444551875
v 0.3778425 0.873375625 0.413833125
v 0.340485 0.892206875 0.44642625
v 0.386558125 0.791771875 0.4709725
v 0.349200625 0.81060375 0.503565625
v 0.349200625 0.789094375 0.4728475
v 0.386558125 0.81328125 0.50169125
v 0.3778425 0.873375625 0.413833125
v 0.386558125 0.81328125 0.50169125
v 0.386558125 0.791771875 0.4709725
v 0.3778425 0.894884375 0.444551875
v 0.386558125 0.81328125 0.50169125
v 0.340485 0.892206875 0.44642625
v 0.349200625 0.81060375 0.503565625
v 0.3778425 0.894884375 0.444551875
v 0.3778425 0.873375625 0.413833125
v 0.349200625 0.789094375 0.4728475
v 0.340485 0.870698125 0.415708125
v 0.386558125 0.791771875 0.4709725
v 0.222014375 0.8922075 0.44642625
v 0.213299375 0.789094375 0.4728475
v 0.222014375 0.870698125 0.415708125
v 0.213299375 0.81060375 0.503565625
v 0.349200625 0.81060375 0.503565625
v 0.340485 0.870698125 0.415708125
v 0.349200625 0.789094375 0.4728475
v 0.340485 0.892206875 0.44642625
v 0.221875 0.746875 0.496875
v 0.221875 0.803125 0.378125
v 0.221875 0.746875 0.378125
v 0.221875 0.803125 0.496875
v 0.278125 0.746875 0.496875
v 0.221875 0.803125 0.496875
v 0.221875 0.746875 0.496875
v 0.278125 0.803125 0.496875
v 0.278125 0.746875 0.378125
v 0.278125 0.803125 0.496875
v 0.278125 0.746875 0.496875
v 0.278125 0.803125 0.378125
v 0.278125 0.803125 0.496875
v 0.221875 0.803125 0.378125
v 0.221875 0.803125 0.496875
v 0.278125 0.803125 0.378125
v 0.278125 0.746875 0.378125
v 0.221875 0.746875 0.496875
v 0.221875 0.746875 0.378125
v 0.278125 0.746875 0.496875
v 0.225 0.768095625 0.459314375
v 0.275 0.800235 0.497616875
v 0.275 0.768095625 0.459314375
v 0.225 0.800235 0.497616875
v 0.225 0.68191625 0.531628125
v 0.225 0.800235 0.497616875
v 0.225 0.768095625 0.459314375
v 0.225 0.714055 0.569930625
v 0.275 0.68191625 0.531628125
v 0.225 0.714055 0.569930625
v 0.225 0.68191625 0.531628125
v 0.275 0.714055 0.569930625
v 0.275 0.768095625 0.459314375
v 0.275 0.714055 0.569930625
v 0.275 0.68191625 0.531628125
v 0.275 0.800235 0.497616875
v 0.275 0.714055 0.569930625
v 0.225 0.800235 0.497616875
v 0.225 0.714055 0.569930625
v 0.275 0.800235 0.497616875
v 0.275 0.768095625 0.459314375
v 0.225 0.68191625 0.531628125
v 0.225 0.768095625 0.459314375
v 0.275 0.68191625 0.531628125
v -0.125 0.875 -0.5
v 0.3125 0.9375 -0.5
v 0.3125 0.875 -0.5
v -0.125 0.9375 -0.5
v -0.125 0.875 -0.3125
v -0.125 0.9375 -0.5
v -0.125 0.875 -0.5
v -0.125 0.9375 -0.3125
v 0.3125 0.875 -0.3125
v -0.125 0.9375 -0.3125
v -0.125 0.875 -0.3125
v 0.3125 0.9375 -0.3125
v 0.3125 0.875 -0.5
v 0.3125 0.9375 -0.3125
v 0.3125 0.875 -0.3125
v 0.3125 0.9375 -0.5
v 0.3125 0.9375 -0.3125
v -0.125 0.9375 -0.5
v -0.125 0.9375 -0.3125
v 0.3125 0.9375 -0.5
v 0.3125 0.875 -0.5
v -0.125 0.875 -0.3125
v -0.125 0.875 -0.5
v 0.3125 0.875 -0.3125
v 0.3125 0.875 -0.5
v 0.5 0.9375 -0.5
v 0.5 0.875 -0.5
v 0.3125 0.9375 -0.5
v 0.3125 0.875 0.125
v 0.3125 0.9375 -0.5
v 0.3125 0.875 -0.5
v 0.3125 0.9375 0.125
v 0.5 0.875 0.125
v 0.3125 0.9375 0.125
v 0.3125 0.875 0.125
v 0.5 0.9375 0.125
v 0.5 0.875 -0.5
v 0.5 0.9375 0.125
v 0.5 0.875 0.125
v 0.5 0.9375 -0.5
v 0.5 0.9375 0.125
v 0.3125 0.9375 -0.5
v 0.3125 0.9375 0.125
v 0.5 0.9375 -0.5
v 0.5 0.875 -0.5
v 0.3125 0.875 0.125
v 0.3125 0.875 -0.5
v 0.5 0.875 0.125
v 0.40625 0.75 -0.46875
v 0.46875 0.9375 -0.46875
v 0.46875 0.75 -0.46875
v 0.40625 0.9375 -0.46875
v 0.40625 0.75 -0.40625
v 0.40625 0.9375 -0.46875
v 0.40625 0.75 -0.46875
v 0.40625 0.9375 -0.40625
v 0.46875 0.75 -0.40625
v 0.40625 0.9375 -0.40625
v 0.40625 0.75 -0.40625
v 0.46875 0.9375 -0.40625
v 0.46875 0.75 -0.46875
v 0.46875 0.9375 -0.40625
v 0.46875 0.75 -0.40625
v 0.46875 0.9375 -0.46875
v 0.46875 0.9375 -0.40625
v 0.40625 0.9375 -0.46875
v 0.40625 0.9375 -0.40625
v 0.46875 0.9375 -0.46875
v -0.09375 0.75 -0.4375
v -0.03125 0.875 -0.4375
v -0.03125 0.75 -0.4375
v -0.09375 0.875 -0.4375
v -0.09375 0.75 -0.375
v -0.09375 0.875 -0.4375
v -0.09375 0.75 -0.4375
v -0.09375 0.875 -0.375
v -0.03125 0.75 -0.375
v -0.09375 0.875 -0.375
v -0.09375 0.75 -0.375
v -0.03125 0.875 -0.375
v -0.03125 0.75 -0.4375
v -0.03125 0.875 -0.375
v -0.03125 0.75 -0.375
v -0.03125 0.875 -0.4375
v -0.03125 0.875 -0.375
v -0.09375 0.875 -0.4375
v -0.09375 0.875 -0.375
v -0.03125 0.875 -0.4375
v -0.03125 0.75 -0.4375
v -0.09375 0.75 -0.375
v -0.09375 0.75 -0.4375
v -0.03125 0.75 -0.375
v 0.40625 0.75 0.03125
v 0.46875 0.939330625 0.03125
v 0.46875 0.75 0.03125
v 0.40625 0.939330625 0.03125
v 0.40625 0.75 0.09375
v 0.40625 0.939330625 0.03125
v 0.40625 0.75 0.03125
v 0.40625 0.939330625 0.09375
v 0.46875 0.75 0.09375
v 0.40625 0.939330625 0.09375
v 0.40625 0.75 0.09375
v 0.46875 0.939330625 0.09375
v 0.46875 0.75 0.03125
v 0.46875 0.939330625 0.09375
v 0.46875 0.75 0.09375
v 0.46875 0.939330625 0.03125
v 0.46875 0.939330625 0.09375
v 0.40625 0.939330625 0.03125
v 0.40625 0.939330625 0.09375
v 0.46875 0.939330625 0.03125
v 0.21875 0.8125 0.34375
v 0.34375 0.9375 0.34375
v 0.34375 0.8125 0.34375
v 0.21875 0.9375 0.34375
v 0.21875 0.8125 0.46875
v 0.21875 0.9375 0.34375
v 0.21875 0.8125 0.34375
v 0.21875 0.9375 0.46875
v 0.34375 0.8125 0.46875
v 0.21875 0.9375 0.46875
v 0.21875 0.8125 0.46875
v 0.34375 0.9375 0.46875
v 0.34375 0.8125 0.34375
v 0.34375 0.9375 0.46875
v 0.34375 0.8125 0.46875
v 0.34375 0.9375 0.34375
v 0.34375 0.9375 0.34375
v 0.21875 0.9375 0.46875
v 0.34375 0.9375 0.46875
v 0.21875 0.9375 0.34375
v 0.21875 0.8125 0.46875
v 0.34375 0.8125 0.34375
v 0.34375 0.8125 0.46875
v 0.21875 0.8125 0.34375
v 0.390625 1.28125 -0.40625
v 0.375 1.3125 -0.40625
v 0.421875 1.28125 -0.40625
v 0.453125 1.25 -0.40625
v 0.421875 1.25 -0.40625
v 0.4375 1.3125 -0.40625
v 0.4375 1.296875 -0.40625
v 0.375 1.296875 -0.40625
v 0.390625 1.25 -0.40625
v 0.359375 1.25 -0.40625
v 0.359375 1.296875 -0.40625
v 0.453125 1.296875 -0.40625
v 0.4078125 0.09375 0.24375
v 0.50625 -0.00625 0.24375
v 0.309375 0.09375 0.24375
v 0.3421875 0.127083125 0.24375
v 0.309375 0.127083125 0.24375
v 0.2765625 0.09375 0.24375
v 0.4078125 0.127083125 0.24375
v 0.4734375 0.09375 0.24375
v 0.24375 -0.00625 0.24375
v 0.50625 0.060416875 0.24375
v 0.24375 0.09375 0.24375
v 0.24375 0.127083125 0.24375
v 0.2765625 0.127083125 0.24375
v 0.50625 0.127083125 0.24375
v 0.4734375 0.127083125 0.24375
v 0.4078125 0.09375 0.50625
v 0.3421875 0.09375 0.50625
v 0.24375 -0.00625 0.50625
v 0.50625 -0.00625 0.50625
v 0.440625 0.127083125 0.50625
v 0.4078125 0.160416875 0.50625
v 0.3421875 0.127083125 0.50625
v 0.2765625 0.127083125 0.50625
v 0.24375 0.160416875 0.50625
v 0.2765625 0.160416875 0.50625
v 0.375 0.14375 0.50625
v 0.3421875 0.160416875 0.50625
v 0.375 0.127083125 0.50625
v 0.375 0.160416875 0.50625
v 0.39140625 0.14375 0.50625
v 0.39140625 0.160416875 0.50625
v 0.440625 0.160416875 0.50625
v 0.4734375 0.127083125 0.50625
v 0.50625 0.19375 0.50625
v 0.4734375 0.19375 0.50625
v 0.50625 0.14375 0.3421875
v 0.50625 0.14375 0.4078125
v 0.50625 0.110416875 0.3421875
v 0.50625 0.127083125 0.4078125
v 0.50625 -0.00625 0.50625
v 0.50625 0.110416875 0.32578125
v 0.50625 0.127083125 0.440625
v 0.50625 0.177083125 0.440625
v 0.50625 0.177083125 0.4734375
v 0.50625 0.19375 0.4734375
v 0.50625 0.19375 0.50625
v 0.50625 0.060416875 0.26015625
v 0.50625 0.09375 0.29296875
v 0.50625 -0.00625 0.24375
v 0.50625 0.127083125 0.32578125
v 0.50625 0.127083125 0.29296875
v 0.50625 0.09375 0.26015625
v 0.50625 0.060416875 0.24375
v 0.24375 0.160416875 0.50625
v 0.24375 0.09375 0.4734375
v 0.24375 -0.00625 0.50625
v 0.24375 -0.00625 0.24375
v 0.24375 0.160416875 0.4734375
v 0.24375 0.09375 0.24375
v 0.24375 -0.00625 0.24375
v 0.50625 -0.00625 0.50625
v 0.24375 -0.00625 0.50625
v 0.50625 -0.00625 0.24375
v 0.50625 0.160416875 0.2765625
v 0.50625 0.19375 0.24375
v 0.50625 0.19375 0.2765625
v 0.50625 0.160416875 0.24375
v 0.4734375 0.19375 0.24375
v 0.50625 0.19375 0.2765625
v 0.50625 0.19375 0.24375
v 0.4734375 0.19375 0.2765625
v 0.29296875 0.19375 0.48984375
v 0.3421875 0.19375 0.50625
v 0.3421875 0.19375 0.48984375
v 0.29296875 0.19375 0.50625
v 0.4734375 0.19375 0.4734375
v 0.50625 0.19375 0.50625
v 0.50625 0.19375 0.4734375
v 0.4734375 0.19375 0.50625
v 0.4734375 0.160416875 0.24375
v 0.50625 0.19375 0.24375
v 0.50625 0.160416875 0.24375
v 0.4734375 0.19375 0.24375
v 0.3421875 0.177083125 0.50625
v 0.29296875 0.19375 0.50625
v 0.29296875 0.177083125 0.50625
v 0.3421875 0.19375 0.50625
v 0.24375 -0.00625 -0.50625
v 0.3421875 0.127083125 -0.50625
v 0.50625 -0.00625 -0.50625
v 0.4734375 0.14375 -0.50625
v 0.50625 0.19375 -0.50625
v 0.4078125 0.127083125 -0.50625
v 0.440625 0.14375 -0.50625
v 0.24375 0.127083125 -0.50625
v 0.309375 0.127083125 -0.50625
v 0.309375 0.160416875 -0.50625
v 0.3421875 0.160416875 -0.50625
v 0.4734375 0.19375 -0.50625
v 0.4078125 0.160416875 -0.50625
v 0.440625 0.160416875 -0.50625
v 0.24375 0.09375 -0.440625
v 0.24375 -0.00625 -0.50625
v 0.24375 0.09375 -0.375
v 0.24375 0.060416875 -0.3421875
v 0.24375 0.127083125 -0.3421875
v 0.24375 0.127083125 -0.375
v 0.24375 0.127083125 -0.4734375
v 0.24375 0.160416875 -0.440625
v 0.24375 0.127083125 -0.50625
v 0.24375 -0.00625 -0.24375
v 0.24375 0.060416875 -0.2765625
v 0.24375 0.110416875 -0.24375
v 0.24375 0.110416875 -0.2765625
v 0.24375 0.160416875 -0.4734375
v 0.24375 -0.00625 -0.50625
v 0.50625 -0.00625 -0.24375
v 0.24375 -0.00625 -0.24375
v 0.50625 -0.00625 -0.50625
v 0.4734375 0.110416875 -0.24375
v 0.4078125 0.060416875 -0.24375
v 0.4734375 0.09375 -0.24375
v 0.50625 -0.00625 -0.24375
v 0.50625 0.09375 -0.24375
v 0.4078125 0.110416875 -0.24375
v 0.39140625 0.060416875 -0.24375
v 0.24375 -0.00625 -0.24375
v 0.35859375 0.09375 -0.24375
v 0.39140625 0.09375 -0.24375
v 0.32578125 0.110416875 -0.24375
v 0.24375 0.110416875 -0.24375
v 0.35859375 0.127083125 -0.24375
v 0.32578125 0.127083125 -0.24375
v 0.50625 -0.00625 -0.24375
v 0.50625 0.077083125 -0.3421875
v 0.50625 0.077083125 -0.309375
v 0.50625 0.09375 -0.309375
v 0.50625 0.09375 -0.24375
v 0.50625 -0.00625 -0.50625
v 0.50625 0.09375 -0.375
v 0.50625 0.09375 -0.3421875
v 0.50625 0.19375 -0.50625
v 0.50625 0.127083125 -0.45703125
v 0.50625 0.127083125 -0.42421875
v 0.50625 0.09375 -0.4078125
v 0.50625 0.110416875 -0.375
v 0.50625 0.110416875 -0.35859375
v 0.50625 0.127083125 -0.309375
v 0.50625 0.127083125 -0.35859375
v 0.50625 0.14375 -0.309375
v 0.50625 0.14375 -0.2765625
v 0.50625 0.127083125 -0.2765625
v 0.50625 0.127083125 -0.24375
v 0.50625 0.110416875 -0.4078125
v 0.50625 0.110416875 -0.39140625
v 0.50625 0.127083125 -0.39140625
v 0.50625 0.127083125 -0.375
v 0.50625 0.160416875 -0.375
v 0.50625 0.160416875 -0.42421875
v 0.50625 0.127083125 -0.440625
v 0.50625 0.177083125 -0.45703125
v 0.50625 0.14375 -0.45703125
v 0.50625 0.19375 -0.440625
v 0.50625 0.19375 -0.45703125
v 0.50625 0.177083125 -0.440625
v 0.2765625 0.160416875 -0.50625
v 0.24375 0.19375 -0.50625
v 0.2765625 0.19375 -0.50625
v 0.24375 0.160416875 -0.50625
v 0.50625 0.19375 -0.45703125
v 0.48984375 0.19375 -0.4734375
v 0.48984375 0.19375 -0.45703125
v 0.50625 0.19375 -0.50625
v 0.4734375 0.19375 -0.50625
v 0.4734375 0.19375 -0.4734375
v 0.50625 0.19375 -0.35859375
v 0.4734375 0.19375 -0.32578125
v 0.50625 0.19375 -0.32578125
v 0.4734375 0.19375 -0.35859375
v 0.24375 0.19375 -0.4734375
v 0.2765625 0.19375 -0.50625
v 0.24375 0.19375 -0.50625
v 0.2765625 0.19375 -0.4734375
v 0.24375 0.19375 -0.4734375
v 0.24375 0.177083125 -0.48984375
v 0.24375 0.177083125 -0.4734375
v 0.24375 0.19375 -0.50625
v 0.24375 0.160416875 -0.50625
v 0.24375 0.160416875 -0.48984375
v 0.50625 0.177083125 -0.35859375
v 0.50625 0.19375 -0.32578125
v 0.50625 0.177083125 -0.32578125
v 0.50625 0.19375 -0.35859375
v -0.50625 -0.00625 0.24375
v -0.4078125 0.09375 0.24375
v -0.309375 0.09375 0.24375
v -0.3421875 0.127083125 0.24375
v -0.309375 0.127083125 0.24375
v -0.2765625 0.09375 0.24375
v -0.24375 -0.00625 0.24375
v -0.4734375 0.09375 0.24375
v -0.50625 0.060416875 0.24375
v -0.4078125 0.127083125 0.24375
v -0.50625 0.127083125 0.24375
v -0.4734375 0.127083125 0.24375
v -0.24375 0.127083125 0.24375
v -0.24375 0.09375 0.24375
v -0.2765625 0.127083125 0.24375
v -0.4078125 0.09375 0.50625
v -0.440625 0.127083125 0.50625
v -0.50625 -0.00625 0.50625
v -0.24375 -0.00625 0.50625
v -0.3421875 0.09375 0.50625
v -0.4078125 0.160416875 0.50625
v -0.440625 0.160416875 0.50625
v -0.4734375 0.127083125 0.50625
v -0.50625 0.19375 0.50625
v -0.4734375 0.19375 0.50625
v -0.2765625 0.127083125 0.50625
v -0.3421875 0.127083125 0.50625
v -0.24375 0.160416875 0.50625
v -0.2765625 0.160416875 0.50625
v -0.375 0.14375 0.50625
v -0.375 0.127083125 0.50625
v -0.3421875 0.160416875 0.50625
v -0.375 0.160416875 0.50625
v -0.39140625 0.14375 0.50625
v -0.39140625 0.160416875 0.50625
v -0.50625 0.14375 0.4078125
v -0.50625 0.14375 0.3421875
v -0.50625 0.110416875 0.3421875
v -0.50625 0.127083125 0.4078125
v -0.50625 -0.00625 0.50625
v -0.50625 0.110416875 0.32578125
v -0.50625 0.127083125 0.440625
v -0.50625 0.177083125 0.440625
v -0.50625 0.177083125 0.4734375
v -0.50625 0.19375 0.4734375
v -0.50625 0.19375 0.50625
v -0.50625 0.09375 0.29296875
v -0.50625 0.060416875 0.26015625
v -0.50625 -0.00625 0.24375
v -0.50625 0.127083125 0.32578125
v -0.50625 0.127083125 0.29296875
v -0.50625 0.09375 0.26015625
v -0.50625 0.060416875 0.24375
v -0.24375 0.09375 0.4734375
v -0.24375 0.160416875 0.50625
v -0.24375 -0.00625 0.50625
v -0.24375 -0.00625 0.24375
v -0.24375 0.160416875 0.4734375
v -0.24375 0.09375 0.24375
v -0.24375 -0.00625 0.24375
v -0.50625 -0.00625 0.50625
v -0.50625 -0.00625 0.24375
v -0.24375 -0.00625 0.50625
v -0.50625 0.160416875 0.2765625
v -0.50625 0.19375 0.24375
v -0.50625 0.160416875 0.24375
v -0.50625 0.19375 0.2765625
v -0.4734375 0.19375 0.24375
v -0.50625 0.19375 0.2765625
v -0.4734375 0.19375 0.2765625
v -0.50625 0.19375 0.24375
v -0.3421875 0.19375 0.50625
v -0.29296875 0.19375 0.48984375
v -0.3421875 0.19375 0.48984375
v -0.29296875 0.19375 0.50625
v -0.4734375 0.19375 0.4734375
v -0.50625 0.19375 0.50625
v -0.4734375 0.19375 0.50625
v -0.50625 0.19375 0.4734375
v -0.4734375 0.160416875 0.24375
v -0.50625 0.19375 0.24375
v -0.4734375 0.19375 0.24375
v -0.50625 0.160416875 0.24375
v -0.3421875 0.177083125 0.50625
v -0.29296875 0.19375 0.50625
v -0.3421875 0.19375 0.50625
v -0.29296875 0.177083125 0.50625
v -0.3421875 0.127083125 -0.50625
v -0.24375 -0.00625 -0.50625
v -0.50625 -0.00625 -0.50625
v -0.4734375 0.14375 -0.50625
v -0.50625 0.19375 -0.50625
v -0.440625 0.14375 -0.50625
v -0.4078125 0.127083125 -0.50625
v -0.24375 0.127083125 -0.50625
v -0.309375 0.127083125 -0.50625
v -0.309375 0.160416875 -0.50625
v -0.3421875 0.160416875 -0.50625
v -0.440625 0.160416875 -0.50625
v -0.4078125 0.160416875 -0.50625
v -0.4734375 0.19375 -0.50625
v -0.24375 -0.00625 -0.50625
v -0.24375 0.09375 -0.440625
v -0.24375 0.09375 -0.375
v -0.24375 0.127083125 -0.375
v -0.24375 0.127083125 -0.3421875
v -0.24375 0.060416875 -0.3421875
v -0.24375 0.127083125 -0.4734375
v -0.24375 0.127083125 -0.50625
v -0.24375 -0.00625 -0.24375
v -0.24375 0.160416875 -0.440625
v -0.24375 0.160416875 -0.4734375
v -0.24375 0.060416875 -0.2765625
v -0.24375 0.110416875 -0.24375
v -0.24375 0.110416875 -0.2765625
v -0.50625 -0.00625 -0.24375
v -0.24375 -0.00625 -0.50625
v -0.24375 -0.00625 -0.24375
v -0.50625 -0.00625 -0.50625
v -0.4734375 0.110416875 -0.24375
v -0.4078125 0.060416875 -0.24375
v -0.4078125 0.110416875 -0.24375
v -0.4734375 0.09375 -0.24375
v -0.39140625 0.060416875 -0.24375
v -0.50625 -0.00625 -0.24375
v -0.50625 0.09375 -0.24375
v -0.24375 -0.00625 -0.24375
v -0.35859375 0.09375 -0.24375
v -0.39140625 0.09375 -0.24375
v -0.32578125 0.110416875 -0.24375
v -0.24375 0.110416875 -0.24375
v -0.35859375 0.127083125 -0.24375
v -0.32578125 0.127083125 -0.24375
v -0.50625 -0.00625 -0.24375
v -0.50625 0.077083125 -0.3421875
v -0.50625 -0.00625 -0.50625
v -0.50625 0.19375 -0.50625
v -0.50625 0.127083125 -0.45703125
v -0.50625 0.127083125 -0.42421875
v -0.50625 0.09375 -0.4078125
v -0.50625 0.09375 -0.375
v -0.50625 0.077083125 -0.309375
v -0.50625 0.09375 -0.24375
v -0.50625 0.09375 -0.3421875
v -0.50625 0.110416875 -0.35859375
v -0.50625 0.110416875 -0.375
v -0.50625 0.09375 -0.309375
v -0.50625 0.127083125 -0.309375
v -0.50625 0.127083125 -0.35859375
v -0.50625 0.127083125 -0.2765625
v -0.50625 0.14375 -0.2765625
v -0.50625 0.14375 -0.309375
v -0.50625 0.127083125 -0.24375
v -0.50625 0.110416875 -0.4078125
v -0.50625 0.110416875 -0.39140625
v -0.50625 0.127083125 -0.39140625
v -0.50625 0.127083125 -0.440625
v -0.50625 0.160416875 -0.42421875
v -0.50625 0.127083125 -0.375
v -0.50625 0.160416875 -0.375
v -0.50625 0.14375 -0.45703125
v -0.50625 0.177083125 -0.45703125
v -0.50625 0.177083125 -0.440625
v -0.50625 0.19375 -0.440625
v -0.50625 0.19375 -0.45703125
v -0.2765625 0.160416875 -0.50625
v -0.24375 0.19375 -0.50625
v -0.24375 0.160416875 -0.50625
v -0.2765625 0.19375 -0.50625
v -0.48984375 0.19375 -0.4734375
v -0.50625 0.19375 -0.45703125
v -0.48984375 0.19375 -0.45703125
v -0.4734375 0.19375 -0.50625
v -0.4734375 0.19375 -0.4734375
v -0.50625 0.19375 -0.50625
v -0.50625 0.19375 -0.35859375
v -0.4734375 0.19375 -0.32578125
v -0.4734375 0.19375 -0.35859375
v -0.50625 0.19375 -0.32578125
v -0.24375 0.19375 -0.4734375
v -0.2765625 0.19375 -0.50625
v -0.2765625 0.19375 -0.4734375
v -0.24375 0.19375 -0.50625
v -0.24375 0.177083125 -0.48984375
v -0.24375 0.19375 -0.4734375
v -0.24375 0.177083125 -0.4734375
v -0.24375 0.160416875 -0.50625
v -0.24375 0.19375 -0.50625
v -0.24375 0.160416875 -0.48984375
v -0.50625 0.177083125 -0.35859375
v -0.50625 0.19375 -0.32578125
v -0.50625 0.19375 -0.35859375
v -0.50625 0.177083125 -0.32578125
v 0.38125 1.13125 0.30625
v 0.18125 0.93125 0.30625
v 0.18125 1.13125 0.30625
v 0.38125 0.93125 0.30625
v 0.29791625 1.064583125 0.50625
v 0.264583125 1.03125 0.50625
v 0.29791625 1.014583125 0.50625
v 0.264583125 1.014583125 0.50625
v 0.314583125 1.064583125 0.50625
v 0.38125 1.13125 0.50625
v 0.18125 1.13125 0.50625
v 0.24791625 1.03125 0.50625
v 0.214583125 1.014583125 0.50625
v 0.19791625 0.997916875 0.50625
v 0.18125 0.93125 0.50625
v 0.24791625 1.014583125 0.50625
v 0.214583125 0.997916875 0.50625
v 0.19791625 0.93125 0.50625
v 0.33125 1.03125 0.50625
v 0.34791625 1.014583125 0.50625
v 0.364583125 0.997916875 0.50625
v 0.38125 0.93125 0.50625
v 0.314583125 1.03125 0.50625
v 0.33125 1.014583125 0.50625
v 0.34791625 0.997916875 0.50625
v 0.364583125 0.93125 0.50625
v 0.33125 0.997916875 0.50625
v 0.33125 0.98125 0.50625
v 0.34791625 0.98125 0.50625
v 0.24791625 0.997916875 0.50625
v 0.23125 0.98125 0.50625
v 0.24791625 0.98125 0.50625
v 0.23125 0.997916875 0.50625
v 0.18125 1.13125 0.30625
v 0.18125 1.13125 0.50625
v 0.18125 1.13125 0.439583125
v 0.18125 0.997916875 0.439583125
v 0.18125 0.93125 0.30625
v 0.18125 0.93125 0.422916875
v 0.18125 0.94791625 0.422916875
v 0.18125 0.94791625 0.439583125
v 0.18125 0.997916875 0.472916875
v 0.18125 0.964583125 0.472916875
v 0.18125 0.964583125 0.489583125
v 0.18125 0.93125 0.50625
v 0.18125 0.93125 0.489583125
v 0.38125 1.13125 0.50625
v 0.38125 0.997916875 0.439583125
v 0.38125 1.13125 0.30625
v 0.38125 0.94791625 0.422916875
v 0.38125 0.93125 0.30625
v 0.38125 0.94791625 0.439583125
v 0.38125 0.997916875 0.472916875
v 0.38125 0.93125 0.422916875
v 0.38125 0.964583125 0.472916875
v 0.38125 0.964583125 0.489583125
v 0.38125 0.93125 0.50625
v 0.38125 0.93125 0.489583125
v 0.38125 1.13125 0.30625
v 0.18125 1.13125 0.30625
v 0.18125 1.13125 0.439583125
v 0.18125 1.13125 0.50625
v 0.38125 1.13125 0.50625
v -0.5 0.0625 -0.5
v 0.5 0.125 -0.5
v 0.5 0.0625 -0.5
v -0.5 0.125 -0.5
v -0.5 0.0625 0.5
v -0.5 0.125 -0.5
v -0.5 0.0625 -0.5
v -0.5 0.125 0.5
v 0.5 0.0625 0.5
v -0.5 0.125 0.5
v -0.5 0.0625 0.5
v 0.5 0.125 0.5
v 0.5 0.0625 -0.5
v 0.5 0.125 0.5
v 0.5 0.0625 0.5
v 0.5 0.125 -0.5
v 0.5 0.125 0.5
v -0.5 0.125 -0.5
v -0.5 0.125 0.5
v 0.5 0.125 -0.5
v 0.5 0.0625 -0.5
v -0.5 0.0625 0.5
v -0.5 0.0625 -0.5
v 0.5 0.0625 0.5
v 0.13163875 0.828213125 0.256714375
v 0.054186875 0.8440625 0.256714375
v 0.066686875 0.865713125 0.256714375
v 0.079186875 0.88736375 0.256714375
v 0.04503625 0.878213125 0.256714375
v 0.11913875 0.8065625 0.256714375
v 0.041686875 0.822411875 0.256714375
v 0.02003625 0.834911875 0.256714375
v 0.03253625 0.8565625 0.256714375
v 0.05753625 0.89986375 0.256714375
v 0.15663875 0.871514375 0.256714375
v 0.14413875 0.84986375 0.256714375
v 0.091686875 0.909014375 0.256714375
v 0.04503625 0.878213125 0.356714375
v 0.11913875 0.8065625 0.356714375
v 0.13163875 0.828213125 0.356714375
v 0.03253625 0.8565625 0.356714375
v 0.13163875 0.828213125 0.356714375
v 0.11913875 0.8065625 0.256714375
v 0.13163875 0.828213125 0.256714375
v 0.11913875 0.8065625 0.356714375
v 0.495813125 0.865713125 0.256714375
v 0.44336125 0.8065625 0.256714375
v 0.43086125 0.828213125 0.256714375
v 0.508313125 0.8440625 0.256714375
v 0.483313125 0.88736375 0.256714375
v 0.50496375 0.89986375 0.256714375
v 0.51746375 0.878213125 0.256714375
v 0.520813125 0.822411875 0.256714375
v 0.52996375 0.8565625 0.256714375
v 0.54246375 0.834911875 0.256714375
v 0.470813125 0.909014375 0.256714375
v 0.41836125 0.84986375 0.256714375
v 0.40586125 0.871514375 0.256714375
v 0.43086125 0.828213125 0.256714375
v 0.44336125 0.8065625 0.356714375
v 0.43086125 0.828213125 0.356714375
v 0.44336125 0.8065625 0.256714375
v 0.43086125 0.828213125 0.356714375
v 0.52996375 0.8565625 0.356714375
v 0.51746375 0.878213125 0.356714375
v 0.44336125 0.8065625 0.356714375
v 0.49246375 0.921514375 0.256714375
v 0.470813125 0.909014375 0.256714375
v 0.49246375 0.921514375 0.331714375
v 0.40586125 0.871514375 0.356714375
v 0.49246375 0.921514375 0.356714375
v 0.40586125 0.871514375 0.256714375
v 0.05753625 0.89986375 0.256714375
v 0.04503625 0.878213125 0.331714375
v 0.05753625 0.89986375 0.331714375
v 0.07003625 0.921514375 0.331714375
v 0.05753625 0.89986375 0.356714375
v 0.04503625 0.878213125 0.256714375
v 0.03253625 0.8565625 0.331714375
v 0.03253625 0.8565625 0.356714375
v 0.04503625 0.878213125 0.356714375
v 0.07003625 0.921514375 0.356714375
v 0.07003625 0.921514375 0.356714375
v 0.14413875 0.84986375 0.356714375
v 0.15663875 0.871514375 0.356714375
v 0.05753625 0.89986375 0.356714375
v 0.15663875 0.871514375 0.356714375
v 0.14413875 0.84986375 0.256714375
v 0.15663875 0.871514375 0.256714375
v 0.14413875 0.84986375 0.356714375
v 0.40586125 0.871514375 0.256714375
v 0.41836125 0.84986375 0.356714375
v 0.40586125 0.871514375 0.356714375
v 0.41836125 0.84986375 0.256714375
v 0.40586125 0.871514375 0.356714375
v 0.50496375 0.89986375 0.356714375
v 0.49246375 0.921514375 0.356714375
v 0.41836125 0.84986375 0.356714375
v 0.50496375 0.89986375 0.331714375
v 0.51746375 0.878213125 0.256714375
v 0.50496375 0.89986375 0.256714375
v 0.51746375 0.878213125 0.331714375
v 0.49246375 0.921514375 0.331714375
v 0.49246375 0.921514375 0.356714375
v 0.50496375 0.89986375 0.356714375
v 0.52996375 0.8565625 0.331714375
v 0.51746375 0.878213125 0.356714375
v 0.52996375 0.8565625 0.356714375
v 0.54246375 0.834911875 0.256714375
v 0.52996375 0.8565625 0.306714375
v 0.54246375 0.834911875 0.306714375
v 0.52996375 0.8565625 0.256714375
v 0.02003625 0.834911875 0.306714375
v 0.03253625 0.8565625 0.256714375
v 0.02003625 0.834911875 0.256714375
v 0.03253625 0.8565625 0.306714375
v 0.091686875 0.909014375 0.256714375
v 0.15663875 0.871514375 0.356714375
v 0.15663875 0.871514375 0.256714375
v 0.07003625 0.921514375 0.331714375
v 0.07003625 0.921514375 0.356714375
v 0.07003625 0.921514375 0.256714375
v -0.25 0.1875 0.34375
v -0.234375 0.359375 0.34375
v -0.234375 0.203125 0.34375
v -0.140625 0.203125 0.34375
v -0.25 0.375 0.34375
v -0.125 0.1875 0.34375
v -0.140625 0.359375 0.34375
v -0.125 0.375 0.34375
v -0.125 0.1875 0.46875
v -0.140625 0.359375 0.46875
v -0.140625 0.203125 0.46875
v -0.234375 0.203125 0.46875
v -0.125 0.375 0.46875
v -0.25 0.1875 0.46875
v -0.234375 0.359375 0.46875
v -0.25 0.375 0.46875
v -0.125 0.375 0.46875
v -0.140625 0.375 0.359375
v -0.140625 0.375 0.453125
v -0.234375 0.375 0.453125
v -0.125 0.375 0.34375
v -0.25 0.375 0.46875
v -0.25 0.375 0.34375
v -0.234375 0.375 0.359375
v -0.15625 0.375 0.390625
v -0.171875 0.375 0.40625
v -0.15625 0.375 0.40625
v -0.171875 0.375 0.390625
v -0.140625 0.375 0.390625
v -0.140625 0.375 0.375
v -0.15625 0.375 0.375
v -0.1875 0.25 0.34375
v -0.171875 0.234375 0.34375
v -0.1875 0.234375 0.34375
v -0.171875 0.25 0.34375
v -0.15625 0.234375 0.34375
v -0.15625 0.21875 0.34375
v -0.171875 0.21875 0.34375
v -0.25 0.375 0.46875
v -0.25 0.359375 0.359375
v -0.25 0.359375 0.453125
v -0.25 0.203125 0.453125
v -0.25 0.1875 0.46875
v -0.25 0.375 0.34375
v -0.25 0.1875 0.34375
v -0.25 0.203125 0.359375
v -0.1875 0.25 0.46875
v -0.203125 0.234375 0.46875
v -0.1875 0.234375 0.46875
v -0.203125 0.25 0.46875
v -0.21875 0.234375 0.46875
v -0.21875 0.21875 0.46875
v -0.203125 0.21875 0.46875
v -0.125 0.375 0.46875
v -0.125 0.359375 0.359375
v -0.125 0.375 0.34375
v -0.125 0.1875 0.34375
v -0.125 0.359375 0.453125
v -0.125 0.1875 0.46875
v -0.125 0.203125 0.359375
v -0.125 0.203125 0.453125
v -0.203125 0.328125 0.34375
v -0.21875 0.34375 0.34375
v -0.203125 0.34375 0.34375
v -0.21875 0.328125 0.34375
v -0.1875 0.3125 0.34375
v -0.203125 0.3125 0.34375
v -0.1875 0.328125 0.34375
v -0.171875 0.328125 0.46875
v -0.15625 0.34375 0.46875
v -0.171875 0.34375 0.46875
v -0.15625 0.328125 0.46875
v -0.1875 0.3125 0.46875
v -0.171875 0.3125 0.46875
v -0.1875 0.328125 0.46875
v -0.25 0.34375 0.421875
v -0.25 0.328125 0.4375
v -0.25 0.34375 0.4375
v -0.25 0.328125 0.421875
v -0.25 0.328125 0.40625
v -0.25 0.3125 0.421875
v -0.25 0.3125 0.40625
v -0.25 0.21875 0.390625
v -0.25 0.234375 0.375
v -0.25 0.21875 0.375
v -0.25 0.234375 0.390625
v -0.25 0.234375 0.40625
v -0.25 0.25 0.390625
v -0.25 0.25 0.40625
v -0.125 0.34375 0.390625
v -0.125 0.328125 0.375
v -0.125 0.34375 0.375
v -0.125 0.328125 0.390625
v -0.125 0.328125 0.40625
v -0.125 0.3125 0.390625
v -0.125 0.328125 0.390625
v -0.125 0.3125 0.40625
v -0.125 0.21875 0.421875
v -0.125 0.234375 0.4375
v -0.125 0.21875 0.4375
v -0.125 0.234375 0.421875
v -0.125 0.234375 0.40625
v -0.125 0.25 0.421875
v -0.125 0.234375 0.421875
v -0.125 0.25 0.40625
v -0.25 0.1875 -0.46875
v -0.234375 0.359375 -0.46875
v -0.234375 0.203125 -0.46875
v -0.140625 0.203125 -0.46875
v -0.25 0.375 -0.46875
v -0.125 0.1875 -0.46875
v -0.140625 0.359375 -0.46875
v -0.125 0.375 -0.46875
v -0.125 0.1875 -0.34375
v -0.140625 0.359375 -0.34375
v -0.140625 0.203125 -0.34375
v -0.234375 0.203125 -0.34375
v -0.125 0.375 -0.34375
v -0.25 0.1875 -0.34375
v -0.234375 0.359375 -0.34375
v -0.25 0.375 -0.34375
v -0.125 0.375 -0.34375
v -0.140625 0.375 -0.453125
v -0.140625 0.375 -0.359375
v -0.234375 0.375 -0.359375
v -0.125 0.375 -0.46875
v -0.25 0.375 -0.34375
v -0.25 0.375 -0.46875
v -0.234375 0.375 -0.453125
v -0.15625 0.375 -0.421875
v -0.171875 0.375 -0.40625
v -0.15625 0.375 -0.40625
v -0.171875 0.375 -0.421875
v -0.140625 0.375 -0.421875
v -0.140625 0.375 -0.4375
v -0.15625 0.375 -0.4375
v -0.1875 0.25 -0.46875
v -0.171875 0.234375 -0.46875
v -0.1875 0.234375 -0.46875
v -0.171875 0.25 -0.46875
v -0.15625 0.234375 -0.46875
v -0.15625 0.21875 -0.46875
v -0.171875 0.21875 -0.46875
v -0.25 0.375 -0.34375
v -0.25 0.359375 -0.453125
v -0.25 0.359375 -0.359375
v -0.25 0.203125 -0.359375
v -0.25 0.1875 -0.34375
v -0.25 0.375 -0.46875
v -0.25 0.1875 -0.46875
v -0.25 0.203125 -0.453125
v -0.1875 0.25 -0.34375
v -0.203125 0.234375 -0.34375
v -0.1875 0.234375 -0.34375
v -0.203125 0.25 -0.34375
v -0.21875 0.234375 -0.34375
v -0.21875 0.21875 -0.34375
v -0.203125 0.21875 -0.34375
v -0.125 0.375 -0.34375
v -0.125 0.359375 -0.453125
v -0.125 0.375 -0.46875
v -0.125 0.1875 -0.46875
v -0.125 0.359375 -0.359375
v -0.125 0.1875 -0.34375
v -0.125 0.203125 -0.453125
v -0.125 0.203125 -0.359375
v -0.203125 0.328125 -0.46875
v -0.21875 0.34375 -0.46875
v -0.203125 0.34375 -0.46875
v -0.21875 0.328125 -0.46875
v -0.1875 0.3125 -0.46875
v -0.203125 0.3125 -0.46875
v -0.1875 0.328125 -0.46875
v -0.171875 0.328125 -0.34375
v -0.15625 0.34375 -0.34375
v -0.171875 0.34375 -0.34375
v -0.15625 0.328125 -0.34375
v -0.1875 0.3125 -0.34375
v -0.171875 0.3125 -0.34375
v -0.1875 0.328125 -0.34375
v -0.25 0.34375 -0.390625
v -0.25 0.328125 -0.375
v -0.25 0.34375 -0.375
v -0.25 0.328125 -0.390625
v -0.25 0.328125 -0.40625
v -0.25 0.3125 -0.390625
v -0.25 0.3125 -0.40625
v -0.25 0.21875 -0.421875
v -0.25 0.234375 -0.4375
v -0.25 0.21875 -0.4375
v -0.25 0.234375 -0.421875
v -0.25 0.234375 -0.40625
v -0.25 0.25 -0.421875
v -0.25 0.25 -0.40625
v -0.125 0.34375 -0.421875
v -0.125 0.328125 -0.4375
v -0.125 0.34375 -0.4375
v -0.125 0.328125 -0.421875
v -0.125 0.328125 -0.40625
v -0.125 0.3125 -0.421875
v -0.125 0.3125 -0.40625
v -0.125 0.21875 -0.390625
v -0.125 0.234375 -0.375
v -0.125 0.21875 -0.375
v -0.125 0.234375 -0.390625
v -0.125 0.234375 -0.40625
v -0.125 0.25 -0.390625
v -0.125 0.25 -0.40625
v 0.3625 1.0875 -0.1375
v 0.49375 1.06875 -0.1375
v 0.38125 1.06875 -0.1375
v 0.38125 0.95625 -0.1375
v 0.5125 1.0875 -0.1375
v 0.3625 0.9375 -0.1375
v 0.49375 0.95625 -0.1375
v 0.5125 0.9375 -0.1375
v 0.3625 1.0875 0.0125
v 0.3625 1.06875 -0.11875
v 0.3625 1.06875 -0.00625
v 0.3625 0.95625 -0.00625
v 0.3625 1.0875 -0.1375
v 0.3625 0.9375 0.0125
v 0.3625 0.95625 -0.11875
v 0.3625 0.9375 -0.1375
v 0.3625 1.0875 0.0125
v 0.49375 1.06875 0.0125
v 0.5125 1.0875 0.0125
v 0.49375 0.95625 0.0125
v 0.5125 0.9375 0.0125
v 0.38125 1.06875 0.0125
v 0.38125 0.95625 0.0125
v 0.3625 0.9375 0.0125
v 0.5125 1.0875 -0.1375
v 0.5125 1.06875 -0.00625
v 0.5125 1.06875 -0.11875
v 0.5125 0.95625 -0.11875
v 0.5125 1.0875 0.0125
v 0.5125 0.9375 -0.1375
v 0.5125 0.95625 -0.00625
v 0.5125 0.9375 0.0125
v 0.3625 1.0875 -0.1375
v 0.49375 1.0875 -0.11875
v 0.5125 1.0875 -0.1375
v 0.49375 1.0875 -0.00625
v 0.5125 1.0875 0.0125
v 0.38125 1.0875 -0.11875
v 0.3625 1.0875 0.0125
v 0.38125 1.0875 -0.00625
v 0.3625 1.05 -0.04375
v 0.3625 1.03125 -0.025
v 0.3625 1.05 -0.025
v 0.3625 1.03125 -0.04375
v 0.3625 1.03125 -0.0625
v 0.3625 1.0125 -0.04375
v 0.3625 1.0125 -0.0625
v 0.5125 1.05 -0.08125
v 0.5125 1.03125 -0.1
v 0.5125 1.05 -0.1
v 0.5125 1.03125 -0.08125
v 0.5125 1.03125 -0.0625
v 0.5125 1.0125 -0.08125
v 0.5125 1.0125 -0.0625
v 0.41875 1.05 -0.1375
v 0.4 1.03125 -0.1375
v 0.4 1.05 -0.1375
v 0.41875 1.03125 -0.1375
v 0.4375 1.03125 -0.1375
v 0.41875 1.0125 -0.1375
v 0.4375 1.0125 -0.1375
v 0.45625 1.05 0.0125
v 0.475 1.03125 0.0125
v 0.475 1.05 0.0125
v 0.45625 1.03125 0.0125
v 0.4375 1.03125 0.0125
v 0.45625 1.0125 0.0125
v 0.4375 1.0125 0.0125
v 0.19335 1.075 -0.4521575
v 0.086631875 1.0578125 -0.50771125
v 0.07138625 1.075 -0.5156475
v 0.086631875 0.9546875 -0.50771125
v 0.07138625 0.9375 -0.5156475
v 0.178104375 1.0578125 -0.46009375
v 0.178104375 0.9546875 -0.46009375
v 0.19335 0.9375 -0.4521575
v 0.007895625 1.075 -0.39368375
v 0.06345 1.0578125 -0.5004025
v 0.015831875 1.0578125 -0.408929375
v 0.015831875 0.9546875 -0.408929375
v 0.07138625 1.075 -0.5156475
v 0.007895625 0.9375 -0.39368375
v 0.06345 0.9546875 -0.5004025
v 0.07138625 0.9375 -0.5156475
v 0.007895625 1.075 -0.39368375
v 0.114614375 1.0578125 -0.338129375
v 0.129859375 1.075 -0.330193125
v 0.114614375 0.9546875 -0.338129375
v 0.129859375 0.9375 -0.330193125
v 0.02314125 1.0578125 -0.3857475
v 0.02314125 0.9546875 -0.3857475
v 0.007895625 0.9375 -0.39368375
v 0.19335 1.075 -0.4521575
v 0.13779625 1.0578125 -0.34543875
v 0.18541375 1.0578125 -0.436911875
v 0.18541375 0.9546875 -0.436911875
v 0.129859375 1.075 -0.330193125
v 0.19335 0.9375 -0.4521575
v 0.13779625 0.9546875 -0.34543875
v 0.129859375 0.9375 -0.330193125
v 0.19335 1.075 -0.4521575
v 0.078695625 1.075 -0.49246625
v 0.170168125 1.075 -0.444848125
v 0.122550625 1.075 -0.353375
v 0.07138625 1.075 -0.5156475
v 0.129859375 1.075 -0.330193125
v 0.007895625 1.075 -0.39368375
v 0.0310775 1.075 -0.400993125
v 0.031704375 1.040625 -0.43942
v 0.023768125 1.0234375 -0.424175
v 0.023768125 1.040625 -0.424175
v 0.031704375 1.0234375 -0.43942
v 0.039640625 1.0234375 -0.454665625
v 0.031704375 1.00625 -0.43942
v 0.039640625 1.00625 -0.454665625
v 0.16954125 1.040625 -0.406420625
v 0.1774775 1.0234375 -0.42166625
v 0.1774775 1.040625 -0.42166625
v 0.16954125 1.0234375 -0.406420625
v 0.161605 1.0234375 -0.391175
v 0.16954125 1.00625 -0.406420625
v 0.161605 1.00625 -0.391175
v 0.1171225 1.040625 -0.49183875
v 0.101876875 1.0234375 -0.499775
v 0.101876875 1.040625 -0.499775
v 0.1171225 1.0234375 -0.49183875
v 0.132368125 1.0234375 -0.4839025
v 0.1171225 1.00625 -0.49183875
v 0.132368125 1.00625 -0.4839025
v 0.084123125 1.040625 -0.3540025
v 0.09936875 1.0234375 -0.346065625
v 0.09936875 1.040625 -0.346065625
v 0.084123125 1.0234375 -0.3540025
v 0.0688775 1.0234375 -0.36193875
v 0.084123125 1.00625 -0.3540025
v 0.0688775 1.00625 -0.36193875
v -0.2483275 0.1875 0.3454225
v -0.234375 0.359375 0.346115
v -0.248634375 0.373634375 0.345115625
v -0.140625 0.359375 0.346115
v -0.126365625 0.373634375 0.345115625
v -0.234375 0.203125 0.346115
v -0.1266725 0.1875 0.3454225
v -0.140625 0.203125 0.346115
v -0.1266725 0.1875 0.4670775
v -0.140625 0.359375 0.466385
v -0.126365625 0.373634375 0.467384375
v -0.234375 0.359375 0.466385
v -0.248634375 0.373634375 0.467384375
v -0.140625 0.203125 0.466385
v -0.2483275 0.1875 0.4670775
v -0.234375 0.203125 0.466385
v -0.126365625 0.373634375 0.467384375
v -0.140625 0.372635 0.359375
v -0.126365625 0.373634375 0.345115625
v -0.248634375 0.373634375 0.345115625
v -0.140625 0.372635 0.453125
v -0.248634375 0.373634375 0.467384375
v -0.234375 0.372635 0.453125
v -0.234375 0.372635 0.359375
v -0.15625 0.372635 0.390625
v -0.171875 0.372635 0.40625
v -0.171875 0.372635 0.390625
v -0.15625 0.372635 0.40625
v -0.15625 0.372635 0.375
v -0.140625 0.372635 0.375
v -0.140625 0.372635 0.390625
v -0.1875 0.25 0.346115
v -0.171875 0.234375 0.346115
v -0.171875 0.25 0.346115
v -0.1875 0.234375 0.346115
v -0.171875 0.21875 0.346115
v -0.15625 0.21875 0.346115
v -0.15625 0.234375 0.346115
v -0.248634375 0.373634375 0.467384375
v -0.247635 0.359375 0.359375
v -0.248634375 0.373634375 0.345115625
v -0.2483275 0.1875 0.3454225
v -0.247635 0.359375 0.453125
v -0.2483275 0.1875 0.4670775
v -0.247635 0.203125 0.359375
v -0.247635 0.203125 0.453125
v -0.1875 0.25 0.466385
v -0.203125 0.234375 0.466385
v -0.203125 0.25 0.466385
v -0.1875 0.234375 0.466385
v -0.203125 0.21875 0.466385
v -0.21875 0.21875 0.466385
v -0.21875 0.234375 0.466385
v -0.127365 0.359375 0.359375
v -0.126365625 0.373634375 0.467384375
v -0.126365625 0.373634375 0.345115625
v -0.1266725 0.1875 0.3454225
v -0.127365 0.359375 0.453125
v -0.127365 0.203125 0.359375
v -0.1266725 0.1875 0.4670775
v -0.127365 0.203125 0.453125
v -0.203125 0.328125 0.346115
v -0.21875 0.34375 0.346115
v -0.21875 0.328125 0.346115
v -0.203125 0.34375 0.346115
v -0.1875 0.3125 0.346115
v -0.1875 0.328125 0.346115
v -0.203125 0.3125 0.346115
v -0.171875 0.328125 0.466385
v -0.15625 0.34375 0.466385
v -0.15625 0.328125 0.466385
v -0.171875 0.34375 0.466385
v -0.1875 0.3125 0.466385
v -0.1875 0.328125 0.466385
v -0.171875 0.3125 0.466385
v -0.247635 0.34375 0.421875
v -0.247635 0.328125 0.4375
v -0.247635 0.328125 0.421875
v -0.247635 0.328125 0.40625
v -0.247635 0.3125 0.421875
v -0.247635 0.34375 0.4375
v -0.247635 0.3125 0.40625
v -0.247635 0.21875 0.390625
v -0.247635 0.234375 0.375
v -0.247635 0.234375 0.390625
v -0.247635 0.234375 0.40625
v -0.247635 0.25 0.390625
v -0.247635 0.21875 0.375
v -0.247635 0.25 0.40625
v -0.127365 0.34375 0.390625
v -0.127365 0.328125 0.375
v -0.127365 0.328125 0.390625
v -0.127365 0.34375 0.375
v -0.127365 0.328125 0.40625
v -0.127365 0.3125 0.390625
v -0.127365 0.3125 0.40625
v -0.127365 0.328125 0.390625
v -0.127365 0.21875 0.421875
v -0.127365 0.234375 0.4375
v -0.127365 0.234375 0.421875
v -0.127365 0.234375 0.40625
v -0.127365 0.25 0.421875
v -0.127365 0.21875 0.4375
v -0.127365 0.25 0.40625
v -0.2483275 0.1875 -0.4670775
v -0.234375 0.359375 -0.466385
v -0.248634375 0.373634375 -0.467384375
v -0.140625 0.359375 -0.466385
v -0.126365625 0.373634375 -0.467384375
v -0.234375 0.203125 -0.466385
v -0.1266725 0.1875 -0.4670775
v -0.140625 0.203125 -0.466385
v -0.1266725 0.1875 -0.3454225
v -0.140625 0.359375 -0.346115
v -0.126365625 0.373634375 -0.345115625
v -0.234375 0.359375 -0.346115
v -0.248634375 0.373634375 -0.345115625
v -0.140625 0.203125 -0.346115
v -0.2483275 0.1875 -0.3454225
v -0.234375 0.203125 -0.346115
v -0.126365625 0.373634375 -0.345115625
v -0.140625 0.372635 -0.453125
v -0.126365625 0.373634375 -0.467384375
v -0.248634375 0.373634375 -0.467384375
v -0.140625 0.372635 -0.359375
v -0.248634375 0.373634375 -0.345115625
v -0.234375 0.372635 -0.359375
v -0.234375 0.372635 -0.453125
v -0.15625 0.372635 -0.421875
v -0.171875 0.372635 -0.40625
v -0.171875 0.372635 -0.421875
v -0.15625 0.372635 -0.40625
v -0.15625 0.372635 -0.4375
v -0.140625 0.372635 -0.4375
v -0.140625 0.372635 -0.421875
v -0.1875 0.25 -0.466385
v -0.171875 0.234375 -0.466385
v -0.171875 0.25 -0.466385
v -0.1875 0.234375 -0.466385
v -0.171875 0.21875 -0.466385
v -0.15625 0.21875 -0.466385
v -0.15625 0.234375 -0.466385
v -0.248634375 0.373634375 -0.345115625
v -0.247635 0.359375 -0.453125
v -0.248634375 0.373634375 -0.467384375
v -0.2483275 0.1875 -0.4670775
v -0.247635 0.359375 -0.359375
v -0.2483275 0.1875 -0.3454225
v -0.247635 0.203125 -0.453125
v -0.247635 0.203125 -0.359375
v -0.1875 0.25 -0.346115
v -0.203125 0.234375 -0.346115
v -0.203125 0.25 -0.346115
v -0.1875 0.234375 -0.346115
v -0.203125 0.21875 -0.346115
v -0.21875 0.21875 -0.346115
v -0.21875 0.234375 -0.346115
v -0.127365 0.359375 -0.453125
v -0.126365625 0.373634375 -0.345115625
v -0.126365625 0.373634375 -0.467384375
v -0.1266725 0.1875 -0.4670775
v -0.127365 0.359375 -0.359375
v -0.127365 0.203125 -0.453125
v -0.1266725 0.1875 -0.3454225
v -0.127365 0.203125 -0.359375
v -0.203125 0.328125 -0.466385
v -0.21875 0.34375 -0.466385
v -0.21875 0.328125 -0.466385
v -0.203125 0.34375 -0.466385
v -0.1875 0.3125 -0.466385
v -0.1875 0.328125 -0.466385
v -0.203125 0.3125 -0.466385
v -0.171875 0.328125 -0.346115
v -0.15625 0.34375 -0.346115
v -0.15625 0.328125 -0.346115
v -0.171875 0.34375 -0.346115
v -0.1875 0.3125 -0.346115
v -0.1875 0.328125 -0.346115
v -0.171875 0.3125 -0.346115
v -0.247635 0.34375 -0.390625
v -0.247635 0.328125 -0.375
v -0.247635 0.328125 -0.390625
v -0.247635 0.328125 -0.40625
v -0.247635 0.3125 -0.390625
v -0.247635 0.34375 -0.375
v -0.247635 0.3125 -0.40625
v -0.247635 0.21875 -0.421875
v -0.247635 0.234375 -0.4375
v -0.247635 0.234375 -0.421875
v -0.247635 0.234375 -0.40625
v -0.247635 0.25 -0.421875
v -0.247635 0.21875 -0.4375
v -0.247635 0.25 -0.40625
v -0.127365 0.34375 -0.421875
v -0.127365 0.328125 -0.4375
v -0.127365 0.328125 -0.421875
v -0.127365 0.328125 -0.40625
v -0.127365 0.3125 -0.421875
v -0.127365 0.34375 -0.4375
v -0.127365 0.3125 -0.40625
v -0.127365 0.21875 -0.390625
v -0.127365 0.234375 -0.375
v -0.127365 0.234375 -0.390625
v -0.127365 0.234375 -0.40625
v -0.127365 0.25 -0.390625
v -0.127365 0.21875 -0.375
v -0.127365 0.25 -0.40625
v 0.363865625 1.086134375 -0.136134375
v 0.49375 1.06875 -0.135135
v 0.511134375 1.086134375 -0.136134375
v 0.49375 0.95625 -0.135135
v 0.5108275 0.9375 -0.1358275
v 0.38125 1.06875 -0.135135
v 0.3641725 0.9375 -0.1358275
v 0.38125 0.95625 -0.135135
v 0.363865625 1.086134375 0.011134375
v 0.364865 1.06875 -0.11875
v 0.363865625 1.086134375 -0.136134375
v 0.364865 0.95625 -0.11875
v 0.3641725 0.9375 -0.1358275
v 0.364865 1.06875 -0.00625
v 0.3641725 0.9375 0.0108275
v 0.364865 0.95625 -0.00625
v 0.49375 1.06875 0.010135
v 0.363865625 1.086134375 0.011134375
v 0.511134375 1.086134375 0.011134375
v 0.5108275 0.9375 0.0108275
v 0.49375 0.95625 0.010135
v 0.38125 1.06875 0.010135
v 0.38125 0.95625 0.010135
v 0.3641725 0.9375 0.0108275
v 0.511134375 1.086134375 -0.136134375
v 0.510135 1.06875 -0.00625
v 0.511134375 1.086134375 0.011134375
v 0.510135 0.95625 -0.00625
v 0.5108275 0.9375 0.0108275
v 0.510135 1.06875 -0.11875
v 0.5108275 0.9375 -0.1358275
v 0.510135 0.95625 -0.11875
v 0.49375 1.085135 -0.11875
v 0.363865625 1.086134375 -0.136134375
v 0.511134375 1.086134375 -0.136134375
v 0.511134375 1.086134375 0.011134375
v 0.49375 1.085135 -0.00625
v 0.38125 1.085135 -0.11875
v 0.363865625 1.086134375 0.011134375
v 0.38125 1.085135 -0.00625
v 0.364865 1.05 -0.04375
v 0.364865 1.03125 -0.025
v 0.364865 1.03125 -0.04375
v 0.364865 1.03125 -0.0625
v 0.364865 1.0125 -0.04375
v 0.364865 1.05 -0.025
v 0.364865 1.0125 -0.0625
v 0.510135 1.05 -0.08125
v 0.510135 1.03125 -0.1
v 0.510135 1.03125 -0.08125
v 0.510135 1.03125 -0.0625
v 0.510135 1.0125 -0.08125
v 0.510135 1.05 -0.1
v 0.510135 1.0125 -0.0625
v 0.41875 1.05 -0.135135
v 0.4 1.03125 -0.135135
v 0.41875 1.03125 -0.135135
v 0.4375 1.03125 -0.135135
v 0.41875 1.0125 -0.135135
v 0.4 1.05 -0.135135
v 0.4375 1.0125 -0.135135
v 0.45625 1.05 0.010135
v 0.475 1.03125 0.010135
v 0.45625 1.03125 0.010135
v 0.4375 1.03125 0.010135
v 0.45625 1.0125 0.010135
v 0.475 1.05 0.010135
v 0.4375 1.0125 0.010135
v 0.085539375 1.0578125 -0.50561375
v 0.191508125 1.073634375 -0.451576875
v 0.071966875 1.073634375 -0.51380625
v 0.0720975 0.9375 -0.5133925
v 0.085539375 0.9546875 -0.50561375
v 0.1770125 1.0578125 -0.457995625
v 0.1770125 0.9546875 -0.457995625
v 0.191094375 0.9375 -0.45144625
v 0.0097375 1.073634375 -0.394264375
v 0.0655475 1.0578125 -0.49931
v 0.071966875 1.073634375 -0.51380625
v 0.0655475 0.9546875 -0.49931
v 0.0720975 0.9375 -0.5133925
v 0.01793 1.0578125 -0.407836875
v 0.01015125 0.9375 -0.394395
v 0.01793 0.9546875 -0.407836875
v 0.11570625 1.0578125 -0.3402275
v 0.0097375 1.073634375 -0.394264375
v 0.12927875 1.073634375 -0.332035
v 0.12914875 0.9375 -0.33244875
v 0.11570625 0.9546875 -0.3402275
v 0.024233125 1.0578125 -0.387845625
v 0.024233125 0.9546875 -0.387845625
v 0.01015125 0.9375 -0.394395
v 0.191508125 1.073634375 -0.451576875
v 0.135698125 1.0578125 -0.346530625
v 0.12927875 1.073634375 -0.332035
v 0.135698125 0.9546875 -0.346530625
v 0.12914875 0.9375 -0.33244875
v 0.18331625 1.0578125 -0.43800375
v 0.191094375 0.9375 -0.45144625
v 0.18331625 0.9546875 -0.43800375
v 0.191508125 1.073634375 -0.451576875
v 0.078695625 1.072635 -0.49246625
v 0.071966875 1.073634375 -0.51380625
v 0.0097375 1.073634375 -0.394264375
v 0.170168125 1.072635 -0.444848125
v 0.12927875 1.073634375 -0.332035
v 0.122550625 1.072635 -0.353375
v 0.0310775 1.072635 -0.400993125
v 0.0338025 1.040625 -0.438328125
v 0.02586625 1.0234375 -0.4230825
v 0.0338025 1.0234375 -0.438328125
v 0.02586625 1.040625 -0.4230825
v 0.04173875 1.0234375 -0.45357375
v 0.0338025 1.00625 -0.438328125
v 0.04173875 1.00625 -0.45357375
v 0.0338025 1.0234375 -0.438328125
v 0.167443125 1.040625 -0.407513125
v 0.175379375 1.0234375 -0.422758125
v 0.167443125 1.0234375 -0.407513125
v 0.159506875 1.0234375 -0.3922675
v 0.167443125 1.00625 -0.407513125
v 0.175379375 1.040625 -0.422758125
v 0.159506875 1.00625 -0.3922675
v 0.116030625 1.040625 -0.489740625
v 0.100785 1.0234375 -0.4976775
v 0.116030625 1.0234375 -0.489740625
v 0.13127625 1.0234375 -0.481804375
v 0.116030625 1.00625 -0.489740625
v 0.100785 1.040625 -0.4976775
v 0.13127625 1.00625 -0.481804375
v 0.085215 1.040625 -0.3561
v 0.100460625 1.0234375 -0.34816375
v 0.085215 1.0234375 -0.3561
v 0.100460625 1.040625 -0.34816375
v 0.06997 1.0234375 -0.36403625
v 0.085215 1.00625 -0.3561
v 0.06997 1.00625 -0.36403625
v 0.085215 1.0234375 -0.3561
v 0.51939625 0.610573125 0.008025
v 0.496156875 0.7574025 0.008025
v 0.496156875 0.610573125 0.008025
v 0.51939625 0.7574025 0.008025
v 0.51939625 0.610573125 -0.022608125
v 0.51939625 0.7574025 0.008025
v 0.51939625 0.610573125 0.008025
v 0.51939625 0.7574025 -0.02260875
v 0.496156875 0.610573125 -0.022608125
v 0.51939625 0.7574025 -0.02260875
v 0.51939625 0.610573125 -0.022608125
v 0.496156875 0.7574025 -0.02260875
v 0.496156875 0.610573125 0.008025
v 0.496156875 0.7574025 -0.02260875
v 0.496156875 0.610573125 -0.022608125
v 0.496156875 0.7574025 0.008025
v 0.496156875 0.7574025 -0.02260875
v 0.51939625 0.7574025 0.008025
v 0.51939625 0.7574025 -0.02260875
v 0.496156875 0.7574025 0.008025
v 0.496156875 0.610573125 0.008025
v 0.51939625 0.610573125 -0.022608125
v 0.51939625 0.610573125 0.008025
v 0.496156875 0.610573125 -0.022608125
v 0.51939625 0.59932 -0.00689375
v 0.496156875 0.66798125 0.11203125
v 0.496156875 0.59932 -0.00689375
v 0.51939625 0.66798125 0.11203125
v 0.51939625 0.625849375 -0.02221
v 0.51939625 0.66798125 0.11203125
v 0.51939625 0.59932 -0.00689375
v 0.51939625 0.694510625 0.096714375
v 0.496156875 0.625849375 -0.02221
v 0.51939625 0.694510625 0.096714375
v 0.51939625 0.625849375 -0.02221
v 0.496156875 0.694510625 0.096714375
v 0.496156875 0.59932 -0.00689375
v 0.496156875 0.694510625 0.096714375
v 0.496156875 0.625849375 -0.02221
v 0.496156875 0.66798125 0.11203125
v 0.496156875 0.694510625 0.096714375
v 0.51939625 0.66798125 0.11203125
v 0.51939625 0.694510625 0.096714375
v 0.496156875 0.66798125 0.11203125
v 0.496156875 0.59932 -0.00689375
v 0.51939625 0.625849375 -0.02221
v 0.51939625 0.59932 -0.00689375
v 0.496156875 0.625849375 -0.02221
v 0.51939625 0.60371875 -0.0163675
v 0.496156875 0.53334125 0.094103125
v 0.496156875 0.60371875 -0.0163675
v 0.51939625 0.53334125 0.094103125
v 0.51939625 0.629555 0.00009125
v 0.51939625 0.53334125 0.094103125
v 0.51939625 0.60371875 -0.0163675
v 0.51939625 0.559176875 0.1105625
v 0.496156875 0.629555 0.00009125
v 0.51939625 0.559176875 0.1105625
v 0.51939625 0.629555 0.00009125
v 0.496156875 0.559176875 0.1105625
v 0.496156875 0.60371875 -0.0163675
v 0.496156875 0.559176875 0.1105625
v 0.496156875 0.629555 0.00009125
v 0.496156875 0.53334125 0.094103125
v 0.496156875 0.559176875 0.1105625
v 0.51939625 0.53334125 0.094103125
v 0.51939625 0.559176875 0.1105625
v 0.496156875 0.53334125 0.094103125
v 0.496156875 0.60371875 -0.0163675
v 0.51939625 0.629555 0.00009125
v 0.51939625 0.60371875 -0.0163675
v 0.496156875 0.629555 0.00009125
v 0.51939625 0.60740375 -0.023665
v 0.496156875 0.474306875 -0.023665
v 0.496156875 0.60740375 -0.023665
v 0.51939625 0.474306875 -0.023665
v 0.51939625 0.60740375 0.00696875
v 0.51939625 0.474306875 -0.023665
v 0.51939625 0.60740375 -0.023665
v 0.51939625 0.474306875 0.00696875
v 0.496156875 0.60740375 0.00696875
v 0.51939625 0.474306875 0.00696875
v 0.51939625 0.60740375 0.00696875
v 0.496156875 0.474306875 0.00696875
v 0.496156875 0.60740375 -0.023665
v 0.496156875 0.474306875 0.00696875
v 0.496156875 0.60740375 0.00696875
v 0.496156875 0.474306875 -0.023665
v 0.496156875 0.474306875 0.00696875
v 0.51939625 0.474306875 -0.023665
v 0.51939625 0.474306875 0.00696875
v 0.496156875 0.474306875 -0.023665
v 0.496156875 0.60740375 -0.023665
v 0.51939625 0.60740375 0.00696875
v 0.51939625 0.60740375 -0.023665
v 0.496156875 0.60740375 0.00696875
v 0.51939625 0.627716875 -0.01475
v 0.496156875 0.5643375 -0.124526875
v 0.496156875 0.627716875 -0.01475
v 0.51939625 0.5643375 -0.124526875
v 0.51939625 0.6011875 0.00056625
v 0.51939625 0.5643375 -0.124526875
v 0.51939625 0.627716875 -0.01475
v 0.51939625 0.537808125 -0.10921
v 0.496156875 0.6011875 0.00056625
v 0.51939625 0.537808125 -0.10921
v 0.51939625 0.6011875 0.00056625
v 0.496156875 0.537808125 -0.10921
v 0.496156875 0.627716875 -0.01475
v 0.496156875 0.537808125 -0.10921
v 0.496156875 0.6011875 0.00056625
v 0.496156875 0.5643375 -0.124526875
v 0.496156875 0.537808125 -0.10921
v 0.51939625 0.5643375 -0.124526875
v 0.51939625 0.537808125 -0.10921
v 0.496156875 0.5643375 -0.124526875
v 0.496156875 0.627716875 -0.01475
v 0.51939625 0.6011875 0.00056625
v 0.51939625 0.627716875 -0.01475
v 0.496156875 0.6011875 0.00056625
v 0.51939625 0.626314375 -0.00072
v 0.4961575 0.693855 -0.106736875
v 0.496156875 0.626314375 -0.00072
v 0.51939625 0.693855 -0.106736875
v 0.51939625 0.60047875 -0.017179375
v 0.51939625 0.693855 -0.106736875
v 0.51939625 0.626314375 -0.00072
v 0.51939625 0.66801875 -0.12319625
v 0.496156875 0.60047875 -0.017179375
v 0.51939625 0.66801875 -0.12319625
v 0.51939625 0.60047875 -0.017179375
v 0.496156875 0.66801875 -0.12319625
v 0.496156875 0.626314375 -0.00072
v 0.496156875 0.66801875 -0.12319625
v 0.496156875 0.60047875 -0.017179375
v 0.4961575 0.693855 -0.106736875
v 0.496156875 0.66801875 -0.12319625
v 0.51939625 0.693855 -0.106736875
v 0.51939625 0.66801875 -0.12319625
v 0.4961575 0.693855 -0.106736875
v 0.496156875 0.626314375 -0.00072
v 0.51939625 0.60047875 -0.017179375
v 0.51939625 0.626314375 -0.00072
v 0.496156875 0.60047875 -0.017179375
v 0.51834 0.690255 -0.00572625
v 0.497213125 0.721945 0.049161875
v 0.497213125 0.690255 -0.00572625
v 0.51834 0.721945 0.049161875
v 0.51834 0.709465625 -0.0168175
v 0.51834 0.721945 0.049161875
v 0.51834 0.690255 -0.00572625
v 0.51834 0.741155625 0.038070625
v 0.497213125 0.709465625 -0.0168175
v 0.51834 0.741155625 0.038070625
v 0.51834 0.709465625 -0.0168175
v 0.497213125 0.741155625 0.038070625
v 0.497213125 0.690255 -0.00572625
v 0.497213125 0.741155625 0.038070625
v 0.497213125 0.709465625 -0.0168175
v 0.497213125 0.721945 0.049161875
v 0.497213125 0.741155625 0.038070625
v 0.51834 0.721945 0.049161875
v 0.51834 0.741155625 0.038070625
v 0.497213125 0.721945 0.049161875
v 0.497213125 0.690255 -0.00572625
v 0.51834 0.709465625 -0.0168175
v 0.51834 0.690255 -0.00572625
v 0.497213125 0.709465625 -0.0168175
v 0.51834 0.706925625 0.000535625
v 0.497213125 0.740979375 -0.052918125
v 0.497213125 0.706925625 0.000535625
v 0.51834 0.740979375 -0.052918125
v 0.51834 0.68554375 -0.01308625
v 0.51834 0.740979375 -0.052918125
v 0.51834 0.706925625 0.000535625
v 0.51834 0.7195975 -0.06654
v 0.497213125 0.68554375 -0.01308625
v 0.51834 0.7195975 -0.06654
v 0.51834 0.68554375 -0.01308625
v 0.497213125 0.7195975 -0.06654
v 0.497213125 0.706925625 0.000535625
v 0.497213125 0.7195975 -0.06654
v 0.497213125 0.68554375 -0.01308625
v 0.497213125 0.740979375 -0.052918125
v 0.497213125 0.7195975 -0.06654
v 0.51834 0.740979375 -0.052918125
v 0.51834 0.7195975 -0.06654
v 0.497213125 0.740979375 -0.052918125
v 0.497213125 0.706925625 0.000535625
v 0.51834 0.68554375 -0.01308625
v 0.51834 0.706925625 0.000535625
v 0.497213125 0.68554375 -0.01308625
v 0.51834 0.7395225 -0.006545
v 0.497213125 0.765665 0.019598125
v 0.497213125 0.7395225 -0.006545
v 0.51834 0.765665 0.019598125
v 0.51834 0.7664125 -0.033434375
v 0.51834 0.765665 0.019598125
v 0.51834 0.7395225 -0.006545
v 0.51834 0.792555 -0.007291875
v 0.497213125 0.7664125 -0.033434375
v 0.51834 0.792555 -0.007291875
v 0.51834 0.7664125 -0.033434375
v 0.497213125 0.792555 -0.007291875
v 0.497213125 0.7395225 -0.006545
v 0.497213125 0.792555 -0.007291875
v 0.497213125 0.7664125 -0.033434375
v 0.497213125 0.765665 0.019598125
v 0.497213125 0.792555 -0.007291875
v 0.51834 0.765665 0.019598125
v 0.51834 0.792555 -0.007291875
v 0.497213125 0.765665 0.019598125
v 0.497213125 0.7395225 -0.006545
v 0.51834 0.7664125 -0.033434375
v 0.51834 0.7395225 -0.006545
v 0.497213125 0.7664125 -0.033434375
v 0.51834 0.656198125 0.0698275
v 0.497213125 0.718075 0.083545625
v 0.497213125 0.656198125 0.0698275
v 0.51834 0.718075 0.083545625
v 0.51834 0.66191375 0.044045625
v 0.51834 0.718075 0.083545625
v 0.51834 0.656198125 0.0698275
v 0.51834 0.72379125 0.05776375
v 0.497213125 0.66191375 0.044045625
v 0.51834 0.72379125 0.05776375
v 0.51834 0.66191375 0.044045625
v 0.497213125 0.72379125 0.057763125
v 0.497213125 0.656198125 0.0698275
v 0.497213125 0.72379125 0.057763125
v 0.497213125 0.66191375 0.044045625
v 0.497213125 0.718075 0.083545625
v 0.497213125 0.72379125 0.057763125
v 0.51834 0.718075 0.083545625
v 0.51834 0.72379125 0.05776375
v 0.497213125 0.718075 0.083545625
v 0.497213125 0.656198125 0.0698275
v 0.51834 0.66191375 0.044045625
v 0.51834 0.656198125 0.0698275
v 0.497213125 0.66191375 0.044045625
v 0.51834 0.6405875 0.062823125
v 0.497213125 0.61997125 0.112595
v 0.497213125 0.6405875 0.062823125
v 0.51834 0.61997125 0.112595
v 0.51834 0.664985625 0.07292875
v 0.51834 0.61997125 0.112595
v 0.51834 0.6405875 0.062823125
v 0.51834 0.644369375 0.122700625
v 0.497213125 0.664985625 0.07292875
v 0.51834 0.644369375 0.122700625
v 0.51834 0.664985625 0.07292875
v 0.497213125 0.644369375 0.122700625
v 0.497213125 0.6405875 0.062823125
v 0.497213125 0.644369375 0.122700625
v 0.497213125 0.664985625 0.07292875
v 0.497213125 0.61997125 0.112595
v 0.497213125 0.644369375 0.122700625
v 0.51834 0.61997125 0.112595
v 0.51834 0.644369375 0.122700625
v 0.497213125 0.61997125 0.112595
v 0.497213125 0.6405875 0.062823125
v 0.51834 0.664985625 0.07292875
v 0.51834 0.6405875 0.062823125
v 0.497213125 0.664985625 0.07292875
v 0.51834 0.56057875 0.07277125
v 0.497213125 0.585131875 0.12542625
v 0.497213125 0.56057875 0.07277125
v 0.51834 0.585131875 0.12542625
v 0.51834 0.586426875 0.060718125
v 0.51834 0.585131875 0.12542625
v 0.51834 0.56057875 0.07277125
v 0.51834 0.610980625 0.1133725
v 0.497213125 0.586426875 0.060718125
v 0.51834 0.610980625 0.1133725
v 0.51834 0.586426875 0.060718125
v 0.497213125 0.610980625 0.1133725
v 0.497213125 0.56057875 0.07277125
v 0.497213125 0.610980625 0.1133725
v 0.497213125 0.586426875 0.060718125
v 0.497213125 0.585131875 0.12542625
v 0.497213125 0.610980625 0.1133725
v 0.51834 0.585131875 0.12542625
v 0.51834 0.610980625 0.1133725
v 0.497213125 0.585131875 0.12542625
v 0.497213125 0.56057875 0.07277125
v 0.51834 0.586426875 0.060718125
v 0.51834 0.56057875 0.07277125
v 0.497213125 0.586426875 0.060718125
v 0.51834 0.567559375 0.045170625
v 0.497213125 0.5056825 0.058888125
v 0.497213125 0.567559375 0.045170625
v 0.51834 0.5056825 0.058888125
v 0.51834 0.573046875 0.06992125
v 0.51834 0.5056825 0.058888125
v 0.51834 0.567559375 0.045170625
v 0.51834 0.511169375 0.083639375
v 0.497213125 0.573046875 0.06992125
v 0.51834 0.511169375 0.083639375
v 0.51834 0.573046875 0.06992125
v 0.497213125 0.511169375 0.083639375
v 0.497213125 0.567559375 0.045170625
v 0.497213125 0.511169375 0.083639375
v 0.497213125 0.573046875 0.06992125
v 0.497213125 0.5056825 0.058888125
v 0.497213125 0.511169375 0.083639375
v 0.51834 0.5056825 0.058888125
v 0.51834 0.511169375 0.083639375
v 0.497213125 0.5056825 0.058888125
v 0.497213125 0.567559375 0.045170625
v 0.51834 0.573046875 0.06992125
v 0.51834 0.567559375 0.045170625
v 0.497213125 0.573046875 0.06992125
v 0.51834 0.5208375 -0.01406
v 0.497213125 0.48678375 0.03939375
v 0.497213125 0.5208375 -0.01406
v 0.51834 0.48678375 0.03939375
v 0.51834 0.542219375 -0.00043875
v 0.51834 0.48678375 0.03939375
v 0.51834 0.5208375 -0.01406
v 0.51834 0.508165625 0.053015
v 0.497213125 0.542219375 -0.00043875
v 0.51834 0.508165625 0.053015
v 0.51834 0.542219375 -0.00043875
v 0.497213125 0.508165625 0.053015
v 0.497213125 0.5208375 -0.01406
v 0.497213125 0.508165625 0.053015
v 0.497213125 0.542219375 -0.00043875
v 0.497213125 0.48678375 0.03939375
v 0.497213125 0.508165625 0.053015
v 0.51834 0.48678375 0.03939375
v 0.51834 0.508165625 0.053015
v 0.497213125 0.48678375 0.03939375
v 0.497213125 0.5208375 -0.01406
v 0.51834 0.542219375 -0.00043875
v 0.51834 0.5208375 -0.01406
v 0.497213125 0.542219375 -0.00043875
v 0.51834 0.543466875 -0.01620625
v 0.497213125 0.505526875 -0.065650625
v 0.497213125 0.543466875 -0.01620625
v 0.51834 0.505526875 -0.065650625
v 0.51834 0.524191875 -0.001415625
v 0.51834 0.505526875 -0.065650625
v 0.51834 0.543466875 -0.01620625
v 0.51834 0.486251875 -0.05086
v 0.497213125 0.524191875 -0.001415625
v 0.51834 0.486251875 -0.05086
v 0.51834 0.524191875 -0.001415625
v 0.497213125 0.486251875 -0.05086
v 0.497213125 0.543466875 -0.01620625
v 0.497213125 0.486251875 -0.05086
v 0.497213125 0.524191875 -0.001415625
v 0.497213125 0.505526875 -0.065650625
v 0.497213125 0.486251875 -0.05086
v 0.51834 0.505526875 -0.065650625
v 0.51834 0.486251875 -0.05086
v 0.497213125 0.505526875 -0.065650625
v 0.497213125 0.543466875 -0.01620625
v 0.51834 0.524191875 -0.001415625
v 0.51834 0.543466875 -0.01620625
v 0.497213125 0.524191875 -0.001415625
v 0.51834 0.570255625 -0.086386875
v 0.497213125 0.513040625 -0.096475625
v 0.497213125 0.570255625 -0.086386875
v 0.51834 0.513040625 -0.096475625
v 0.51834 0.56585375 -0.061420625
v 0.51834 0.513040625 -0.096475625
v 0.51834 0.570255625 -0.086386875
v 0.51834 0.508638125 -0.07150875
v 0.497213125 0.56585375 -0.061420625
v 0.51834 0.508638125 -0.07150875
v 0.51834 0.56585375 -0.061420625
v 0.497213125 0.508638125 -0.07150875
v 0.497213125 0.570255625 -0.086386875
v 0.497213125 0.508638125 -0.07150875
v 0.497213125 0.56585375 -0.061420625
v 0.497213125 0.513040625 -0.096475625
v 0.497213125 0.508638125 -0.07150875
v 0.51834 0.513040625 -0.096475625
v 0.51834 0.508638125 -0.07150875
v 0.497213125 0.513040625 -0.096475625
v 0.497213125 0.570255625 -0.086386875
v 0.51834 0.56585375 -0.061420625
v 0.51834 0.570255625 -0.086386875
v 0.497213125 0.56585375 -0.061420625
v 0.51834 0.58735125 -0.070531875
v 0.497213125 0.610393125 -0.126159375
v 0.497213125 0.58735125 -0.070531875
v 0.51834 0.610393125 -0.126159375
v 0.51834 0.561001875 -0.08144625
v 0.51834 0.610393125 -0.126159375
v 0.51834 0.58735125 -0.070531875
v 0.51834 0.584043125 -0.13707375
v 0.497213125 0.561001875 -0.08144625
v 0.51834 0.584043125 -0.13707375
v 0.51834 0.561001875 -0.08144625
v 0.497213125 0.584043125 -0.13707375
v 0.497213125 0.58735125 -0.070531875
v 0.497213125 0.584043125 -0.13707375
v 0.497213125 0.561001875 -0.08144625
v 0.497213125 0.610393125 -0.126159375
v 0.497213125 0.584043125 -0.13707375
v 0.51834 0.610393125 -0.126159375
v 0.51834 0.584043125 -0.13707375
v 0.497213125 0.610393125 -0.126159375
v 0.497213125 0.58735125 -0.070531875
v 0.51834 0.561001875 -0.08144625
v 0.51834 0.58735125 -0.070531875
v 0.497213125 0.561001875 -0.08144625
v 0.51834 0.6565725 -0.05992125
v 0.497213125 0.720029375 -0.071110625
v 0.497213125 0.6565725 -0.05992125
v 0.51834 0.720029375 -0.071110625
v 0.51834 0.65217 -0.084888125
v 0.51834 0.720029375 -0.071110625
v 0.51834 0.6565725 -0.05992125
v 0.51834 0.715626875 -0.0960775
v 0.497213125 0.65217 -0.084888125
v 0.51834 0.715626875 -0.0960775
v 0.51834 0.65217 -0.084888125
v 0.497213125 0.715626875 -0.0960775
v 0.497213125 0.6565725 -0.05992125
v 0.497213125 0.715626875 -0.0960775
v 0.497213125 0.65217 -0.084888125
v 0.497213125 0.720029375 -0.071110625
v 0.497213125 0.715626875 -0.0960775
v 0.51834 0.720029375 -0.071110625
v 0.51834 0.715626875 -0.0960775
v 0.497213125 0.720029375 -0.071110625
v 0.497213125 0.6565725 -0.05992125
v 0.51834 0.65217 -0.084888125
v 0.51834 0.6565725 -0.05992125
v 0.497213125 0.65217 -0.084888125
v 0.51834 0.66783 -0.082658125
v 0.497213125 0.64478875 -0.138285625
v 0.497213125 0.66783 -0.082658125
v 0.51834 0.64478875 -0.138285625
v 0.51834 0.64245625 -0.072148125
v 0.51834 0.64478875 -0.138285625
v 0.51834 0.66783 -0.082658125
v 0.51834 0.619414375 -0.127775625
v 0.497213125 0.64245625 -0.072148125
v 0.51834 0.619414375 -0.127775625
v 0.51834 0.64245625 -0.072148125
v 0.497213125 0.619414375 -0.127775625
v 0.497213125 0.66783 -0.082658125
v 0.497213125 0.619414375 -0.127775625
v 0.497213125 0.64245625 -0.072148125
v 0.497213125 0.64478875 -0.138285625
v 0.497213125 0.619414375 -0.127775625
v 0.51834 0.64478875 -0.138285625
v 0.51834 0.619414375 -0.127775625
v 0.497213125 0.64478875 -0.138285625
v 0.497213125 0.66783 -0.082658125
v 0.51834 0.64245625 -0.072148125
v 0.51834 0.66783 -0.082658125
v 0.497213125 0.64245625 -0.072148125
v 0.526790625 0.5572175 -0.007683125
v 0.50355125 0.613984375 0.04908375
v 0.50355125 0.5572175 -0.007683125
v 0.526790625 0.613984375 0.04908375
v 0.526790625 0.61473125 -0.065196875
v 0.526790625 0.613984375 0.04908375
v 0.526790625 0.5572175 -0.007683125
v 0.526790625 0.671498125 -0.00843
v 0.50355125 0.61473125 -0.065196875
v 0.526790625 0.671498125 -0.00843
v 0.526790625 0.61473125 -0.065196875
v 0.50355125 0.671498125 -0.00843
v 0.50355125 0.5572175 -0.007683125
v 0.50355125 0.671498125 -0.00843
v 0.50355125 0.61473125 -0.065196875
v 0.50355125 0.613984375 0.04908375
v 0.50355125 0.671498125 -0.00843
v 0.526790625 0.613984375 0.04908375
v 0.526790625 0.671498125 -0.00843
v 0.50355125 0.613984375 0.04908375
v 0.50355125 0.5572175 -0.007683125
v 0.526790625 0.61473125 -0.065196875
v 0.526790625 0.5572175 -0.007683125
v 0.50355125 0.61473125 -0.065196875
v 0.525734375 0.64015 0.0059125
v 0.5046075 0.70458625 0.0059125
v 0.5046075 0.64015 0.0059125
v 0.525734375 0.70458625 0.0059125
v 0.525734375 0.64015 -0.022608125
v 0.525734375 0.70458625 0.0059125
v 0.525734375 0.64015 0.0059125
v 0.525734375 0.70458625 -0.022608125
v 0.5046075 0.64015 -0.022608125
v 0.525734375 0.70458625 -0.022608125
v 0.525734375 0.64015 -0.022608125
v 0.5046075 0.70458625 -0.02260875
v 0.5046075 0.64015 0.0059125
v 0.5046075 0.70458625 -0.02260875
v 0.5046075 0.64015 -0.022608125
v 0.5046075 0.70458625 0.0059125
v 0.5046075 0.70458625 -0.02260875
v 0.525734375 0.70458625 0.0059125
v 0.525734375 0.70458625 -0.022608125
v 0.5046075 0.70458625 0.0059125
v 0.5046075 0.64015 0.0059125
v 0.525734375 0.64015 -0.022608125
v 0.525734375 0.64015 0.0059125
v 0.5046075 0.64015 -0.022608125
v 0.525734375 0.520785625 0.0059125
v 0.5046075 0.5862775 0.0059125
v 0.5046075 0.520785625 0.0059125
v 0.525734375 0.5862775 0.0059125
v 0.525734375 0.520785625 -0.022608125
v 0.525734375 0.5862775 0.0059125
v 0.525734375 0.520785625 0.0059125
v 0.525734375 0.5862775 -0.022608125
v 0.5046075 0.520785625 -0.022608125
v 0.525734375 0.5862775 -0.022608125
v 0.525734375 0.520785625 -0.022608125
v 0.5046075 0.5862775 -0.022608125
v 0.5046075 0.520785625 0.0059125
v 0.5046075 0.5862775 -0.022608125
v 0.5046075 0.520785625 -0.022608125
v 0.5046075 0.5862775 0.0059125
v 0.5046075 0.5862775 -0.022608125
v 0.525734375 0.5862775 0.0059125
v 0.525734375 0.5862775 -0.022608125
v 0.5046075 0.5862775 0.0059125
v 0.5046075 0.520785625 0.0059125
v 0.525734375 0.520785625 -0.022608125
v 0.525734375 0.520785625 0.0059125
v 0.5046075 0.520785625 -0.022608125
v 0.525734375 0.629586875 -0.032115625
v 0.5046075 0.629586875 -0.09655125
v 0.5046075 0.629586875 -0.032115625
v 0.525734375 0.629586875 -0.09655125
v 0.525734375 0.60106625 -0.032115625
v 0.525734375 0.629586875 -0.09655125
v 0.525734375 0.629586875 -0.032115625
v 0.525734375 0.60106625 -0.09655125
v 0.5046075 0.60106625 -0.032115625
v 0.525734375 0.60106625 -0.09655125
v 0.525734375 0.60106625 -0.032115625
v 0.5046075 0.60106625 -0.09655125
v 0.5046075 0.629586875 -0.032115625
v 0.5046075 0.60106625 -0.09655125
v 0.5046075 0.60106625 -0.032115625
v 0.5046075 0.629586875 -0.09655125
v 0.5046075 0.60106625 -0.09655125
v 0.525734375 0.629586875 -0.09655125
v 0.525734375 0.60106625 -0.09655125
v 0.5046075 0.629586875 -0.09655125
v 0.5046075 0.629586875 -0.032115625
v 0.525734375 0.60106625 -0.032115625
v 0.525734375 0.629586875 -0.032115625
v 0.5046075 0.60106625 -0.032115625
v 0.525734375 0.6021225 0.019644375
v 0.5046075 0.6021225 0.084080625
v 0.5046075 0.6021225 0.019644375
v 0.525734375 0.6021225 0.084080625
v 0.525734375 0.630643125 0.019644375
v 0.525734375 0.6021225 0.084080625
v 0.525734375 0.6021225 0.019644375
v 0.525734375 0.630643125 0.084080625
v 0.5046075 0.630643125 0.019644375
v 0.525734375 0.630643125 0.084080625
v 0.525734375 0.630643125 0.019644375
v 0.5046075 0.630643125 0.084080625
v 0.5046075 0.6021225 0.019644375
v 0.5046075 0.630643125 0.084080625
v 0.5046075 0.630643125 0.019644375
v 0.5046075 0.6021225 0.084080625
v 0.5046075 0.630643125 0.084080625
v 0.525734375 0.6021225 0.084080625
v 0.525734375 0.630643125 0.084080625
v 0.5046075 0.6021225 0.084080625
v 0.5046075 0.6021225 0.019644375
v 0.525734375 0.630643125 0.019644375
v 0.525734375 0.6021225 0.019644375
v 0.5046075 0.630643125 0.019644375
v 0.51834 0.672828125 0.087905625
v 0.497213125 0.663259375 0.1236175
v 0.49721375 0.672828125 0.087905625
v 0.51834 0.663259375 0.1236175
v 0.51834 0.70956 0.097748125
v 0.51834 0.663259375 0.1236175
v 0.51834 0.672828125 0.087905625
v 0.51834 0.69999125 0.13346
v 0.49721375 0.70956 0.097748125
v 0.51834 0.69999125 0.13346
v 0.51834 0.70956 0.097748125
v 0.497213125 0.69999125 0.13346
v 0.49721375 0.672828125 0.087905625
v 0.497213125 0.69999125 0.13346
v 0.49721375 0.70956 0.097748125
v 0.497213125 0.663259375 0.1236175
v 0.497213125 0.69999125 0.13346
v 0.51834 0.663259375 0.1236175
v 0.51834 0.69999125 0.13346
v 0.497213125 0.663259375 0.1236175
v 0.49721375 0.672828125 0.087905625
v 0.51834 0.70956 0.097748125
v 0.51834 0.672828125 0.087905625
v 0.49721375 0.70956 0.097748125
v 0.51834 0.55490625 0.088928125
v 0.49721375 0.51881125 0.09693
v 0.49721375 0.55490625 0.088928125
v 0.51834 0.51881125 0.09693
v 0.51834 0.563136875 0.126054375
v 0.51834 0.51881125 0.09693
v 0.51834 0.55490625 0.088928125
v 0.51834 0.527041875 0.134056875
v 0.497213125 0.563136875 0.126054375
v 0.51834 0.527041875 0.134056875
v 0.51834 0.563136875 0.126054375
v 0.497213125 0.527041875 0.134056875
v 0.49721375 0.55490625 0.088928125
v 0.497213125 0.527041875 0.134056875
v 0.497213125 0.563136875 0.126054375
v 0.49721375 0.51881125 0.09693
v 0.497213125 0.527041875 0.134056875
v 0.51834 0.51881125 0.09693
v 0.51834 0.527041875 0.134056875
v 0.49721375 0.51881125 0.09693
v 0.49721375 0.55490625 0.088928125
v 0.51834 0.563136875 0.126054375
v 0.51834 0.55490625 0.088928125
v 0.497213125 0.563136875 0.126054375
v 0.51834 0.491061875 -0.0079375
v 0.497213125 0.464919375 -0.03408
v 0.497213125 0.491061875 -0.0079375
v 0.51834 0.464919375 -0.03408
v 0.51834 0.4641725 0.018951875
v 0.51834 0.464919375 -0.03408
v 0.51834 0.491061875 -0.0079375
v 0.51834 0.438029375 -0.007190625
v 0.497213125 0.4641725 0.018951875
v 0.51834 0.438029375 -0.007190625
v 0.51834 0.4641725 0.018951875
v 0.497213125 0.438029375 -0.007190625
v 0.497213125 0.491061875 -0.0079375
v 0.497213125 0.438029375 -0.007190625
v 0.497213125 0.4641725 0.018951875
v 0.497213125 0.464919375 -0.03408
v 0.497213125 0.438029375 -0.007190625
v 0.51834 0.464919375 -0.03408
v 0.51834 0.438029375 -0.007190625
v 0.497213125 0.464919375 -0.03408
v 0.497213125 0.491061875 -0.0079375
v 0.51834 0.4641725 0.018951875
v 0.51834 0.491061875 -0.0079375
v 0.497213125 0.4641725 0.018951875
v 0.51834 0.561349375 -0.101791875
v 0.497213125 0.569351875 -0.137886875
v 0.49721375 0.561349375 -0.101791875
v 0.51834 0.569351875 -0.137886875
v 0.51834 0.524223125 -0.1100225
v 0.51834 0.569351875 -0.137886875
v 0.51834 0.561349375 -0.101791875
v 0.51834 0.532225625 -0.1461175
v 0.49721375 0.524223125 -0.1100225
v 0.51834 0.532225625 -0.1461175
v 0.51834 0.524223125 -0.1100225
v 0.497213125 0.532225625 -0.1461175
v 0.49721375 0.561349375 -0.101791875
v 0.497213125 0.532225625 -0.1461175
v 0.49721375 0.524223125 -0.1100225
v 0.497213125 0.569351875 -0.137886875
v 0.497213125 0.532225625 -0.1461175
v 0.51834 0.569351875 -0.137886875
v 0.51834 0.532225625 -0.1461175
v 0.497213125 0.569351875 -0.137886875
v 0.49721375 0.561349375 -0.101791875
v 0.51834 0.524223125 -0.1100225
v 0.51834 0.561349375 -0.101791875
v 0.49721375 0.524223125 -0.1100225
v 0.51834 0.674734375 -0.100845625
v 0.49721375 0.709994375 -0.111963125
v 0.49721375 0.674734375 -0.100845625
v 0.51834 0.709994375 -0.111963125
v 0.51834 0.66329875 -0.137113125
v 0.51834 0.709994375 -0.111963125
v 0.51834 0.674734375 -0.100845625
v 0.51834 0.698559375 -0.148230625
v 0.497213125 0.66329875 -0.137113125
v 0.51834 0.698559375 -0.148230625
v 0.51834 0.66329875 -0.137113125
v 0.497213125 0.698559375 -0.148230625
v 0.49721375 0.674734375 -0.100845625
v 0.497213125 0.698559375 -0.148230625
v 0.497213125 0.66329875 -0.137113125
v 0.49721375 0.709994375 -0.111963125
v 0.497213125 0.698559375 -0.148230625
v 0.51834 0.709994375 -0.111963125
v 0.51834 0.698559375 -0.148230625
v 0.49721375 0.709994375 -0.111963125
v 0.49721375 0.674734375 -0.100845625
v 0.51834 0.66329875 -0.137113125
v 0.51834 0.674734375 -0.100845625
v 0.497213125 0.66329875 -0.137113125
v -0.496156875 0.7574025 0.008025
v -0.51939625 0.610573125 0.008025
v -0.496156875 0.610573125 0.008025
v -0.51939625 0.7574025 0.008025
v -0.51939625 0.7574025 0.008025
v -0.51939625 0.610573125 -0.02260875
v -0.51939625 0.610573125 0.008025
v -0.51939625 0.7574025 -0.02260875
v -0.51939625 0.7574025 -0.02260875
v -0.496156875 0.610573125 -0.02260875
v -0.51939625 0.610573125 -0.02260875
v -0.496156875 0.7574025 -0.02260875
v -0.496156875 0.7574025 -0.02260875
v -0.496156875 0.610573125 0.008025
v -0.496156875 0.610573125 -0.02260875
v -0.496156875 0.7574025 0.008025
v -0.51939625 0.7574025 0.008025
v -0.496156875 0.7574025 -0.02260875
v -0.51939625 0.7574025 -0.02260875
v -0.496156875 0.7574025 0.008025
v -0.51939625 0.610573125 -0.02260875
v -0.496156875 0.610573125 0.008025
v -0.51939625 0.610573125 0.008025
v -0.496156875 0.610573125 -0.02260875
v -0.4961575 0.66798125 0.112030625
v -0.51939625 0.59932 -0.00689375
v -0.496156875 0.59932 -0.00689375
v -0.51939625 0.66798125 0.112030625
v -0.51939625 0.66798125 0.112030625
v -0.51939625 0.625849375 -0.022210625
v -0.51939625 0.59932 -0.00689375
v -0.51939625 0.694510625 0.096714375
v -0.51939625 0.694510625 0.096714375
v -0.496156875 0.625849375 -0.022210625
v -0.51939625 0.625849375 -0.022210625
v -0.4961575 0.694510625 0.096714375
v -0.4961575 0.694510625 0.096714375
v -0.496156875 0.59932 -0.00689375
v -0.496156875 0.625849375 -0.022210625
v -0.4961575 0.66798125 0.112030625
v -0.51939625 0.66798125 0.112030625
v -0.4961575 0.694510625 0.096714375
v -0.51939625 0.694510625 0.096714375
v -0.4961575 0.66798125 0.112030625
v -0.51939625 0.625849375 -0.022210625
v -0.496156875 0.59932 -0.00689375
v -0.51939625 0.59932 -0.00689375
v -0.496156875 0.625849375 -0.022210625
v -0.496156875 0.53334125 0.094103125
v -0.51939625 0.60371875 -0.016368125
v -0.496156875 0.60371875 -0.016368125
v -0.51939625 0.53334125 0.094103125
v -0.51939625 0.53334125 0.094103125
v -0.51939625 0.629555 0.00009125
v -0.51939625 0.60371875 -0.016368125
v -0.51939625 0.559176875 0.1105625
v -0.51939625 0.559176875 0.1105625
v -0.496156875 0.629555 0.00009125
v -0.51939625 0.629555 0.00009125
v -0.4961575 0.559176875 0.1105625
v -0.4961575 0.559176875 0.1105625
v -0.496156875 0.60371875 -0.016368125
v -0.496156875 0.629555 0.00009125
v -0.496156875 0.53334125 0.094103125
v -0.51939625 0.53334125 0.094103125
v -0.4961575 0.559176875 0.1105625
v -0.51939625 0.559176875 0.1105625
v -0.496156875 0.53334125 0.094103125
v -0.51939625 0.629555 0.00009125
v -0.496156875 0.60371875 -0.016368125
v -0.51939625 0.60371875 -0.016368125
v -0.496156875 0.629555 0.00009125
v -0.496156875 0.474306875 -0.023665
v -0.51939625 0.60740375 -0.023665
v -0.496156875 0.60740375 -0.023665
v -0.51939625 0.474306875 -0.023665
v -0.51939625 0.474306875 -0.023665
v -0.51939625 0.60740375 0.00696875
v -0.51939625 0.60740375 -0.023665
v -0.51939625 0.474306875 0.00696875
v -0.51939625 0.474306875 0.00696875
v -0.496156875 0.60740375 0.00696875
v -0.51939625 0.60740375 0.00696875
v -0.496156875 0.474306875 0.00696875
v -0.496156875 0.474306875 0.00696875
v -0.496156875 0.60740375 -0.023665
v -0.496156875 0.60740375 0.00696875
v -0.496156875 0.474306875 -0.023665
v -0.51939625 0.474306875 -0.023665
v -0.496156875 0.474306875 0.00696875
v -0.51939625 0.474306875 0.00696875
v -0.496156875 0.474306875 -0.023665
v -0.51939625 0.60740375 0.00696875
v -0.496156875 0.60740375 -0.023665
v -0.51939625 0.60740375 -0.023665
v -0.496156875 0.60740375 0.00696875
v -0.496156875 0.5643375 -0.124526875
v -0.51939625 0.627716875 -0.014750625
v -0.496156875 0.627716875 -0.014750625
v -0.51939625 0.5643375 -0.124526875
v -0.51939625 0.5643375 -0.124526875
v -0.51939625 0.6011875 0.00056625
v -0.51939625 0.627716875 -0.014750625
v -0.51939625 0.537808125 -0.109210625
v -0.51939625 0.537808125 -0.109210625
v -0.496156875 0.6011875 0.00056625
v -0.51939625 0.6011875 0.00056625
v -0.496156875 0.537808125 -0.109210625
v -0.496156875 0.537808125 -0.109210625
v -0.496156875 0.627716875 -0.014750625
v -0.496156875 0.6011875 0.00056625
v -0.496156875 0.5643375 -0.124526875
v -0.51939625 0.5643375 -0.124526875
v -0.496156875 0.537808125 -0.109210625
v -0.51939625 0.537808125 -0.109210625
v -0.496156875 0.5643375 -0.124526875
v -0.51939625 0.6011875 0.00056625
v -0.496156875 0.627716875 -0.014750625
v -0.51939625 0.627716875 -0.014750625
v -0.496156875 0.6011875 0.00056625
v -0.4961575 0.693855 -0.106736875
v -0.51939625 0.626314375 -0.000720625
v -0.496156875 0.626314375 -0.000720625
v -0.51939625 0.693855 -0.106736875
v -0.51939625 0.693855 -0.106736875
v -0.51939625 0.60047875 -0.01718
v -0.51939625 0.626314375 -0.000720625
v -0.51939625 0.66801875 -0.12319625
v -0.51939625 0.66801875 -0.12319625
v -0.496156875 0.60047875 -0.01718
v -0.51939625 0.60047875 -0.01718
v -0.496156875 0.66801875 -0.12319625
v -0.496156875 0.66801875 -0.12319625
v -0.496156875 0.626314375 -0.000720625
v -0.496156875 0.60047875 -0.01718
v -0.4961575 0.693855 -0.106736875
v -0.51939625 0.693855 -0.106736875
v -0.496156875 0.66801875 -0.12319625
v -0.51939625 0.66801875 -0.12319625
v -0.4961575 0.693855 -0.106736875
v -0.51939625 0.60047875 -0.01718
v -0.496156875 0.626314375 -0.000720625
v -0.51939625 0.626314375 -0.000720625
v -0.496156875 0.60047875 -0.01718
v -0.49721375 0.721945 0.049161875
v -0.51834 0.690255 -0.00572625
v -0.49721375 0.690255 -0.00572625
v -0.51834 0.721945 0.049161875
v -0.51834 0.721945 0.049161875
v -0.51834 0.709465625 -0.016818125
v -0.51834 0.690255 -0.00572625
v -0.51834 0.741155625 0.038070625
v -0.51834 0.741155625 0.038070625
v -0.49721375 0.709465625 -0.016818125
v -0.51834 0.709465625 -0.016818125
v -0.49721375 0.741155625 0.038070625
v -0.49721375 0.741155625 0.038070625
v -0.49721375 0.690255 -0.00572625
v -0.49721375 0.709465625 -0.016818125
v -0.49721375 0.721945 0.049161875
v -0.51834 0.721945 0.049161875
v -0.49721375 0.741155625 0.038070625
v -0.51834 0.741155625 0.038070625
v -0.49721375 0.721945 0.049161875
v -0.51834 0.709465625 -0.016818125
v -0.49721375 0.690255 -0.00572625
v -0.51834 0.690255 -0.00572625
v -0.49721375 0.709465625 -0.016818125
v -0.49721375 0.740979375 -0.052918125
v -0.51834 0.706925625 0.000535
v -0.49721375 0.706925625 0.000535625
v -0.51834 0.740979375 -0.052918125
v -0.51834 0.740979375 -0.052918125
v -0.51834 0.68554375 -0.01308625
v -0.51834 0.706925625 0.000535
v -0.51834 0.7195975 -0.06654
v -0.51834 0.7195975 -0.06654
v -0.49721375 0.68554375 -0.01308625
v -0.51834 0.68554375 -0.01308625
v -0.49721375 0.7195975 -0.06654
v -0.49721375 0.7195975 -0.06654
v -0.49721375 0.706925625 0.000535625
v -0.49721375 0.68554375 -0.01308625
v -0.49721375 0.740979375 -0.052918125
v -0.51834 0.740979375 -0.052918125
v -0.49721375 0.7195975 -0.06654
v -0.51834 0.7195975 -0.06654
v -0.49721375 0.740979375 -0.052918125
v -0.51834 0.68554375 -0.01308625
v -0.49721375 0.706925625 0.000535625
v -0.51834 0.706925625 0.000535
v -0.49721375 0.68554375 -0.01308625
v -0.49721375 0.765665 0.0195975
v -0.51834 0.7395225 -0.006545
v -0.49721375 0.7395225 -0.006545
v -0.51834 0.765665 0.0195975
v -0.51834 0.765665 0.0195975
v -0.51834 0.7664125 -0.033434375
v -0.51834 0.7395225 -0.006545
v -0.51834 0.792555 -0.007291875
v -0.51834 0.792555 -0.007291875
v -0.49721375 0.7664125 -0.033434375
v -0.51834 0.7664125 -0.033434375
v -0.49721375 0.792555 -0.007291875
v -0.49721375 0.792555 -0.007291875
v -0.49721375 0.7395225 -0.006545
v -0.49721375 0.7664125 -0.033434375
v -0.49721375 0.765665 0.0195975
v -0.51834 0.765665 0.0195975
v -0.49721375 0.792555 -0.007291875
v -0.51834 0.792555 -0.007291875
v -0.49721375 0.765665 0.0195975
v -0.51834 0.7664125 -0.033434375
v -0.49721375 0.7395225 -0.006545
v -0.51834 0.7395225 -0.006545
v -0.49721375 0.7664125 -0.033434375
v -0.49721375 0.718075 0.083545625
v -0.51834 0.656198125 0.0698275
v -0.49721375 0.656198125 0.0698275
v -0.51834 0.718075 0.083545625
v -0.51834 0.718075 0.083545625
v -0.51834 0.66191375 0.044045625
v -0.51834 0.656198125 0.0698275
v -0.51834 0.72379125 0.057763125
v -0.51834 0.72379125 0.057763125
v -0.49721375 0.66191375 0.044045625
v -0.51834 0.66191375 0.044045625
v -0.49721375 0.72379125 0.057763125
v -0.49721375 0.72379125 0.057763125
v -0.49721375 0.656198125 0.0698275
v -0.49721375 0.66191375 0.044045625
v -0.49721375 0.718075 0.083545625
v -0.51834 0.718075 0.083545625
v -0.49721375 0.72379125 0.057763125
v -0.51834 0.72379125 0.057763125
v -0.49721375 0.718075 0.083545625
v -0.51834 0.66191375 0.044045625
v -0.49721375 0.656198125 0.0698275
v -0.51834 0.656198125 0.0698275
v -0.49721375 0.66191375 0.044045625
v -0.49721375 0.61997125 0.112595
v -0.51834 0.6405875 0.062823125
v -0.49721375 0.6405875 0.062823125
v -0.51834 0.61997125 0.112595
v -0.51834 0.61997125 0.112595
v -0.51834 0.664985625 0.07292875
v -0.51834 0.6405875 0.062823125
v -0.51834 0.644369375 0.122700625
v -0.51834 0.644369375 0.122700625
v -0.49721375 0.664985625 0.07292875
v -0.51834 0.664985625 0.07292875
v -0.49721375 0.644369375 0.122700625
v -0.49721375 0.644369375 0.122700625
v -0.49721375 0.6405875 0.062823125
v -0.49721375 0.664985625 0.07292875
v -0.49721375 0.61997125 0.112595
v -0.51834 0.61997125 0.112595
v -0.49721375 0.644369375 0.122700625
v -0.51834 0.644369375 0.122700625
v -0.49721375 0.61997125 0.112595
v -0.51834 0.664985625 0.07292875
v -0.49721375 0.6405875 0.062823125
v -0.51834 0.6405875 0.062823125
v -0.49721375 0.664985625 0.07292875
v -0.49721375 0.585131875 0.12542625
v -0.51834 0.56057875 0.07277125
v -0.49721375 0.56057875 0.07277125
v -0.51834 0.585131875 0.12542625
v -0.51834 0.585131875 0.12542625
v -0.51834 0.586426875 0.060718125
v -0.51834 0.56057875 0.07277125
v -0.51834 0.610980625 0.1133725
v -0.51834 0.610980625 0.1133725
v -0.49721375 0.586426875 0.060718125
v -0.51834 0.586426875 0.060718125
v -0.49721375 0.610980625 0.1133725
v -0.49721375 0.610980625 0.1133725
v -0.49721375 0.56057875 0.07277125
v -0.49721375 0.586426875 0.060718125
v -0.49721375 0.585131875 0.12542625
v -0.51834 0.585131875 0.12542625
v -0.49721375 0.610980625 0.1133725
v -0.51834 0.610980625 0.1133725
v -0.49721375 0.585131875 0.12542625
v -0.51834 0.586426875 0.060718125
v -0.49721375 0.56057875 0.07277125
v -0.51834 0.56057875 0.07277125
v -0.49721375 0.586426875 0.060718125
v -0.49721375 0.5056825 0.058888125
v -0.51834 0.567559375 0.045170625
v -0.49721375 0.567559375 0.045170625
v -0.51834 0.5056825 0.058888125
v -0.51834 0.5056825 0.058888125
v -0.51834 0.573046875 0.06992125
v -0.51834 0.567559375 0.045170625
v -0.51834 0.511169375 0.083639375
v -0.51834 0.511169375 0.083639375
v -0.49721375 0.573046875 0.06992125
v -0.51834 0.573046875 0.06992125
v -0.49721375 0.511169375 0.083639375
v -0.49721375 0.511169375 0.083639375
v -0.49721375 0.567559375 0.045170625
v -0.49721375 0.573046875 0.06992125
v -0.49721375 0.5056825 0.058888125
v -0.51834 0.5056825 0.058888125
v -0.49721375 0.511169375 0.083639375
v -0.51834 0.511169375 0.083639375
v -0.49721375 0.5056825 0.058888125
v -0.51834 0.573046875 0.06992125
v -0.49721375 0.567559375 0.045170625
v -0.51834 0.567559375 0.045170625
v -0.49721375 0.573046875 0.06992125
v -0.49721375 0.48678375 0.03939375
v -0.51834 0.5208375 -0.01406
v -0.49721375 0.5208375 -0.01406
v -0.51834 0.48678375 0.03939375
v -0.51834 0.48678375 0.03939375
v -0.51834 0.542219375 -0.00043875
v -0.51834 0.5208375 -0.01406
v -0.51834 0.508165625 0.053015
v -0.51834 0.508165625 0.053015
v -0.49721375 0.542219375 -0.00043875
v -0.51834 0.542219375 -0.00043875
v -0.49721375 0.508165625 0.053015
v -0.49721375 0.508165625 0.053015
v -0.49721375 0.5208375 -0.01406
v -0.49721375 0.542219375 -0.00043875
v -0.49721375 0.48678375 0.03939375
v -0.51834 0.48678375 0.03939375
v -0.49721375 0.508165625 0.053015
v -0.51834 0.508165625 0.053015
v -0.49721375 0.48678375 0.03939375
v -0.51834 0.542219375 -0.00043875
v -0.49721375 0.5208375 -0.01406
v -0.51834 0.5208375 -0.01406
v -0.49721375 0.542219375 -0.00043875
v -0.49721375 0.505526875 -0.065650625
v -0.51834 0.543466875 -0.01620625
v -0.49721375 0.543466875 -0.01620625
v -0.51834 0.505526875 -0.065650625
v -0.51834 0.505526875 -0.065650625
v -0.51834 0.524191875 -0.00141625
v -0.51834 0.543466875 -0.01620625
v -0.51834 0.486251875 -0.050860625
v -0.51834 0.486251875 -0.050860625
v -0.49721375 0.524191875 -0.00141625
v -0.51834 0.524191875 -0.00141625
v -0.49721375 0.486251875 -0.050860625
v -0.49721375 0.486251875 -0.050860625
v -0.49721375 0.543466875 -0.01620625
v -0.49721375 0.524191875 -0.00141625
v -0.49721375 0.505526875 -0.065650625
v -0.51834 0.505526875 -0.065650625
v -0.49721375 0.486251875 -0.050860625
v -0.51834 0.486251875 -0.050860625
v -0.49721375 0.505526875 -0.065650625
v -0.51834 0.524191875 -0.00141625
v -0.49721375 0.543466875 -0.01620625
v -0.51834 0.543466875 -0.01620625
v -0.49721375 0.524191875 -0.00141625
v -0.49721375 0.513040625 -0.096475625
v -0.51834 0.570255625 -0.086386875
v -0.49721375 0.570255625 -0.086386875
v -0.51834 0.513040625 -0.096475625
v -0.51834 0.513040625 -0.096475625
v -0.51834 0.56585375 -0.061420625
v -0.51834 0.570255625 -0.086386875
v -0.51834 0.508638125 -0.071509375
v -0.51834 0.508638125 -0.071509375
v -0.49721375 0.56585375 -0.061420625
v -0.51834 0.56585375 -0.061420625
v -0.49721375 0.508638125 -0.071509375
v -0.49721375 0.508638125 -0.071509375
v -0.49721375 0.570255625 -0.086386875
v -0.49721375 0.56585375 -0.061420625
v -0.49721375 0.513040625 -0.096475625
v -0.51834 0.513040625 -0.096475625
v -0.49721375 0.508638125 -0.071509375
v -0.51834 0.508638125 -0.071509375
v -0.49721375 0.513040625 -0.096475625
v -0.51834 0.56585375 -0.061420625
v -0.49721375 0.570255625 -0.086386875
v -0.51834 0.570255625 -0.086386875
v -0.49721375 0.56585375 -0.061420625
v -0.497213125 0.610393125 -0.126159375
v -0.51834 0.58735125 -0.070531875
v -0.49721375 0.58735125 -0.070531875
v -0.51834 0.610393125 -0.126159375
v -0.51834 0.610393125 -0.126159375
v -0.51834 0.561001875 -0.081446875
v -0.51834 0.58735125 -0.070531875
v -0.51834 0.584043125 -0.13707375
v -0.51834 0.584043125 -0.13707375
v -0.49721375 0.561001875 -0.081446875
v -0.51834 0.561001875 -0.081446875
v -0.497213125 0.584043125 -0.13707375
v -0.497213125 0.584043125 -0.13707375
v -0.49721375 0.58735125 -0.070531875
v -0.49721375 0.561001875 -0.081446875
v -0.497213125 0.610393125 -0.126159375
v -0.51834 0.610393125 -0.126159375
v -0.497213125 0.584043125 -0.13707375
v -0.51834 0.584043125 -0.13707375
v -0.497213125 0.610393125 -0.126159375
v -0.51834 0.561001875 -0.081446875
v -0.49721375 0.58735125 -0.070531875
v -0.51834 0.58735125 -0.070531875
v -0.49721375 0.561001875 -0.081446875
v -0.49721375 0.720029375 -0.071110625
v -0.51834 0.6565725 -0.059921875
v -0.49721375 0.6565725 -0.059921875
v -0.51834 0.720029375 -0.071110625
v -0.51834 0.720029375 -0.071110625
v -0.51834 0.65217 -0.084888125
v -0.51834 0.6565725 -0.059921875
v -0.51834 0.715626875 -0.0960775
v -0.51834 0.715626875 -0.0960775
v -0.49721375 0.65217 -0.084888125
v -0.51834 0.65217 -0.084888125
v -0.49721375 0.715626875 -0.0960775
v -0.49721375 0.715626875 -0.0960775
v -0.49721375 0.6565725 -0.059921875
v -0.49721375 0.65217 -0.084888125
v -0.49721375 0.720029375 -0.071110625
v -0.51834 0.720029375 -0.071110625
v -0.49721375 0.715626875 -0.0960775
v -0.51834 0.715626875 -0.0960775
v -0.49721375 0.720029375 -0.071110625
v -0.51834 0.65217 -0.084888125
v -0.49721375 0.6565725 -0.059921875
v -0.51834 0.6565725 -0.059921875
v -0.49721375 0.65217 -0.084888125
v -0.497213125 0.64478875 -0.13828625
v -0.51834 0.66783 -0.08265875
v -0.49721375 0.66783 -0.08265875
v -0.51834 0.64478875 -0.138285625
v -0.51834 0.64478875 -0.138285625
v -0.51834 0.64245625 -0.072148125
v -0.51834 0.66783 -0.08265875
v -0.51834 0.619414375 -0.127775625
v -0.51834 0.619414375 -0.127775625
v -0.49721375 0.64245625 -0.072148125
v -0.51834 0.64245625 -0.072148125
v -0.497213125 0.619414375 -0.127775625
v -0.497213125 0.619414375 -0.127775625
v -0.49721375 0.66783 -0.08265875
v -0.49721375 0.64245625 -0.072148125
v -0.497213125 0.64478875 -0.13828625
v -0.51834 0.64478875 -0.138285625
v -0.497213125 0.619414375 -0.127775625
v -0.51834 0.619414375 -0.127775625
v -0.497213125 0.64478875 -0.13828625
v -0.51834 0.64245625 -0.072148125
v -0.49721375 0.66783 -0.08265875
v -0.51834 0.66783 -0.08265875
v -0.49721375 0.64245625 -0.072148125
v -0.50355125 0.613984375 0.04908375
v -0.526790625 0.5572175 -0.007683125
v -0.50355125 0.5572175 -0.007683125
v -0.526790625 0.613984375 0.04908375
v -0.526790625 0.613984375 0.04908375
v -0.526790625 0.61473125 -0.0651975
v -0.526790625 0.5572175 -0.007683125
v -0.526790625 0.671498125 -0.00843
v -0.526790625 0.671498125 -0.00843
v -0.50355125 0.61473125 -0.0651975
v -0.526790625 0.61473125 -0.0651975
v -0.50355125 0.671498125 -0.00843
v -0.50355125 0.671498125 -0.00843
v -0.50355125 0.5572175 -0.007683125
v -0.50355125 0.61473125 -0.0651975
v -0.50355125 0.613984375 0.04908375
v -0.526790625 0.613984375 0.04908375
v -0.50355125 0.671498125 -0.00843
v -0.526790625 0.671498125 -0.00843
v -0.50355125 0.613984375 0.04908375
v -0.526790625 0.61473125 -0.0651975
v -0.50355125 0.5572175 -0.007683125
v -0.526790625 0.5572175 -0.007683125
v -0.50355125 0.61473125 -0.0651975
v -0.5046075 0.70458625 0.005911875
v -0.525734375 0.64015 0.005911875
v -0.5046075 0.64015 0.005911875
v -0.525734375 0.70458625 0.005911875
v -0.525734375 0.70458625 0.005911875
v -0.525734375 0.64015 -0.02260875
v -0.525734375 0.64015 0.005911875
v -0.525734375 0.70458625 -0.02260875
v -0.525734375 0.70458625 -0.02260875
v -0.5046075 0.64015 -0.02260875
v -0.525734375 0.64015 -0.02260875
v -0.5046075 0.70458625 -0.02260875
v -0.5046075 0.70458625 -0.02260875
v -0.5046075 0.64015 0.005911875
v -0.5046075 0.64015 -0.02260875
v -0.5046075 0.70458625 0.005911875
v -0.525734375 0.70458625 0.005911875
v -0.5046075 0.70458625 -0.02260875
v -0.525734375 0.70458625 -0.02260875
v -0.5046075 0.70458625 0.005911875
v -0.525734375 0.64015 -0.02260875
v -0.5046075 0.64015 0.005911875
v -0.525734375 0.64015 0.005911875
v -0.5046075 0.64015 -0.02260875
v -0.5046075 0.5862775 0.005911875
v -0.525734375 0.520785625 0.005911875
v -0.5046075 0.520785625 0.005911875
v -0.525734375 0.5862775 0.005911875
v -0.525734375 0.5862775 0.005911875
v -0.525734375 0.520785625 -0.02260875
v -0.525734375 0.520785625 0.005911875
v -0.525734375 0.5862775 -0.02260875
v -0.525734375 0.5862775 -0.02260875
v -0.5046075 0.520785625 -0.02260875
v -0.525734375 0.520785625 -0.02260875
v -0.5046075 0.5862775 -0.02260875
v -0.5046075 0.5862775 -0.02260875
v -0.5046075 0.520785625 0.005911875
v -0.5046075 0.520785625 -0.02260875
v -0.5046075 0.5862775 0.005911875
v -0.525734375 0.5862775 0.005911875
v -0.5046075 0.5862775 -0.02260875
v -0.525734375 0.5862775 -0.02260875
v -0.5046075 0.5862775 0.005911875
v -0.525734375 0.520785625 -0.02260875
v -0.5046075 0.520785625 0.005911875
v -0.525734375 0.520785625 0.005911875
v -0.5046075 0.520785625 -0.02260875
v -0.5046075 0.629586875 -0.09655125
v -0.525734375 0.629586875 -0.032115625
v -0.5046075 0.629586875 -0.032115625
v -0.525734375 0.629586875 -0.09655125
v -0.525734375 0.629586875 -0.09655125
v -0.525734375 0.60106625 -0.032115625
v -0.525734375 0.629586875 -0.032115625
v -0.525734375 0.60106625 -0.09655125
v -0.525734375 0.60106625 -0.09655125
v -0.5046075 0.60106625 -0.032115625
v -0.525734375 0.60106625 -0.032115625
v -0.5046075 0.60106625 -0.09655125
v -0.5046075 0.60106625 -0.09655125
v -0.5046075 0.629586875 -0.032115625
v -0.5046075 0.60106625 -0.032115625
v -0.5046075 0.629586875 -0.09655125
v -0.525734375 0.629586875 -0.09655125
v -0.5046075 0.60106625 -0.09655125
v -0.525734375 0.60106625 -0.09655125
v -0.5046075 0.629586875 -0.09655125
v -0.525734375 0.60106625 -0.032115625
v -0.5046075 0.629586875 -0.032115625
v -0.525734375 0.629586875 -0.032115625
v -0.5046075 0.60106625 -0.032115625
v -0.5046075 0.6021225 0.08408
v -0.525734375 0.6021225 0.019644375
v -0.5046075 0.6021225 0.019644375
v -0.525734375 0.6021225 0.08408
v -0.525734375 0.6021225 0.08408
v -0.525734375 0.630643125 0.019644375
v -0.525734375 0.6021225 0.019644375
v -0.525734375 0.630643125 0.08408
v -0.525734375 0.630643125 0.08408
v -0.5046075 0.630643125 0.019644375
v -0.525734375 0.630643125 0.019644375
v -0.5046075 0.630643125 0.08408
v -0.5046075 0.630643125 0.08408
v -0.5046075 0.6021225 0.019644375
v -0.5046075 0.630643125 0.019644375
v -0.5046075 0.6021225 0.08408
v -0.525734375 0.6021225 0.08408
v -0.5046075 0.630643125 0.08408
v -0.525734375 0.630643125 0.08408
v -0.5046075 0.6021225 0.08408
v -0.525734375 0.630643125 0.019644375
v -0.5046075 0.6021225 0.019644375
v -0.525734375 0.6021225 0.019644375
v -0.5046075 0.630643125 0.019644375
v -0.49721375 0.663259375 0.1236175
v -0.51834 0.672828125 0.087905625
v -0.49721375 0.672828125 0.087905625
v -0.51834 0.663259375 0.1236175
v -0.51834 0.663259375 0.1236175
v -0.51834 0.70956 0.097748125
v -0.51834 0.672828125 0.087905625
v -0.51834 0.69999125 0.133459375
v -0.51834 0.69999125 0.133459375
v -0.49721375 0.70956 0.097748125
v -0.51834 0.70956 0.097748125
v -0.49721375 0.69999125 0.133459375
v -0.49721375 0.69999125 0.133459375
v -0.49721375 0.672828125 0.087905625
v -0.49721375 0.70956 0.097748125
v -0.49721375 0.663259375 0.1236175
v -0.51834 0.663259375 0.1236175
v -0.49721375 0.69999125 0.133459375
v -0.51834 0.69999125 0.133459375
v -0.49721375 0.663259375 0.1236175
v -0.51834 0.70956 0.097748125
v -0.49721375 0.672828125 0.087905625
v -0.51834 0.672828125 0.087905625
v -0.49721375 0.70956 0.097748125
v -0.49721375 0.51881125 0.09693
v -0.51834 0.55490625 0.088928125
v -0.49721375 0.55490625 0.088928125
v -0.51834 0.51881125 0.09693
v -0.51834 0.51881125 0.09693
v -0.51834 0.563136875 0.126054375
v -0.51834 0.55490625 0.088928125
v -0.51834 0.527041875 0.13405625
v -0.51834 0.527041875 0.13405625
v -0.49721375 0.563136875 0.126054375
v -0.51834 0.563136875 0.126054375
v -0.49721375 0.527041875 0.13405625
v -0.49721375 0.527041875 0.13405625
v -0.49721375 0.55490625 0.088928125
v -0.49721375 0.563136875 0.126054375
v -0.49721375 0.51881125 0.09693
v -0.51834 0.51881125 0.09693
v -0.49721375 0.527041875 0.13405625
v -0.51834 0.527041875 0.13405625
v -0.49721375 0.51881125 0.09693
v -0.51834 0.563136875 0.126054375
v -0.49721375 0.55490625 0.088928125
v -0.51834 0.55490625 0.088928125
v -0.49721375 0.563136875 0.126054375
v -0.49721375 0.464919375 -0.034080625
v -0.51834 0.491061875 -0.0079375
v -0.49721375 0.491061875 -0.0079375
v -0.51834 0.464919375 -0.034080625
v -0.51834 0.464919375 -0.034080625
v -0.51834 0.4641725 0.018951875
v -0.51834 0.491061875 -0.0079375
v -0.51834 0.438029375 -0.007190625
v -0.51834 0.438029375 -0.007190625
v -0.49721375 0.4641725 0.018951875
v -0.51834 0.4641725 0.018951875
v -0.49721375 0.438029375 -0.007190625
v -0.49721375 0.438029375 -0.007190625
v -0.49721375 0.491061875 -0.0079375
v -0.49721375 0.4641725 0.018951875
v -0.49721375 0.464919375 -0.034080625
v -0.51834 0.464919375 -0.034080625
v -0.49721375 0.438029375 -0.007190625
v -0.51834 0.438029375 -0.007190625
v -0.49721375 0.464919375 -0.034080625
v -0.51834 0.4641725 0.018951875
v -0.49721375 0.491061875 -0.0079375
v -0.51834 0.491061875 -0.0079375
v -0.49721375 0.4641725 0.018951875
v -0.497213125 0.569351875 -0.1378875
v -0.51834 0.561349375 -0.101791875
v -0.49721375 0.561349375 -0.101791875
v -0.51834 0.569351875 -0.137886875
v -0.51834 0.569351875 -0.137886875
v -0.51834 0.524223125 -0.110023125
v -0.51834 0.561349375 -0.101791875
v -0.51834 0.532225625 -0.146118125
v -0.51834 0.532225625 -0.146118125
v -0.49721375 0.524223125 -0.110023125
v -0.51834 0.524223125 -0.110023125
v -0.497213125 0.532225625 -0.146118125
v -0.497213125 0.532225625 -0.146118125
v -0.49721375 0.561349375 -0.101791875
v -0.49721375 0.524223125 -0.110023125
v -0.497213125 0.569351875 -0.1378875
v -0.51834 0.569351875 -0.137886875
v -0.497213125 0.532225625 -0.146118125
v -0.51834 0.532225625 -0.146118125
v -0.497213125 0.569351875 -0.1378875
v -0.51834 0.524223125 -0.110023125
v -0.49721375 0.561349375 -0.101791875
v -0.51834 0.561349375 -0.101791875
v -0.49721375 0.524223125 -0.110023125
v -0.49721375 0.709994375 -0.111963125
v -0.51834 0.674734375 -0.100845625
v -0.49721375 0.674734375 -0.100845625
v -0.51834 0.709994375 -0.111963125
v -0.51834 0.709994375 -0.111963125
v -0.51834 0.66329875 -0.13711375
v -0.51834 0.674734375 -0.100845625
v -0.51834 0.698559375 -0.14823125
v -0.51834 0.698559375 -0.14823125
v -0.497213125 0.66329875 -0.13711375
v -0.51834 0.66329875 -0.13711375
v -0.497213125 0.698559375 -0.14823125
v -0.497213125 0.698559375 -0.14823125
v -0.49721375 0.674734375 -0.100845625
v -0.497213125 0.66329875 -0.13711375
v -0.49721375 0.709994375 -0.111963125
v -0.51834 0.709994375 -0.111963125
v -0.497213125 0.698559375 -0.14823125
v -0.51834 0.698559375 -0.14823125
v -0.49721375 0.709994375 -0.111963125
v -0.51834 0.66329875 -0.13711375
v -0.49721375 0.674734375 -0.100845625
v -0.51834 0.674734375 -0.100845625
v -0.497213125 0.66329875 -0.13711375
v 0.284375 0.746875 0.496875
v 0.284375 0.803125 0.378125
v 0.284375 0.746875 0.378125
v 0.284375 0.803125 0.496875
v 0.340625 0.746875 0.496875
v 0.284375 0.803125 0.496875
v 0.284375 0.746875 0.496875
v 0.340625 0.803125 0.496875
v 0.340625 0.746875 0.378125
v 0.340625 0.803125 0.496875
v 0.340625 0.746875 0.496875
v 0.340625 0.803125 0.378125
v 0.340625 0.803125 0.496875
v 0.284375 0.803125 0.378125
v 0.284375 0.803125 0.496875
v 0.340625 0.803125 0.378125
v 0.340625 0.746875 0.378125
v 0.284375 0.746875 0.496875
v 0.284375 0.746875 0.378125
v 0.340625 0.746875 0.496875
v 0.2875 0.768095625 0.459314375
v 0.3375 0.800235 0.497616875
v 0.3375 0.768095625 0.459314375
v 0.2875 0.800235 0.497616875
v 0.2875 0.68191625 0.531628125
v 0.2875 0.800235 0.497616875
v 0.2875 0.768095625 0.459314375
v 0.2875 0.714055 0.569930625
v 0.3375 0.68191625 0.531628125
v 0.2875 0.714055 0.569930625
v 0.2875 0.68191625 0.531628125
v 0.3375 0.714055 0.569930625
v 0.3375 0.768095625 0.459314375
v 0.3375 0.714055 0.569930625
v 0.3375 0.68191625 0.531628125
v 0.3375 0.800235 0.497616875
v 0.3375 0.714055 0.569930625
v 0.2875 0.800235 0.497616875
v 0.2875 0.714055 0.569930625
v 0.3375 0.800235 0.497616875
v 0.3375 0.768095625 0.459314375
v 0.2875 0.68191625 0.531628125
v 0.2875 0.768095625 0.459314375
v 0.3375 0.68191625 0.531628125
v 0.259420625 0.740625 -0.30323625
v 0.33448625 0.821875 -0.33432875
v 0.33448625 0.740625 -0.33432875
v 0.259420625 0.821875 -0.30323625
v 0.362266875 0.740625 -0.054943125
v 0.259420625 0.821875 -0.30323625
v 0.259420625 0.740625 -0.30323625
v 0.362266875 0.821875 -0.054943125
v 0.4373325 0.740625 -0.08603625
v 0.362266875 0.821875 -0.054943125
v 0.362266875 0.740625 -0.054943125
v 0.4373325 0.821875 -0.08603625
v 0.33448625 0.740625 -0.33432875
v 0.4373325 0.821875 -0.08603625
v 0.4373325 0.740625 -0.08603625
v 0.33448625 0.821875 -0.33432875
v 0.4373325 0.821875 -0.08603625
v 0.259420625 0.821875 -0.30323625
v 0.362266875 0.821875 -0.054943125
v 0.33448625 0.821875 -0.33432875
v 0.33448625 0.740625 -0.33432875
v 0.362266875 0.740625 -0.054943125
v 0.259420625 0.740625 -0.30323625
v 0.4373325 0.740625 -0.08603625
v 0.19583375 0.746875 -0.473080625
v 0.259350625 0.815625 -0.499390625
v 0.259350625 0.746875 -0.499390625
v 0.19583375 0.815625 -0.473080625
v 0.29389625 0.746875 -0.236336875
v 0.19583375 0.815625 -0.473080625
v 0.19583375 0.746875 -0.473080625
v 0.29389625 0.815625 -0.236336875
v 0.259350625 0.746875 -0.499390625
v 0.357413125 0.815625 -0.26264625
v 0.357413125 0.746875 -0.26264625
v 0.259350625 0.815625 -0.499390625
v 0.357413125 0.815625 -0.26264625
v 0.19583375 0.815625 -0.473080625
v 0.29389625 0.815625 -0.236336875
v 0.259350625 0.815625 -0.499390625
v 0.259350625 0.746875 -0.499390625
v 0.29389625 0.746875 -0.236336875
v 0.19583375 0.746875 -0.473080625
v 0.357413125 0.746875 -0.26264625
v -0.5 0.6875 -0.5
v 0.5 0.75 -0.5
v 0.5 0.6875 -0.5
v -0.5 0.75 -0.5
v -0.5 0.6875 0.5
v -0.5 0.75 -0.5
v -0.5 0.6875 -0.5
v -0.5 0.75 0.5
v 0.5 0.6875 0.5
v -0.5 0.75 0.5
v -0.5 0.6875 0.5
v 0.5 0.75 0.5
v 0.5 0.6875 -0.5
v 0.5 0.75 0.5
v 0.5 0.6875 0.5
v 0.5 0.75 -0.5
v 0.5 0.75 0.5
v -0.5 0.75 -0.5
v -0.5 0.75 0.5
v 0.5 0.75 -0.5
v 0.5 0.6875 -0.5
v -0.5 0.6875 0.5
v -0.5 0.6875 -0.5
v 0.5 0.6875 0.5
v -0.49375 0.06875 -0.49375
v 0.49375 0.18125 -0.49375
v 0.49375 0.06875 -0.49375
v -0.49375 0.18125 -0.49375
v -0.49375 0.06875 0.49375
v -0.49375 0.18125 -0.49375
v -0.49375 0.06875 -0.49375
v -0.49375 0.18125 0.49375
v 0.49375 0.06875 0.49375
v -0.49375 0.18125 0.49375
v -0.49375 0.06875 0.49375
v 0.49375 0.18125 0.49375
v 0.49375 0.06875 -0.49375
v 0.49375 0.18125 0.49375
v 0.49375 0.06875 0.49375
v 0.49375 0.18125 -0.49375
v 0.49375 0.18125 0.49375
v -0.49375 0.18125 -0.49375
v -0.49375 0.18125 0.49375
v 0.49375 0.18125 -0.49375
v 0.49375 0.06875 -0.49375
v -0.49375 0.06875 0.49375
v -0.49375 0.06875 -0.49375
v 0.49375 0.06875 0.49375
v 0.2625 0.1375 0.2625
v 0.4875 0.55 0.2625
v 0.4875 0.1375 0.2625
v 0.2625 0.55 0.2625
v 0.2625 0.1375 0.4875
v 0.2625 0.55 0.2625
v 0.2625 0.1375 0.2625
v 0.2625 0.55 0.4875
v 0.4875 0.1375 0.4875
v 0.2625 0.55 0.4875
v 0.2625 0.1375 0.4875
v 0.4875 0.55 0.4875
v 0.4875 0.1375 0.2625
v 0.4875 0.55 0.4875
v 0.4875 0.1375 0.4875
v 0.4875 0.55 0.2625
v 0.4875 0.55 0.4875
v 0.2625 0.55 0.2625
v 0.2625 0.55 0.4875
v 0.4875 0.55 0.2625
v 0.4875 0.1375 0.2625
v 0.2625 0.1375 0.4875
v 0.2625 0.1375 0.2625
v 0.4875 0.1375 0.4875
v -0.4875 0.1375 0.2625
v -0.2625 0.55 0.2625
v -0.2625 0.1375 0.2625
v -0.4875 0.55 0.2625
v -0.4875 0.1375 0.4875
v -0.4875 0.55 0.2625
v -0.4875 0.1375 0.2625
v -0.4875 0.55 0.4875
v -0.2625 0.1375 0.4875
v -0.4875 0.55 0.4875
v -0.4875 0.1375 0.4875
v -0.2625 0.55 0.4875
v -0.2625 0.1375 0.2625
v -0.2625 0.55 0.4875
v -0.2625 0.1375 0.4875
v -0.2625 0.55 0.2625
v -0.2625 0.55 0.4875
v -0.4875 0.55 0.2625
v -0.4875 0.55 0.4875
v -0.2625 0.55 0.2625
v -0.2625 0.1375 0.2625
v -0.4875 0.1375 0.4875
v -0.4875 0.1375 0.2625
v -0.2625 0.1375 0.4875
v 0.2625 0.1375 -0.4875
v 0.4875 0.55 -0.4875
v 0.4875 0.1375 -0.4875
v 0.2625 0.55 -0.4875
v 0.2625 0.1375 -0.2625
v 0.2625 0.55 -0.4875
v 0.2625 0.1375 -0.4875
v 0.2625 0.55 -0.2625
v 0.4875 0.1375 -0.2625
v 0.2625 0.55 -0.2625
v 0.2625 0.1375 -0.2625
v 0.4875 0.55 -0.2625
v 0.4875 0.1375 -0.4875
v 0.4875 0.55 -0.2625
v 0.4875 0.1375 -0.2625
v 0.4875 0.55 -0.4875
v 0.4875 0.55 -0.2625
v 0.2625 0.55 -0.4875
v 0.2625 0.55 -0.2625
v 0.4875 0.55 -0.4875
v 0.4875 0.1375 -0.4875
v 0.2625 0.1375 -0.2625
v 0.2625 0.1375 -0.4875
v 0.4875 0.1375 -0.2625
v -0.4875 0.1375 -0.4875
v -0.2625 0.55 -0.4875
v -0.2625 0.1375 -0.4875
v -0.4875 0.55 -0.4875
v -0.4875 0.1375 -0.2625
v -0.4875 0.55 -0.4875
v -0.4875 0.1375 -0.4875
v -0.4875 0.55 -0.2625
v -0.2625 0.1375 -0.2625
v -0.4875 0.55 -0.2625
v -0.4875 0.1375 -0.2625
v -0.2625 0.55 -0.2625
v -0.2625 0.1375 -0.4875
v -0.2625 0.55 -0.2625
v -0.2625 0.1375 -0.2625
v -0.2625 0.55 -0.4875
v -0.2625 0.55 -0.2625
v -0.4875 0.55 -0.4875
v -0.4875 0.55 -0.2625
v -0.2625 0.55 -0.4875
v -0.2625 0.1375 -0.4875
v -0.4875 0.1375 -0.2625
v -0.4875 0.1375 -0.4875
v -0.2625 0.1375 -0.2625
v -0.5 0.5 -0.5
v 0.5 0.6875 -0.5
v 0.5 0.5 -0.5
v -0.5 0.6875 -0.5
v -0.5 0.5 0.5
v -0.5 0.6875 -0.5
v -0.5 0.5 -0.5
v -0.5 0.6875 0.5
v 0.5 0.5 0.5
v -0.5 0.6875 0.5
v -0.5 0.5 0.5
v 0.5 0.6875 0.5
v 0.5 0.5 -0.5
v 0.5 0.6875 0.5
v 0.5 0.5 0.5
v 0.5 0.6875 -0.5
v 0.5 0.6875 0.5
v -0.5 0.6875 -0.5
v -0.5 0.6875 0.5
v 0.5 0.6875 -0.5
v 0.5 0.5 -0.5
v -0.5 0.5 0.5
v -0.5 0.5 -0.5
v 0.5 0.5 0.5
v 0.375 1.3125 -0.40545625
v 0.390625 1.28125 -0.40545625
v 0.421875 1.28125 -0.40545625
v 0.453125 1.25 -0.40545625
v 0.421875 1.25 -0.40545625
v 0.4375 1.3125 -0.40545625
v 0.4375 1.296875 -0.40545625
v 0.375 1.296875 -0.40545625
v 0.390625 1.25 -0.40545625
v 0.359375 1.25 -0.40545625
v 0.359375 1.296875 -0.40545625
v 0.453125 1.296875 -0.40545625
vt 0.75391 0.17188000000000003
vt 0.80078 0.23438000000000003
vt 0.80078 0.17188000000000003
vt 0.75391 0.17188000000000003
vt 0.75391 0.23438000000000003
vt 0.80078 0.23438000000000003
vt 0.70703 0.17188000000000003
vt 0.75391 0.23438000000000003
vt 0.75391 0.17188000000000003
vt 0.70703 0.17188000000000003
vt 0.70703 0.23438000000000003
vt 0.75391 0.23438000000000003
vt 0.84766 0.17188000000000003
vt 0.89453 0.23438000000000003
vt 0.89453 0.17188000000000003
vt 0.84766 0.17188000000000003
vt 0.84766 0.23438000000000003
vt 0.89453 0.23438000000000003
vt 0.80078 0.17188000000000003
vt 0.84766 0.23438000000000003
vt 0.84766 0.17188000000000003
vt 0.80078 0.17188000000000003
vt 0.80078 0.23438000000000003
vt 0.84766 0.23438000000000003
vt 0.75391 0.34375
vt 0.70703 0.29688000000000003
vt 0.70703 0.34375
vt 0.75391 0.34375
vt 0.75391 0.29688000000000003
vt 0.70703 0.29688000000000003
vt 0.60156 0.003909999999999969
vt 0.63281 0.019530000000000047
vt 0.63281 0.003909999999999969
vt 0.60156 0.003909999999999969
vt 0.60156 0.019530000000000047
vt 0.63281 0.019530000000000047
vt 0.57031 0.003909999999999969
vt 0.60156 0.019530000000000047
vt 0.60156 0.003909999999999969
vt 0.57031 0.003909999999999969
vt 0.57031 0.019530000000000047
vt 0.60156 0.019530000000000047
vt 0.66406 0.003909999999999969
vt 0.69531 0.019530000000000047
vt 0.69531 0.003909999999999969
vt 0.66406 0.003909999999999969
vt 0.66406 0.019530000000000047
vt 0.69531 0.019530000000000047
vt 0.63281 0.003909999999999969
vt 0.66406 0.019530000000000047
vt 0.66406 0.003909999999999969
vt 0.63281 0.003909999999999969
vt 0.63281 0.019530000000000047
vt 0.66406 0.019530000000000047
vt 0.57031 0.0625
vt 0.53906 0.03125
vt 0.53906 0.0625
vt 0.57031 0.0625
vt 0.57031 0.03125
vt 0.53906 0.03125
vt 0.75781 0.04296999999999995
vt 0.77344 0.05859000000000003
vt 0.77344 0.04296999999999995
vt 0.75781 0.04296999999999995
vt 0.75781 0.05859000000000003
vt 0.77344 0.05859000000000003
vt 0.82031 0.04296999999999995
vt 0.83594 0.05859000000000003
vt 0.83594 0.04296999999999995
vt 0.82031 0.04296999999999995
vt 0.82031 0.05859000000000003
vt 0.83594 0.05859000000000003
vt 0.77344 0.04296999999999995
vt 0.82031 0.05859000000000003
vt 0.82031 0.04296999999999995
vt 0.77344 0.04296999999999995
vt 0.77344 0.05859000000000003
vt 0.82031 0.05859000000000003
vt 0.91797 0.16796999999999995
vt 0.90234 0.12109000000000003
vt 0.90234 0.16796999999999995
vt 0.91797 0.16796999999999995
vt 0.91797 0.12109000000000003
vt 0.90234 0.12109000000000003
vt 0.93359 0.12109000000000003
vt 0.91797 0.16796999999999995
vt 0.91797 0.12109000000000003
vt 0.93359 0.12109000000000003
vt 0.93359 0.16796999999999995
vt 0.91797 0.16796999999999995
vt 0.90625 0.04688000000000003
vt 0.92188 0.0625
vt 0.92188 0.04688000000000003
vt 0.90625 0.04688000000000003
vt 0.90625 0.0625
vt 0.92188 0.0625
vt 0.85938 0.04688000000000003
vt 0.90625 0.0625
vt 0.90625 0.04688000000000003
vt 0.85938 0.04688000000000003
vt 0.85938 0.0625
vt 0.90625 0.0625
vt 0.96875 0.04688000000000003
vt 0.98438 0.0625
vt 0.98438 0.04688000000000003
vt 0.96875 0.04688000000000003
vt 0.96875 0.0625
vt 0.98438 0.0625
vt 0.92188 0.04688000000000003
vt 0.96875 0.0625
vt 0.96875 0.04688000000000003
vt 0.92188 0.04688000000000003
vt 0.92188 0.0625
vt 0.96875 0.0625
vt 0.19141 0.87891
vt 0.17578 0.83203
vt 0.17578 0.87891
vt 0.19141 0.87891
vt 0.19141 0.83203
vt 0.17578 0.83203
vt 0.20703 0.83203
vt 0.19141 0.87891
vt 0.19141 0.83203
vt 0.20703 0.83203
vt 0.20703 0.87891
vt 0.19141 0.87891
vt 0.88672 0.08203000000000005
vt 0.93359 0.09765999999999997
vt 0.93359 0.08203000000000005
vt 0.88672 0.08203000000000005
vt 0.88672 0.09765999999999997
vt 0.93359 0.09765999999999997
vt 0.87109 0.08203000000000005
vt 0.88672 0.09765999999999997
vt 0.88672 0.08203000000000005
vt 0.87109 0.08203000000000005
vt 0.87109 0.09765999999999997
vt 0.88672 0.09765999999999997
vt 0.94922 0.08203000000000005
vt 0.99609 0.09765999999999997
vt 0.99609 0.08203000000000005
vt 0.94922 0.08203000000000005
vt 0.94922 0.09765999999999997
vt 0.99609 0.09765999999999997
vt 0.93359 0.08203000000000005
vt 0.94922 0.09765999999999997
vt 0.94922 0.08203000000000005
vt 0.93359 0.08203000000000005
vt 0.93359 0.09765999999999997
vt 0.94922 0.09765999999999997
vt 0.88281 0.83203
vt 0.83594 0.81641
vt 0.83594 0.83203
vt 0.88281 0.83203
vt 0.88281 0.81641
vt 0.83594 0.81641
vt 0.92969 0.81641
vt 0.88281 0.83203
vt 0.88281 0.81641
vt 0.92969 0.81641
vt 0.92969 0.83203
vt 0.88281 0.83203
vt 0.92578 0.60547
vt 0.97266 0.62109
vt 0.97266 0.60547
vt 0.92578 0.60547
vt 0.92578 0.62109
vt 0.97266 0.62109
vt 0.91016 0.60547
vt 0.92578 0.62109
vt 0.92578 0.60547
vt 0.91016 0.60547
vt 0.91016 0.62109
vt 0.92578 0.62109
vt 0.97266 0.60547
vt 0.98828 0.62109
vt 0.98828 0.60547
vt 0.97266 0.60547
vt 0.97266 0.62109
vt 0.98828 0.62109
vt 0.97266 0.63672
vt 0.92578 0.62109
vt 0.92578 0.63672
vt 0.97266 0.63672
vt 0.97266 0.62109
vt 0.92578 0.62109
vt 1.00391 0.64844
vt 0.95703 0.66406
vt 0.95703 0.64844
vt 1.00391 0.64844
vt 1.00391 0.66406
vt 0.95703 0.66406
vt 0.94922 0.2773399999999999
vt 0.90234 0.21484000000000003
vt 0.90234 0.2773399999999999
vt 0.94922 0.2773399999999999
vt 0.94922 0.21484000000000003
vt 0.90234 0.21484000000000003
vt 0.99609 0.21484000000000003
vt 0.94922 0.2773399999999999
vt 0.94922 0.21484000000000003
vt 0.99609 0.21484000000000003
vt 0.99609 0.2773399999999999
vt 0.94922 0.2773399999999999
vt 0.84766 0.64844
vt 0.87891 0.66406
vt 0.87891 0.64844
vt 0.84766 0.64844
vt 0.84766 0.66406
vt 0.87891 0.66406
vt 0.81641 0.64844
vt 0.84766 0.66406
vt 0.84766 0.64844
vt 0.81641 0.64844
vt 0.81641 0.66406
vt 0.84766 0.66406
vt 0.91016 0.64844
vt 0.94141 0.66406
vt 0.94141 0.64844
vt 0.91016 0.64844
vt 0.91016 0.66406
vt 0.94141 0.66406
vt 0.87891 0.64844
vt 0.91016 0.66406
vt 0.91016 0.64844
vt 0.87891 0.64844
vt 0.87891 0.66406
vt 0.91016 0.66406
vt 0.87891 0.69531
vt 0.84766 0.66406
vt 0.84766 0.69531
vt 0.87891 0.69531
vt 0.87891 0.66406
vt 0.84766 0.66406
vt 0.91016 0.66406
vt 0.87891 0.69531
vt 0.87891 0.66406
vt 0.91016 0.66406
vt 0.91016 0.69531
vt 0.87891 0.69531
vt 0.69141 0.5625
vt 0.73828 0.57813
vt 0.73828 0.5625
vt 0.69141 0.5625
vt 0.69141 0.57813
vt 0.73828 0.57813
vt 0.64453 0.5625
vt 0.69141 0.57813
vt 0.69141 0.5625
vt 0.64453 0.5625
vt 0.64453 0.57813
vt 0.69141 0.57813
vt 0.78516 0.5625
vt 0.83203 0.57813
vt 0.83203 0.5625
vt 0.78516 0.5625
vt 0.78516 0.57813
vt 0.83203 0.57813
vt 0.73828 0.5625
vt 0.78516 0.57813
vt 0.78516 0.5625
vt 0.73828 0.5625
vt 0.73828 0.57813
vt 0.78516 0.57813
vt 0.73828 0.625
vt 0.69141 0.57813
vt 0.69141 0.625
vt 0.73828 0.625
vt 0.73828 0.57813
vt 0.69141 0.57813
vt 0.78516 0.57813
vt 0.73828 0.625
vt 0.73828 0.57813
vt 0.78516 0.57813
vt 0.78516 0.625
vt 0.73828 0.625
vt 0.37891 0.011719999999999953
vt 0.42578 0.02734000000000003
vt 0.42578 0.011719999999999953
vt 0.37891 0.011719999999999953
vt 0.37891 0.02734000000000003
vt 0.42578 0.02734000000000003
vt 0.33203 0.011719999999999953
vt 0.37891 0.02734000000000003
vt 0.37891 0.011719999999999953
vt 0.33203 0.011719999999999953
vt 0.33203 0.02734000000000003
vt 0.37891 0.02734000000000003
vt 0.47266 0.011719999999999953
vt 0.51953 0.02734000000000003
vt 0.51953 0.011719999999999953
vt 0.47266 0.011719999999999953
vt 0.47266 0.02734000000000003
vt 0.51953 0.02734000000000003
vt 0.42578 0.011719999999999953
vt 0.47266 0.02734000000000003
vt 0.47266 0.011719999999999953
vt 0.42578 0.011719999999999953
vt 0.42578 0.02734000000000003
vt 0.47266 0.02734000000000003
vt 0.4375 0.08203000000000005
vt 0.40234 0.04688000000000003
vt 0.40234 0.08203000000000005
vt 0.4375 0.08203000000000005
vt 0.4375 0.04688000000000003
vt 0.40234 0.04688000000000003
vt 0.4375 0.04688000000000003
vt 0.40234 0.08203000000000005
vt 0.40234 0.04688000000000003
vt 0.4375 0.04688000000000003
vt 0.4375 0.08203000000000005
vt 0.40234 0.08203000000000005
vt 0.16016 0.25781
vt 0.17578 0.27344
vt 0.17578 0.25781
vt 0.16016 0.25781
vt 0.16016 0.27344
vt 0.17578 0.27344
vt 0.14453 0.25781
vt 0.16016 0.27344
vt 0.16016 0.25781
vt 0.14453 0.25781
vt 0.14453 0.27344
vt 0.16016 0.27344
vt 0.19141 0.25781
vt 0.20703 0.27344
vt 0.20703 0.25781
vt 0.19141 0.25781
vt 0.19141 0.27344
vt 0.20703 0.27344
vt 0.17578 0.25781
vt 0.19141 0.27344
vt 0.19141 0.25781
vt 0.17578 0.25781
vt 0.17578 0.27344
vt 0.19141 0.27344
vt 0.17578 0.28906
vt 0.16016 0.27344
vt 0.16016 0.28906
vt 0.17578 0.28906
vt 0.17578 0.27344
vt 0.16016 0.27344
vt 0.19141 0.27344
vt 0.17578 0.28906
vt 0.17578 0.27344
vt 0.19141 0.27344
vt 0.19141 0.28906
vt 0.17578 0.28906
vt 0.29297 0.57813
vt 0.32422 0.60938
vt 0.32422 0.57813
vt 0.29297 0.57813
vt 0.29297 0.60938
vt 0.32422 0.60938
vt 0.26172 0.57813
vt 0.29297 0.60938
vt 0.29297 0.57813
vt 0.26172 0.57813
vt 0.26172 0.60938
vt 0.29297 0.60938
vt 0.32422 0.57813
vt 0.35547 0.60938
vt 0.35547 0.57813
vt 0.32422 0.57813
vt 0.32422 0.60938
vt 0.35547 0.60938
vt 0.3125 0.65234
vt 0.28125 0.62109
vt 0.28125 0.65234
vt 0.3125 0.65234
vt 0.3125 0.62109
vt 0.28125 0.62109
vt 0.34375 0.62109
vt 0.3125 0.65234
vt 0.3125 0.62109
vt 0.34375 0.62109
vt 0.34375 0.65234
vt 0.3125 0.65234
vt 0.08984 0.87891
vt 0.10547 0.89453
vt 0.10547 0.87891
vt 0.08984 0.87891
vt 0.08984 0.89453
vt 0.10547 0.89453
vt 0.08984 0.87891
vt 0.10547 0.89453
vt 0.10547 0.87891
vt 0.08984 0.87891
vt 0.08984 0.89453
vt 0.10547 0.89453
vt 0.08984 0.87891
vt 0.10547 0.89453
vt 0.10547 0.87891
vt 0.08984 0.87891
vt 0.08984 0.89453
vt 0.10547 0.89453
vt 0.08984 0.87891
vt 0.10547 0.89453
vt 0.10547 0.87891
vt 0.08984 0.87891
vt 0.08984 0.89453
vt 0.10547 0.89453
vt 0.10156 0.98438
vt 0.08594 0.96875
vt 0.08594 0.98438
vt 0.10156 0.98438
vt 0.10156 0.96875
vt 0.08594 0.96875
vt 0.58984 0.20703000000000005
vt 0.62109 0.22265999999999997
vt 0.62109 0.20703000000000005
vt 0.58984 0.20703000000000005
vt 0.58984 0.22265999999999997
vt 0.62109 0.22265999999999997
vt 0.58984 0.20703000000000005
vt 0.62109 0.22265999999999997
vt 0.62109 0.20703000000000005
vt 0.58984 0.20703000000000005
vt 0.58984 0.22265999999999997
vt 0.62109 0.22265999999999997
vt 0.58984 0.20703000000000005
vt 0.62109 0.22265999999999997
vt 0.62109 0.20703000000000005
vt 0.58984 0.20703000000000005
vt 0.58984 0.22265999999999997
vt 0.62109 0.22265999999999997
vt 0.58984 0.20703000000000005
vt 0.62109 0.22265999999999997
vt 0.62109 0.20703000000000005
vt 0.58984 0.20703000000000005
vt 0.58984 0.22265999999999997
vt 0.62109 0.22265999999999997
vt 0.62109 0.2539100000000001
vt 0.58984 0.22265999999999997
vt 0.58984 0.2539100000000001
vt 0.62109 0.2539100000000001
vt 0.62109 0.22265999999999997
vt 0.58984 0.22265999999999997
vt 0.65234 0.22265999999999997
vt 0.62109 0.2539100000000001
vt 0.62109 0.22265999999999997
vt 0.65234 0.22265999999999997
vt 0.65234 0.2539100000000001
vt 0.62109 0.2539100000000001
vt 0.76172 0.10938000000000003
vt 0.79297 0.125
vt 0.79297 0.10938000000000003
vt 0.76172 0.10938000000000003
vt 0.76172 0.125
vt 0.79297 0.125
vt 0.76172 0.10938000000000003
vt 0.79297 0.125
vt 0.79297 0.10938000000000003
vt 0.76172 0.10938000000000003
vt 0.76172 0.125
vt 0.79297 0.125
vt 0.76172 0.10938000000000003
vt 0.79297 0.125
vt 0.79297 0.10938000000000003
vt 0.76172 0.10938000000000003
vt 0.76172 0.125
vt 0.79297 0.125
vt 0.76172 0.10938000000000003
vt 0.79297 0.125
vt 0.79297 0.10938000000000003
vt 0.76172 0.10938000000000003
vt 0.76172 0.125
vt 0.79297 0.125
vt 0.625 0.19530999999999998
vt 0.59375 0.16405999999999998
vt 0.59375 0.19530999999999998
vt 0.625 0.19530999999999998
vt 0.625 0.16405999999999998
vt 0.59375 0.16405999999999998
vt 0.08984 0.87891
vt 0.10547 0.89453
vt 0.10547 0.87891
vt 0.08984 0.87891
vt 0.08984 0.89453
vt 0.10547 0.89453
vt 0.08984 0.87891
vt 0.10547 0.89453
vt 0.10547 0.87891
vt 0.08984 0.87891
vt 0.08984 0.89453
vt 0.10547 0.89453
vt 0.08984 0.87891
vt 0.10547 0.89453
vt 0.10547 0.87891
vt 0.08984 0.87891
vt 0.08984 0.89453
vt 0.10547 0.89453
vt 0.08984 0.87891
vt 0.10547 0.89453
vt 0.10547 0.87891
vt 0.08984 0.87891
vt 0.08984 0.89453
vt 0.10547 0.89453
vt 0.10156 0.98438
vt 0.08594 0.96875
vt 0.08594 0.98438
vt 0.10156 0.98438
vt 0.10156 0.96875
vt 0.08594 0.96875
vt 0.03125 0.76953
vt 0.07813 0.78516
vt 0.07813 0.76953
vt 0.03125 0.76953
vt 0.03125 0.78516
vt 0.07813 0.78516
vt 0 0.76953
vt 0.03125 0.78516
vt 0.03125 0.76953
vt 0 0.76953
vt 0 0.78516
vt 0.03125 0.78516
vt 0.10938 0.76953
vt 0.15625 0.78516
vt 0.15625 0.76953
vt 0.10938 0.76953
vt 0.10938 0.78516
vt 0.15625 0.78516
vt 0.07813 0.76953
vt 0.10938 0.78516
vt 0.10938 0.76953
vt 0.07813 0.76953
vt 0.07813 0.78516
vt 0.10938 0.78516
vt 0.07813 0.82813
vt 0.03125 0.79688
vt 0.03125 0.82813
vt 0.07813 0.82813
vt 0.07813 0.79688
vt 0.03125 0.79688
vt 0.03125 0.79688
vt 0.07813 0.82813
vt 0.07813 0.79688
vt 0.03125 0.79688
vt 0.03125 0.82813
vt 0.07813 0.82813
vt 0.03125 0.76953
vt 0.07813 0.78516
vt 0.07813 0.76953
vt 0.03125 0.76953
vt 0.03125 0.78516
vt 0.07813 0.78516
vt 0 0.76953
vt 0.03125 0.78516
vt 0.03125 0.76953
vt 0 0.76953
vt 0 0.78516
vt 0.03125 0.78516
vt 0.10938 0.76953
vt 0.15625 0.78516
vt 0.15625 0.76953
vt 0.10938 0.76953
vt 0.10938 0.78516
vt 0.15625 0.78516
vt 0.07813 0.76953
vt 0.10938 0.78516
vt 0.10938 0.76953
vt 0.07813 0.76953
vt 0.07813 0.78516
vt 0.10938 0.78516
vt 0.07813 0.82813
vt 0.03125 0.79688
vt 0.03125 0.82813
vt 0.07813 0.82813
vt 0.07813 0.79688
vt 0.03125 0.79688
vt 0.03125 0.79688
vt 0.07813 0.82813
vt 0.07813 0.79688
vt 0.03125 0.79688
vt 0.03125 0.82813
vt 0.07813 0.82813
vt 0.08984 0.87891
vt 0.10547 0.89453
vt 0.10547 0.87891
vt 0.08984 0.87891
vt 0.08984 0.89453
vt 0.10547 0.89453
vt 0.08984 0.87891
vt 0.10547 0.89453
vt 0.10547 0.87891
vt 0.08984 0.87891
vt 0.08984 0.89453
vt 0.10547 0.89453
vt 0.08984 0.87891
vt 0.10547 0.89453
vt 0.10547 0.87891
vt 0.08984 0.87891
vt 0.08984 0.89453
vt 0.10547 0.89453
vt 0.08984 0.87891
vt 0.10547 0.89453
vt 0.10547 0.87891
vt 0.08984 0.87891
vt 0.08984 0.89453
vt 0.10547 0.89453
vt 0.10156 0.98438
vt 0.08594 0.96875
vt 0.08594 0.98438
vt 0.10156 0.98438
vt 0.10156 0.96875
vt 0.08594 0.96875
vt 0.03125 0.76953
vt 0.07813 0.78516
vt 0.07813 0.76953
vt 0.03125 0.76953
vt 0.03125 0.78516
vt 0.07813 0.78516
vt 0 0.76953
vt 0.03125 0.78516
vt 0.03125 0.76953
vt 0 0.76953
vt 0 0.78516
vt 0.03125 0.78516
vt 0.10938 0.76953
vt 0.15625 0.78516
vt 0.15625 0.76953
vt 0.10938 0.76953
vt 0.10938 0.78516
vt 0.15625 0.78516
vt 0.07813 0.76953
vt 0.10938 0.78516
vt 0.10938 0.76953
vt 0.07813 0.76953
vt 0.07813 0.78516
vt 0.10938 0.78516
vt 0.07813 0.82813
vt 0.03125 0.79688
vt 0.03125 0.82813
vt 0.07813 0.82813
vt 0.07813 0.79688
vt 0.03125 0.79688
vt 0.03125 0.79688
vt 0.07813 0.82813
vt 0.07813 0.79688
vt 0.03125 0.79688
vt 0.03125 0.82813
vt 0.07813 0.82813
vt 0.03125 0.76953
vt 0.07813 0.78516
vt 0.07813 0.76953
vt 0.03125 0.76953
vt 0.03125 0.78516
vt 0.07813 0.78516
vt 0 0.76953
vt 0.03125 0.78516
vt 0.03125 0.76953
vt 0 0.76953
vt 0 0.78516
vt 0.03125 0.78516
vt 0.10938 0.76953
vt 0.15625 0.78516
vt 0.15625 0.76953
vt 0.10938 0.76953
vt 0.10938 0.78516
vt 0.15625 0.78516
vt 0.07813 0.76953
vt 0.10938 0.78516
vt 0.10938 0.76953
vt 0.07813 0.76953
vt 0.07813 0.78516
vt 0.10938 0.78516
vt 0.07813 0.82813
vt 0.03125 0.79688
vt 0.03125 0.82813
vt 0.07813 0.82813
vt 0.07813 0.79688
vt 0.03125 0.79688
vt 0.03125 0.79688
vt 0.07813 0.82813
vt 0.07813 0.79688
vt 0.03125 0.79688
vt 0.03125 0.82813
vt 0.07813 0.82813
vt 0.08984 0.87891
vt 0.10547 0.89453
vt 0.10547 0.87891
vt 0.08984 0.87891
vt 0.08984 0.89453
vt 0.10547 0.89453
vt 0.08984 0.87891
vt 0.10547 0.89453
vt 0.10547 0.87891
vt 0.08984 0.87891
vt 0.08984 0.89453
vt 0.10547 0.89453
vt 0.08984 0.87891
vt 0.10547 0.89453
vt 0.10547 0.87891
vt 0.08984 0.87891
vt 0.08984 0.89453
vt 0.10547 0.89453
vt 0.08984 0.87891
vt 0.10547 0.89453
vt 0.10547 0.87891
vt 0.08984 0.87891
vt 0.08984 0.89453
vt 0.10547 0.89453
vt 0.10156 0.98438
vt 0.08594 0.96875
vt 0.08594 0.98438
vt 0.10156 0.98438
vt 0.10156 0.96875
vt 0.08594 0.96875
vt 0.63281 0.46875
vt 0.64844 0.48438000000000003
vt 0.64844 0.46875
vt 0.63281 0.46875
vt 0.63281 0.48438000000000003
vt 0.64844 0.48438000000000003
vt 0.60156 0.38671999999999995
vt 0.63281 0.4023399999999999
vt 0.63281 0.38671999999999995
vt 0.60156 0.38671999999999995
vt 0.60156 0.4023399999999999
vt 0.63281 0.4023399999999999
vt 0.64844 0.46875
vt 0.66406 0.48438000000000003
vt 0.66406 0.46875
vt 0.64844 0.46875
vt 0.64844 0.48438000000000003
vt 0.66406 0.48438000000000003
vt 0.60156 0.4023399999999999
vt 0.63281 0.41796999999999995
vt 0.63281 0.4023399999999999
vt 0.60156 0.4023399999999999
vt 0.60156 0.41796999999999995
vt 0.63281 0.41796999999999995
vt 0.65234 0.54297
vt 0.63672 0.51172
vt 0.63672 0.54297
vt 0.65234 0.54297
vt 0.65234 0.51172
vt 0.63672 0.51172
vt 0.66797 0.51172
vt 0.65234 0.54297
vt 0.65234 0.51172
vt 0.66797 0.51172
vt 0.66797 0.54297
vt 0.65234 0.54297
vt 0.01563 0.84375
vt 0.03125 0.90625
vt 0.03125 0.84375
vt 0.01563 0.84375
vt 0.01563 0.90625
vt 0.03125 0.90625
vt 0 0.84375
vt 0.01563 0.90625
vt 0.01563 0.84375
vt 0 0.84375
vt 0 0.90625
vt 0.01563 0.90625
vt 0.04688 0.84375
vt 0.0625 0.90625
vt 0.0625 0.84375
vt 0.04688 0.84375
vt 0.04688 0.90625
vt 0.0625 0.90625
vt 0.03125 0.84375
vt 0.04688 0.90625
vt 0.04688 0.84375
vt 0.03125 0.84375
vt 0.03125 0.90625
vt 0.04688 0.90625
vt 0.03125 0.92188
vt 0.01563 0.90625
vt 0.01563 0.92188
vt 0.03125 0.92188
vt 0.03125 0.90625
vt 0.01563 0.90625
vt 0.03125 0.90625
vt 0.01563 0.92188
vt 0.01563 0.90625
vt 0.03125 0.90625
vt 0.03125 0.92188
vt 0.01563 0.92188
vt 0.01563 0.89063
vt 0.03125 0.90625
vt 0.03125 0.89063
vt 0.01563 0.89063
vt 0.01563 0.90625
vt 0.03125 0.90625
vt 0 0.89063
vt 0.01563 0.90625
vt 0.01563 0.89063
vt 0 0.89063
vt 0 0.90625
vt 0.01563 0.90625
vt 0.04688 0.89063
vt 0.0625 0.90625
vt 0.0625 0.89063
vt 0.04688 0.89063
vt 0.04688 0.90625
vt 0.0625 0.90625
vt 0.03125 0.89063
vt 0.04688 0.90625
vt 0.04688 0.89063
vt 0.03125 0.89063
vt 0.03125 0.90625
vt 0.04688 0.90625
vt 0.03125 0.92188
vt 0.01563 0.90625
vt 0.01563 0.92188
vt 0.03125 0.92188
vt 0.03125 0.90625
vt 0.01563 0.90625
vt 0.03125 0.90625
vt 0.01563 0.92188
vt 0.01563 0.90625
vt 0.03125 0.90625
vt 0.03125 0.92188
vt 0.01563 0.92188
vt 0.76172 0.90625
vt 0.77734 0.98438
vt 0.77734 0.90625
vt 0.76172 0.90625
vt 0.76172 0.98438
vt 0.77734 0.98438
vt 0.76172 0.90625
vt 0.77734 0.98438
vt 0.77734 0.90625
vt 0.76172 0.90625
vt 0.76172 0.98438
vt 0.77734 0.98438
vt 0.76172 0.90625
vt 0.77734 0.98438
vt 0.77734 0.90625
vt 0.76172 0.90625
vt 0.76172 0.98438
vt 0.77734 0.98438
vt 0.76172 0.90625
vt 0.77734 0.98438
vt 0.77734 0.90625
vt 0.76172 0.90625
vt 0.76172 0.98438
vt 0.77734 0.98438
vt 0.77734 1
vt 0.76172 0.98438
vt 0.76172 1
vt 0.77734 1
vt 0.77734 0.98438
vt 0.76172 0.98438
vt 0 1
vt 0 1
vt 0 1
vt 0 1
vt 0 1
vt 0 1
vt 0.01563 0.89063
vt 0.03125 0.90625
vt 0.03125 0.89063
vt 0.01563 0.89063
vt 0.01563 0.90625
vt 0.03125 0.90625
vt 0 0.89063
vt 0.01563 0.90625
vt 0.01563 0.89063
vt 0 0.89063
vt 0 0.90625
vt 0.01563 0.90625
vt 0.04688 0.89063
vt 0.0625 0.90625
vt 0.0625 0.89063
vt 0.04688 0.89063
vt 0.04688 0.90625
vt 0.0625 0.90625
vt 0.03125 0.89063
vt 0.04688 0.90625
vt 0.04688 0.89063
vt 0.03125 0.89063
vt 0.03125 0.90625
vt 0.04688 0.90625
vt 0.03125 0.92188
vt 0.01563 0.90625
vt 0.01563 0.92188
vt 0.03125 0.92188
vt 0.03125 0.90625
vt 0.01563 0.90625
vt 0.03125 0.90625
vt 0.01563 0.92188
vt 0.01563 0.90625
vt 0.03125 0.90625
vt 0.03125 0.92188
vt 0.01563 0.92188
vt 0.76953 0.24609000000000003
vt 0.80078 0.2773399999999999
vt 0.80078 0.24609000000000003
vt 0.76953 0.24609000000000003
vt 0.76953 0.2773399999999999
vt 0.80078 0.2773399999999999
vt 0.70703 0.24609000000000003
vt 0.76953 0.2773399999999999
vt 0.76953 0.24609000000000003
vt 0.70703 0.24609000000000003
vt 0.70703 0.2773399999999999
vt 0.76953 0.2773399999999999
vt 0.86328 0.24609000000000003
vt 0.89453 0.2773399999999999
vt 0.89453 0.24609000000000003
vt 0.86328 0.24609000000000003
vt 0.86328 0.2773399999999999
vt 0.89453 0.2773399999999999
vt 0.80078 0.24609000000000003
vt 0.86328 0.2773399999999999
vt 0.86328 0.24609000000000003
vt 0.80078 0.24609000000000003
vt 0.80078 0.2773399999999999
vt 0.86328 0.2773399999999999
vt 0.80078 0.3398399999999999
vt 0.76953 0.2773399999999999
vt 0.76953 0.3398399999999999
vt 0.80078 0.3398399999999999
vt 0.80078 0.2773399999999999
vt 0.76953 0.2773399999999999
vt 0.83203 0.2773399999999999
vt 0.80078 0.3398399999999999
vt 0.80078 0.2773399999999999
vt 0.83203 0.2773399999999999
vt 0.83203 0.3398399999999999
vt 0.80078 0.3398399999999999
vt 0.03125 0.84375
vt 0.01563 0.90625
vt 0.01563 0.84375
vt 0.03125 0.84375
vt 0.03125 0.90625
vt 0.01563 0.90625
vt 0.04688 0.84375
vt 0.03125 0.90625
vt 0.03125 0.84375
vt 0.04688 0.84375
vt 0.04688 0.90625
vt 0.03125 0.90625
vt 0.0625 0.84375
vt 0.04688 0.90625
vt 0.04688 0.84375
vt 0.0625 0.84375
vt 0.0625 0.90625
vt 0.04688 0.90625
vt 0.01563 0.84375
vt 0 0.90625
vt 0 0.84375
vt 0.01563 0.84375
vt 0.01563 0.90625
vt 0 0.90625
vt 0.01563 0.92188
vt 0.03125 0.90625
vt 0.03125 0.92188
vt 0.01563 0.92188
vt 0.01563 0.90625
vt 0.03125 0.90625
vt 0.01563 0.90625
vt 0.03125 0.92188
vt 0.03125 0.90625
vt 0.01563 0.90625
vt 0.01563 0.92188
vt 0.03125 0.92188
vt 0.03125 0.89063
vt 0.01563 0.90625
vt 0.01563 0.89063
vt 0.03125 0.89063
vt 0.03125 0.90625
vt 0.01563 0.90625
vt 0.04688 0.89063
vt 0.03125 0.90625
vt 0.03125 0.89063
vt 0.04688 0.89063
vt 0.04688 0.90625
vt 0.03125 0.90625
vt 0.0625 0.89063
vt 0.04688 0.90625
vt 0.04688 0.89063
vt 0.0625 0.89063
vt 0.0625 0.90625
vt 0.04688 0.90625
vt 0.01563 0.89063
vt 0 0.90625
vt 0 0.89063
vt 0.01563 0.89063
vt 0.01563 0.90625
vt 0 0.90625
vt 0.01563 0.92188
vt 0.03125 0.90625
vt 0.03125 0.92188
vt 0.01563 0.92188
vt 0.01563 0.90625
vt 0.03125 0.90625
vt 0.01563 0.90625
vt 0.03125 0.92188
vt 0.03125 0.90625
vt 0.01563 0.90625
vt 0.01563 0.92188
vt 0.03125 0.92188
vt 0.64844 0.46875
vt 0.63281 0.48438000000000003
vt 0.63281 0.46875
vt 0.64844 0.46875
vt 0.64844 0.48438000000000003
vt 0.63281 0.48438000000000003
vt 0.63281 0.4023399999999999
vt 0.60156 0.41796999999999995
vt 0.60156 0.4023399999999999
vt 0.63281 0.4023399999999999
vt 0.63281 0.41796999999999995
vt 0.60156 0.41796999999999995
vt 0.66406 0.46875
vt 0.64844 0.48438000000000003
vt 0.64844 0.46875
vt 0.66406 0.46875
vt 0.66406 0.48438000000000003
vt 0.64844 0.48438000000000003
vt 0.63281 0.38671999999999995
vt 0.60156 0.4023399999999999
vt 0.60156 0.38671999999999995
vt 0.63281 0.38671999999999995
vt 0.63281 0.4023399999999999
vt 0.60156 0.4023399999999999
vt 0.63672 0.54297
vt 0.65234 0.51172
vt 0.65234 0.54297
vt 0.63672 0.54297
vt 0.63672 0.51172
vt 0.65234 0.51172
vt 0.65234 0.51172
vt 0.66797 0.54297
vt 0.66797 0.51172
vt 0.65234 0.51172
vt 0.65234 0.54297
vt 0.66797 0.54297
vt 0.85547 0.3476600000000001
vt 0.83984 0.36328000000000005
vt 0.83984 0.3476600000000001
vt 0.85547 0.3476600000000001
vt 0.85547 0.36328000000000005
vt 0.83984 0.36328000000000005
vt 0.88672 0.3476600000000001
vt 0.85547 0.36328000000000005
vt 0.85547 0.3476600000000001
vt 0.88672 0.3476600000000001
vt 0.88672 0.36328000000000005
vt 0.85547 0.36328000000000005
vt 0.90234 0.3476600000000001
vt 0.88672 0.36328000000000005
vt 0.88672 0.3476600000000001
vt 0.90234 0.3476600000000001
vt 0.90234 0.36328000000000005
vt 0.88672 0.36328000000000005
vt 0.83984 0.3476600000000001
vt 0.80859 0.36328000000000005
vt 0.80859 0.3476600000000001
vt 0.83984 0.3476600000000001
vt 0.83984 0.36328000000000005
vt 0.80859 0.36328000000000005
vt 0.83984 0.39453000000000005
vt 0.85547 0.36328000000000005
vt 0.85547 0.39453000000000005
vt 0.83984 0.39453000000000005
vt 0.83984 0.36328000000000005
vt 0.85547 0.36328000000000005
vt 0.85547 0.36328000000000005
vt 0.87109 0.39453000000000005
vt 0.87109 0.36328000000000005
vt 0.85547 0.36328000000000005
vt 0.85547 0.39453000000000005
vt 0.87109 0.39453000000000005
vt 0.83984 0.3476600000000001
vt 0.85547 0.36328000000000005
vt 0.85547 0.3476600000000001
vt 0.83984 0.3476600000000001
vt 0.83984 0.36328000000000005
vt 0.85547 0.36328000000000005
vt 0.80859 0.3476600000000001
vt 0.83984 0.36328000000000005
vt 0.83984 0.3476600000000001
vt 0.80859 0.3476600000000001
vt 0.80859 0.36328000000000005
vt 0.83984 0.36328000000000005
vt 0.88672 0.3476600000000001
vt 0.90234 0.36328000000000005
vt 0.90234 0.3476600000000001
vt 0.88672 0.3476600000000001
vt 0.88672 0.36328000000000005
vt 0.90234 0.36328000000000005
vt 0.85547 0.3476600000000001
vt 0.88672 0.36328000000000005
vt 0.88672 0.3476600000000001
vt 0.85547 0.3476600000000001
vt 0.85547 0.36328000000000005
vt 0.88672 0.36328000000000005
vt 0.85547 0.39453000000000005
vt 0.83984 0.36328000000000005
vt 0.83984 0.39453000000000005
vt 0.85547 0.39453000000000005
vt 0.85547 0.36328000000000005
vt 0.83984 0.36328000000000005
vt 0.87109 0.36328000000000005
vt 0.85547 0.39453000000000005
vt 0.85547 0.36328000000000005
vt 0.87109 0.36328000000000005
vt 0.87109 0.39453000000000005
vt 0.85547 0.39453000000000005
vt 0.68359 0.35156
vt 0.73047 0.36719
vt 0.73047 0.35156
vt 0.68359 0.35156
vt 0.68359 0.36719
vt 0.73047 0.36719
vt 0.66797 0.35156
vt 0.68359 0.36719
vt 0.68359 0.35156
vt 0.66797 0.35156
vt 0.66797 0.36719
vt 0.68359 0.36719
vt 0.74609 0.35156
vt 0.79297 0.36719
vt 0.79297 0.35156
vt 0.74609 0.35156
vt 0.74609 0.36719
vt 0.79297 0.36719
vt 0.73047 0.35156
vt 0.74609 0.36719
vt 0.74609 0.35156
vt 0.73047 0.35156
vt 0.73047 0.36719
vt 0.74609 0.36719
vt 0.73047 0.38281
vt 0.68359 0.36719
vt 0.68359 0.38281
vt 0.73047 0.38281
vt 0.73047 0.36719
vt 0.68359 0.36719
vt 0.77734 0.36719
vt 0.73047 0.38281
vt 0.73047 0.36719
vt 0.77734 0.36719
vt 0.77734 0.38281
vt 0.73047 0.38281
vt 0.68359 0.35156
vt 0.73047 0.36719
vt 0.73047 0.35156
vt 0.68359 0.35156
vt 0.68359 0.36719
vt 0.73047 0.36719
vt 0.66797 0.35156
vt 0.68359 0.36719
vt 0.68359 0.35156
vt 0.66797 0.35156
vt 0.66797 0.36719
vt 0.68359 0.36719
vt 0.74609 0.35156
vt 0.79297 0.36719
vt 0.79297 0.35156
vt 0.74609 0.35156
vt 0.74609 0.36719
vt 0.79297 0.36719
vt 0.73047 0.35156
vt 0.74609 0.36719
vt 0.74609 0.35156
vt 0.73047 0.35156
vt 0.73047 0.36719
vt 0.74609 0.36719
vt 0.73047 0.38281
vt 0.68359 0.36719
vt 0.68359 0.38281
vt 0.73047 0.38281
vt 0.73047 0.36719
vt 0.68359 0.36719
vt 0.77734 0.36719
vt 0.73047 0.38281
vt 0.73047 0.36719
vt 0.77734 0.36719
vt 0.77734 0.38281
vt 0.73047 0.38281
vt 0.97266 0.56641
vt 1.00391 0.58203
vt 1.00391 0.56641
vt 0.97266 0.56641
vt 0.97266 0.58203
vt 1.00391 0.58203
vt 0.84766 0.56641
vt 0.97266 0.58203
vt 0.97266 0.56641
vt 0.84766 0.56641
vt 0.84766 0.58203
vt 0.97266 0.58203
vt 0.97266 0.56641
vt 1.00391 0.58203
vt 1.00391 0.56641
vt 0.97266 0.56641
vt 0.97266 0.58203
vt 1.00391 0.58203
vt 0.97266 0.56641
vt 1.00391 0.58203
vt 1.00391 0.56641
vt 0.97266 0.56641
vt 0.97266 0.58203
vt 1.00391 0.58203
vt 0.96484 0.4414100000000001
vt 0.93359 0.3164100000000001
vt 0.93359 0.4414100000000001
vt 0.96484 0.4414100000000001
vt 0.96484 0.3164100000000001
vt 0.93359 0.3164100000000001
vt 0.99609 0.3164100000000001
vt 0.96484 0.4414100000000001
vt 0.96484 0.3164100000000001
vt 0.99609 0.3164100000000001
vt 0.99609 0.4414100000000001
vt 0.96484 0.4414100000000001
vt 0.19922 0.375
vt 0.23047 0.39063000000000003
vt 0.23047 0.375
vt 0.19922 0.375
vt 0.19922 0.39063000000000003
vt 0.23047 0.39063000000000003
vt 0.19922 0.375
vt 0.23047 0.39063000000000003
vt 0.23047 0.375
vt 0.19922 0.375
vt 0.19922 0.39063000000000003
vt 0.23047 0.39063000000000003
vt 0.64063 0.59375
vt 0.67188 0.60938
vt 0.67188 0.59375
vt 0.64063 0.59375
vt 0.64063 0.60938
vt 0.67188 0.60938
vt 0.93359 0.20703000000000005
vt 0.90234 0.17578000000000005
vt 0.90234 0.20703000000000005
vt 0.93359 0.20703000000000005
vt 0.93359 0.17578000000000005
vt 0.90234 0.17578000000000005
vt 0.67188 0.60938
vt 0.64063 0.64063
vt 0.64063 0.60938
vt 0.67188 0.60938
vt 0.67188 0.64063
vt 0.64063 0.64063
vt 0.19922 0.375
vt 0.23047 0.39063000000000003
vt 0.23047 0.375
vt 0.19922 0.375
vt 0.19922 0.39063000000000003
vt 0.23047 0.39063000000000003
vt 0.19922 0.375
vt 0.23047 0.39063000000000003
vt 0.23047 0.375
vt 0.19922 0.375
vt 0.19922 0.39063000000000003
vt 0.23047 0.39063000000000003
vt 0.80469 0.04688000000000003
vt 0.83594 0.05859000000000003
vt 0.83594 0.04688000000000003
vt 0.80469 0.04688000000000003
vt 0.80469 0.05859000000000003
vt 0.83594 0.05859000000000003
vt 0.22266 0.42578000000000005
vt 0.19141 0.39453000000000005
vt 0.19141 0.42578000000000005
vt 0.22266 0.42578000000000005
vt 0.22266 0.39453000000000005
vt 0.19141 0.39453000000000005
vt 0.25391 0.39453000000000005
vt 0.22266 0.42578000000000005
vt 0.22266 0.39453000000000005
vt 0.25391 0.39453000000000005
vt 0.25391 0.42578000000000005
vt 0.22266 0.42578000000000005
vt 0.19922 0.375
vt 0.23047 0.39063000000000003
vt 0.23047 0.375
vt 0.19922 0.375
vt 0.19922 0.39063000000000003
vt 0.23047 0.39063000000000003
vt 0.19922 0.375
vt 0.23047 0.39063000000000003
vt 0.23047 0.375
vt 0.19922 0.375
vt 0.19922 0.39063000000000003
vt 0.23047 0.39063000000000003
vt 0.19922 0.375
vt 0.23047 0.39063000000000003
vt 0.23047 0.375
vt 0.19922 0.375
vt 0.19922 0.39063000000000003
vt 0.23047 0.39063000000000003
vt 0.73047 0.10938000000000003
vt 0.69922 0.07813000000000003
vt 0.69922 0.10938000000000003
vt 0.73047 0.10938000000000003
vt 0.73047 0.07813000000000003
vt 0.69922 0.07813000000000003
vt 0.73047 0.03125
vt 0.69922 0.0625
vt 0.69922 0.03125
vt 0.73047 0.03125
vt 0.73047 0.0625
vt 0.69922 0.0625
vt 0.21484 0.26953000000000005
vt 0.24609 0.2851600000000001
vt 0.24609 0.26953000000000005
vt 0.21484 0.26953000000000005
vt 0.21484 0.2851600000000001
vt 0.24609 0.2851600000000001
vt 0.19922 0.375
vt 0.23047 0.39063000000000003
vt 0.23047 0.375
vt 0.19922 0.375
vt 0.19922 0.39063000000000003
vt 0.23047 0.39063000000000003
vt 0.19922 0.375
vt 0.23047 0.39063000000000003
vt 0.23047 0.375
vt 0.19922 0.375
vt 0.19922 0.39063000000000003
vt 0.23047 0.39063000000000003
vt 0.19922 0.375
vt 0.23047 0.39063000000000003
vt 0.23047 0.375
vt 0.19922 0.375
vt 0.19922 0.39063000000000003
vt 0.23047 0.39063000000000003
vt 0.58594 0.2539100000000001
vt 0.55469 0.22265999999999997
vt 0.55469 0.2539100000000001
vt 0.58594 0.2539100000000001
vt 0.58594 0.22265999999999997
vt 0.55469 0.22265999999999997
vt 0.54688 0.22265999999999997
vt 0.51563 0.2539100000000001
vt 0.51563 0.22265999999999997
vt 0.54688 0.22265999999999997
vt 0.54688 0.2539100000000001
vt 0.51563 0.2539100000000001
vt 0.76953 0.82031
vt 0.78516 0.83594
vt 0.78516 0.82031
vt 0.76953 0.82031
vt 0.76953 0.83594
vt 0.78516 0.83594
vt 0.80078 0.82031
vt 0.81641 0.83594
vt 0.81641 0.82031
vt 0.80078 0.82031
vt 0.80078 0.83594
vt 0.81641 0.83594
vt 0.78516 0.82031
vt 0.80078 0.83594
vt 0.80078 0.82031
vt 0.78516 0.82031
vt 0.78516 0.83594
vt 0.80078 0.83594
vt 0.80078 0.83594
vt 0.78516 0.85156
vt 0.78516 0.83594
vt 0.80078 0.83594
vt 0.80078 0.85156
vt 0.78516 0.85156
vt 0.78516 0.82031
vt 0.76953 0.83594
vt 0.76953 0.82031
vt 0.78516 0.82031
vt 0.78516 0.83594
vt 0.76953 0.83594
vt 0.80078 0.82031
vt 0.78516 0.83594
vt 0.78516 0.82031
vt 0.80078 0.82031
vt 0.80078 0.83594
vt 0.78516 0.83594
vt 0.81641 0.82031
vt 0.80078 0.83594
vt 0.80078 0.82031
vt 0.81641 0.82031
vt 0.81641 0.83594
vt 0.80078 0.83594
vt 0.78516 0.85156
vt 0.80078 0.83594
vt 0.80078 0.85156
vt 0.78516 0.85156
vt 0.78516 0.83594
vt 0.80078 0.83594
vt 0.78516 0.83594
vt 0.80078 0.85156
vt 0.80078 0.83594
vt 0.78516 0.83594
vt 0.78516 0.85156
vt 0.80078 0.85156
vt 0.78516 0.85156
vt 0.80078 0.83594
vt 0.80078 0.85156
vt 0.78516 0.85156
vt 0.78516 0.83594
vt 0.80078 0.83594
vt 0.78516 0.85156
vt 0.80078 0.83594
vt 0.80078 0.85156
vt 0.78516 0.85156
vt 0.78516 0.83594
vt 0.80078 0.83594
vt 0.80078 0.83594
vt 0.78516 0.85156
vt 0.80078 0.85156
vt 0.80078 0.83594
vt 0.78516 0.83594
vt 0.78516 0.85156
vt 0.00391 0.08594000000000002
vt 0.01953 0.11719000000000002
vt 0.01953 0.08594000000000002
vt 0.00391 0.08594000000000002
vt 0.00391 0.11719000000000002
vt 0.01953 0.11719000000000002
vt 0.23047 0.03125
vt 0.24609 0.04688000000000003
vt 0.24609 0.03125
vt 0.23047 0.03125
vt 0.23047 0.04688000000000003
vt 0.24609 0.04688000000000003
vt 0.03516 0.08594000000000002
vt 0.05078 0.11719000000000002
vt 0.05078 0.08594000000000002
vt 0.03516 0.08594000000000002
vt 0.03516 0.11719000000000002
vt 0.05078 0.11719000000000002
vt 0.01953 0.08594000000000002
vt 0.03516 0.11719000000000002
vt 0.03516 0.08594000000000002
vt 0.01953 0.08594000000000002
vt 0.01953 0.11719000000000002
vt 0.03516 0.11719000000000002
vt 0.22266 0.04688000000000003
vt 0.20703 0.03125
vt 0.20703 0.04688000000000003
vt 0.22266 0.04688000000000003
vt 0.22266 0.03125
vt 0.20703 0.03125
vt 0.24609 0.03125
vt 0.23047 0.04688000000000003
vt 0.23047 0.03125
vt 0.24609 0.03125
vt 0.24609 0.04688000000000003
vt 0.23047 0.04688000000000003
vt 0.17188 0.95703
vt 0.1875 0.97266
vt 0.1875 0.95703
vt 0.17188 0.95703
vt 0.17188 0.97266
vt 0.1875 0.97266
vt 0.15625 0.95703
vt 0.17188 0.97266
vt 0.17188 0.95703
vt 0.15625 0.95703
vt 0.15625 0.97266
vt 0.17188 0.97266
vt 0.20313 0.95703
vt 0.21875 0.97266
vt 0.21875 0.95703
vt 0.20313 0.95703
vt 0.20313 0.97266
vt 0.21875 0.97266
vt 0.1875 0.95703
vt 0.20313 0.97266
vt 0.20313 0.95703
vt 0.1875 0.95703
vt 0.1875 0.97266
vt 0.20313 0.97266
vt 0.1875 0.98828
vt 0.17188 0.97266
vt 0.17188 0.98828
vt 0.1875 0.98828
vt 0.1875 0.97266
vt 0.17188 0.97266
vt 0.01953 0.03125
vt 0.00391 0.0625
vt 0.00391 0.03125
vt 0.01953 0.03125
vt 0.01953 0.0625
vt 0.00391 0.0625
vt 0.03516 0.03125
vt 0.01953 0.0625
vt 0.01953 0.03125
vt 0.03516 0.03125
vt 0.03516 0.0625
vt 0.01953 0.0625
vt 0.05078 0.03125
vt 0.03516 0.0625
vt 0.03516 0.03125
vt 0.05078 0.03125
vt 0.05078 0.0625
vt 0.03516 0.0625
vt 0.22266 0.03125
vt 0.20703 0.04688000000000003
vt 0.20703 0.03125
vt 0.22266 0.03125
vt 0.22266 0.04688000000000003
vt 0.20703 0.04688000000000003
vt 0.20703 0.04688000000000003
vt 0.22266 0.03125
vt 0.22266 0.04688000000000003
vt 0.20703 0.04688000000000003
vt 0.20703 0.03125
vt 0.22266 0.03125
vt 0.23047 0.03125
vt 0.24609 0.04688000000000003
vt 0.24609 0.03125
vt 0.23047 0.03125
vt 0.23047 0.04688000000000003
vt 0.24609 0.04688000000000003
vt 0.00391 0.03125
vt 0.01953 0.0625
vt 0.01953 0.03125
vt 0.00391 0.03125
vt 0.00391 0.0625
vt 0.01953 0.0625
vt 0.20703 0.03125
vt 0.22266 0.04688000000000003
vt 0.22266 0.03125
vt 0.20703 0.03125
vt 0.20703 0.04688000000000003
vt 0.22266 0.04688000000000003
vt 0.03516 0.03125
vt 0.05078 0.0625
vt 0.05078 0.03125
vt 0.03516 0.03125
vt 0.03516 0.0625
vt 0.05078 0.0625
vt 0.01953 0.03125
vt 0.03516 0.0625
vt 0.03516 0.03125
vt 0.01953 0.03125
vt 0.01953 0.0625
vt 0.03516 0.0625
vt 0.22266 0.04688000000000003
vt 0.20703 0.03125
vt 0.20703 0.04688000000000003
vt 0.22266 0.04688000000000003
vt 0.22266 0.03125
vt 0.20703 0.03125
vt 0.24609 0.03125
vt 0.23047 0.04688000000000003
vt 0.23047 0.03125
vt 0.24609 0.03125
vt 0.24609 0.04688000000000003
vt 0.23047 0.04688000000000003
vt 0.01953 0.08594000000000002
vt 0.00391 0.11719000000000002
vt 0.00391 0.08594000000000002
vt 0.01953 0.08594000000000002
vt 0.01953 0.11719000000000002
vt 0.00391 0.11719000000000002
vt 0.03516 0.08594000000000002
vt 0.01953 0.11719000000000002
vt 0.01953 0.08594000000000002
vt 0.03516 0.08594000000000002
vt 0.03516 0.11719000000000002
vt 0.01953 0.11719000000000002
vt 0.05078 0.08594000000000002
vt 0.03516 0.11719000000000002
vt 0.03516 0.08594000000000002
vt 0.05078 0.08594000000000002
vt 0.05078 0.11719000000000002
vt 0.03516 0.11719000000000002
vt 0.24609 0.03125
vt 0.23047 0.04688000000000003
vt 0.23047 0.03125
vt 0.24609 0.03125
vt 0.24609 0.04688000000000003
vt 0.23047 0.04688000000000003
vt 0.20703 0.04688000000000003
vt 0.22266 0.03125
vt 0.22266 0.04688000000000003
vt 0.20703 0.04688000000000003
vt 0.20703 0.03125
vt 0.22266 0.03125
vt 0.23047 0.03125
vt 0.24609 0.04688000000000003
vt 0.24609 0.03125
vt 0.23047 0.03125
vt 0.23047 0.04688000000000003
vt 0.24609 0.04688000000000003
vt 0.1875 0.95703
vt 0.17188 0.97266
vt 0.17188 0.95703
vt 0.1875 0.95703
vt 0.1875 0.97266
vt 0.17188 0.97266
vt 0.20313 0.95703
vt 0.1875 0.97266
vt 0.1875 0.95703
vt 0.20313 0.95703
vt 0.20313 0.97266
vt 0.1875 0.97266
vt 0.21875 0.95703
vt 0.20313 0.97266
vt 0.20313 0.95703
vt 0.21875 0.95703
vt 0.21875 0.97266
vt 0.20313 0.97266
vt 0.17188 0.95703
vt 0.15625 0.97266
vt 0.15625 0.95703
vt 0.17188 0.95703
vt 0.17188 0.97266
vt 0.15625 0.97266
vt 0.17188 0.98828
vt 0.1875 0.97266
vt 0.1875 0.98828
vt 0.17188 0.98828
vt 0.17188 0.97266
vt 0.1875 0.97266
vt 0 1
vt 0 1
vt 0 1
vt 0 1
vt 0 1
vt 0 1
vt 0.00391 0.38671999999999995
vt 0.02734 0.4101600000000001
vt 0.02734 0.38671999999999995
vt 0.00391 0.38671999999999995
vt 0.00391 0.4101600000000001
vt 0.02734 0.4101600000000001
vt 0.00391 0.38671999999999995
vt 0.02734 0.4101600000000001
vt 0.02734 0.38671999999999995
vt 0.00391 0.38671999999999995
vt 0.00391 0.4101600000000001
vt 0.02734 0.4101600000000001
vt 0.01563 0.94531
vt 0.0625 0.99219
vt 0.0625 0.94531
vt 0.01563 0.94531
vt 0.01563 0.99219
vt 0.0625 0.99219
vt 0.00391 0.38671999999999995
vt 0.02734 0.4101600000000001
vt 0.02734 0.38671999999999995
vt 0.00391 0.38671999999999995
vt 0.00391 0.4101600000000001
vt 0.02734 0.4101600000000001
vt 0.02734 0.4101600000000001
vt 0.00391 0.38671999999999995
vt 0.00391 0.4101600000000001
vt 0.02734 0.4101600000000001
vt 0.02734 0.38671999999999995
vt 0.00391 0.38671999999999995
vt 0.05078 0.38671999999999995
vt 0.02734 0.4101600000000001
vt 0.02734 0.38671999999999995
vt 0.05078 0.38671999999999995
vt 0.05078 0.4101600000000001
vt 0.02734 0.4101600000000001
vt 0.84375 0.45313000000000003
vt 0.90625 0.46875
vt 0.90625 0.45313000000000003
vt 0.84375 0.45313000000000003
vt 0.84375 0.46875
vt 0.90625 0.46875
vt 0.78125 0.45313000000000003
vt 0.84375 0.46875
vt 0.84375 0.45313000000000003
vt 0.78125 0.45313000000000003
vt 0.78125 0.46875
vt 0.84375 0.46875
vt 0.91016 0.54297
vt 0.97266 0.55859
vt 0.97266 0.54297
vt 0.91016 0.54297
vt 0.91016 0.55859
vt 0.97266 0.55859
vt 0.84766 0.54297
vt 0.91016 0.55859
vt 0.91016 0.54297
vt 0.84766 0.54297
vt 0.84766 0.55859
vt 0.91016 0.55859
vt 0.90625 0.53125
vt 0.84375 0.46875
vt 0.84375 0.53125
vt 0.90625 0.53125
vt 0.90625 0.46875
vt 0.84375 0.46875
vt 0.96875 0.46875
vt 0.90625 0.53125
vt 0.90625 0.46875
vt 0.96875 0.46875
vt 0.96875 0.53125
vt 0.90625 0.53125
vt 0.74219 0.66016
vt 0.77344 0.67578
vt 0.77344 0.66016
vt 0.74219 0.66016
vt 0.74219 0.67578
vt 0.77344 0.67578
vt 0.74219 0.64453
vt 0.77344 0.66016
vt 0.77344 0.64453
vt 0.74219 0.64453
vt 0.74219 0.66016
vt 0.77344 0.66016
vt 0.77344 0.64453
vt 0.80469 0.66016
vt 0.80469 0.64453
vt 0.77344 0.64453
vt 0.77344 0.66016
vt 0.80469 0.66016
vt 0.74219 0.66016
vt 0.77344 0.67578
vt 0.77344 0.66016
vt 0.74219 0.66016
vt 0.74219 0.67578
vt 0.77344 0.67578
vt 0.74219 0.69141
vt 0.71094 0.66016
vt 0.71094 0.69141
vt 0.74219 0.69141
vt 0.74219 0.66016
vt 0.71094 0.66016
vt 0.77344 0.66016
vt 0.74219 0.67578
vt 0.74219 0.66016
vt 0.77344 0.66016
vt 0.77344 0.67578
vt 0.74219 0.67578
vt 0.88672 0.30469
vt 0.90234 0.32031
vt 0.90234 0.30469
vt 0.88672 0.30469
vt 0.88672 0.32031
vt 0.90234 0.32031
vt 0.88672 0.30469
vt 0.90234 0.32031
vt 0.90234 0.30469
vt 0.88672 0.30469
vt 0.88672 0.32031
vt 0.90234 0.32031
vt 0.91797 0.28906
vt 0.94922 0.30469
vt 0.94922 0.28906
vt 0.91797 0.28906
vt 0.91797 0.30469
vt 0.94922 0.30469
vt 0.88672 0.28906
vt 0.91797 0.30469
vt 0.91797 0.28906
vt 0.88672 0.28906
vt 0.88672 0.30469
vt 0.91797 0.30469
vt 0.88672 0.33594
vt 0.85547 0.30469
vt 0.85547 0.33594
vt 0.88672 0.33594
vt 0.88672 0.30469
vt 0.85547 0.30469
vt 0.90234 0.30469
vt 0.88672 0.32031
vt 0.88672 0.30469
vt 0.90234 0.30469
vt 0.90234 0.32031
vt 0.88672 0.32031
vt 0.83594 0.89844
vt 0.86719 0.91406
vt 0.86719 0.89844
vt 0.83594 0.89844
vt 0.83594 0.91406
vt 0.86719 0.91406
vt 0.78906 0.89844
vt 0.83594 0.91406
vt 0.83594 0.89844
vt 0.78906 0.89844
vt 0.78906 0.91406
vt 0.83594 0.91406
vt 0.18359 0.91016
vt 0.21484 0.92578
vt 0.21484 0.91016
vt 0.18359 0.91016
vt 0.18359 0.92578
vt 0.21484 0.92578
vt 0.13672 0.91016
vt 0.18359 0.92578
vt 0.18359 0.91016
vt 0.13672 0.91016
vt 0.13672 0.92578
vt 0.18359 0.92578
vt 0.98828 0.17578000000000005
vt 0.95703 0.12890999999999997
vt 0.95703 0.17578000000000005
vt 0.98828 0.17578000000000005
vt 0.98828 0.12890999999999997
vt 0.95703 0.12890999999999997
vt 0.83594 0.89844
vt 0.85156 0.91406
vt 0.85156 0.89844
vt 0.83594 0.89844
vt 0.83594 0.91406
vt 0.85156 0.91406
vt 0.15234 0.91016
vt 0.16797 0.92578
vt 0.16797 0.91016
vt 0.15234 0.91016
vt 0.15234 0.92578
vt 0.16797 0.92578
vt 0.13672 0.91016
vt 0.15234 0.92578
vt 0.15234 0.91016
vt 0.13672 0.91016
vt 0.13672 0.92578
vt 0.15234 0.92578
vt 0.98828 0.14453000000000005
vt 0.97266 0.12890999999999997
vt 0.97266 0.14453000000000005
vt 0.98828 0.14453000000000005
vt 0.98828 0.12890999999999997
vt 0.97266 0.12890999999999997
vt 0.64844 0.66016
vt 0.66406 0.67578
vt 0.66406 0.66016
vt 0.64844 0.66016
vt 0.64844 0.67578
vt 0.66406 0.67578
vt 0.63281 0.66016
vt 0.64844 0.67578
vt 0.64844 0.66016
vt 0.63281 0.66016
vt 0.63281 0.67578
vt 0.64844 0.67578
vt 0.67969 0.66016
vt 0.69531 0.67578
vt 0.69531 0.66016
vt 0.67969 0.66016
vt 0.67969 0.67578
vt 0.69531 0.67578
vt 0.66406 0.66016
vt 0.67969 0.67578
vt 0.67969 0.66016
vt 0.66406 0.66016
vt 0.66406 0.67578
vt 0.67969 0.67578
vt 0.66406 0.69141
vt 0.64844 0.67578
vt 0.64844 0.69141
vt 0.66406 0.69141
vt 0.66406 0.67578
vt 0.64844 0.67578
vt 0.67969 0.67578
vt 0.66406 0.69141
vt 0.66406 0.67578
vt 0.67969 0.67578
vt 0.67969 0.69141
vt 0.66406 0.69141
vt 0.64844 0.66016
vt 0.66406 0.67578
vt 0.66406 0.66016
vt 0.64844 0.66016
vt 0.64844 0.67578
vt 0.66406 0.67578
vt 0.63281 0.66016
vt 0.64844 0.67578
vt 0.64844 0.66016
vt 0.63281 0.66016
vt 0.63281 0.67578
vt 0.64844 0.67578
vt 0.67969 0.66016
vt 0.69531 0.67578
vt 0.69531 0.66016
vt 0.67969 0.66016
vt 0.67969 0.67578
vt 0.69531 0.67578
vt 0.66406 0.66016
vt 0.67969 0.67578
vt 0.67969 0.66016
vt 0.66406 0.66016
vt 0.66406 0.67578
vt 0.67969 0.67578
vt 0.66406 0.69141
vt 0.64844 0.67578
vt 0.64844 0.69141
vt 0.66406 0.69141
vt 0.66406 0.67578
vt 0.64844 0.67578
vt 0.67969 0.67578
vt 0.66406 0.69141
vt 0.66406 0.67578
vt 0.67969 0.67578
vt 0.67969 0.69141
vt 0.66406 0.69141
vt 0.85938 0.45313000000000003
vt 0.90625 0.46875
vt 0.90625 0.45313000000000003
vt 0.85938 0.45313000000000003
vt 0.85938 0.46875
vt 0.90625 0.46875
vt 0.8125 0.45313000000000003
vt 0.85938 0.46875
vt 0.85938 0.45313000000000003
vt 0.8125 0.45313000000000003
vt 0.8125 0.46875
vt 0.85938 0.46875
vt 0.89453 0.54297
vt 0.94141 0.55859
vt 0.94141 0.54297
vt 0.89453 0.54297
vt 0.89453 0.55859
vt 0.94141 0.55859
vt 0.84766 0.54297
vt 0.89453 0.55859
vt 0.89453 0.54297
vt 0.84766 0.54297
vt 0.84766 0.55859
vt 0.89453 0.55859
vt 0.90625 0.51563
vt 0.85938 0.46875
vt 0.85938 0.51563
vt 0.90625 0.51563
vt 0.90625 0.46875
vt 0.85938 0.46875
vt 0.95313 0.46875
vt 0.90625 0.51563
vt 0.90625 0.46875
vt 0.95313 0.46875
vt 0.95313 0.51563
vt 0.90625 0.51563
vt 0.0625 0.003909999999999969
vt 0.15625 0.019530000000000047
vt 0.15625 0.003909999999999969
vt 0.0625 0.003909999999999969
vt 0.0625 0.019530000000000047
vt 0.15625 0.019530000000000047
vt 0 0.003909999999999969
vt 0.0625 0.019530000000000047
vt 0.0625 0.003909999999999969
vt 0 0.003909999999999969
vt 0 0.019530000000000047
vt 0.0625 0.019530000000000047
vt 0.21875 0.003909999999999969
vt 0.3125 0.019530000000000047
vt 0.3125 0.003909999999999969
vt 0.21875 0.003909999999999969
vt 0.21875 0.019530000000000047
vt 0.3125 0.019530000000000047
vt 0.15625 0.003909999999999969
vt 0.21875 0.019530000000000047
vt 0.21875 0.003909999999999969
vt 0.15625 0.003909999999999969
vt 0.15625 0.019530000000000047
vt 0.21875 0.019530000000000047
vt 0.15625 0.125
vt 0.0625 0.0625
vt 0.0625 0.125
vt 0.15625 0.125
vt 0.15625 0.0625
vt 0.0625 0.0625
vt 0.25 0.0625
vt 0.15625 0.125
vt 0.15625 0.0625
vt 0.25 0.0625
vt 0.25 0.125
vt 0.15625 0.125
vt 0.12109 0.003909999999999969
vt 0.15234 0.019530000000000047
vt 0.15234 0.003909999999999969
vt 0.12109 0.003909999999999969
vt 0.15234 0.019530000000000047
vt 0.15234 0.003909999999999969
vt 0.12109 0.003909999999999969
vt 0.12109 0.019530000000000047
vt 0.15234 0.019530000000000047
vt 0.12109 0.003909999999999969
vt 0.12109 0.019530000000000047
vt 0.15234 0.019530000000000047
vt 0.05859 0.003909999999999969
vt 0.12109 0.019530000000000047
vt 0.12109 0.003909999999999969
vt 0.05859 0.003909999999999969
vt 0.12109 0.019530000000000047
vt 0.12109 0.003909999999999969
vt 0.05859 0.003909999999999969
vt 0.05859 0.019530000000000047
vt 0.12109 0.019530000000000047
vt 0.05859 0.003909999999999969
vt 0.05859 0.019530000000000047
vt 0.12109 0.019530000000000047
vt 0.21484 0.003909999999999969
vt 0.24609 0.019530000000000047
vt 0.24609 0.003909999999999969
vt 0.21484 0.003909999999999969
vt 0.24609 0.019530000000000047
vt 0.24609 0.003909999999999969
vt 0.21484 0.003909999999999969
vt 0.21484 0.019530000000000047
vt 0.24609 0.019530000000000047
vt 0.21484 0.003909999999999969
vt 0.21484 0.019530000000000047
vt 0.24609 0.019530000000000047
vt 0.15234 0.003909999999999969
vt 0.21484 0.019530000000000047
vt 0.21484 0.003909999999999969
vt 0.15234 0.003909999999999969
vt 0.21484 0.019530000000000047
vt 0.21484 0.003909999999999969
vt 0.15234 0.003909999999999969
vt 0.15234 0.019530000000000047
vt 0.21484 0.019530000000000047
vt 0.15234 0.003909999999999969
vt 0.15234 0.019530000000000047
vt 0.21484 0.019530000000000047
vt 0.15234 0.125
vt 0.12109 0.0625
vt 0.12109 0.125
vt 0.15234 0.125
vt 0.12109 0.0625
vt 0.12109 0.125
vt 0.15234 0.125
vt 0.15234 0.0625
vt 0.12109 0.0625
vt 0.15234 0.125
vt 0.15234 0.0625
vt 0.12109 0.0625
vt 0.18359 0.0625
vt 0.15234 0.125
vt 0.15234 0.0625
vt 0.18359 0.0625
vt 0.15234 0.125
vt 0.15234 0.0625
vt 0.18359 0.0625
vt 0.18359 0.125
vt 0.15234 0.125
vt 0.18359 0.0625
vt 0.18359 0.125
vt 0.15234 0.125
vt 0.82031 0.60156
vt 0.85156 0.61719
vt 0.85156 0.60156
vt 0.82031 0.60156
vt 0.82031 0.61719
vt 0.85156 0.61719
vt 0.80469 0.60156
vt 0.82031 0.61719
vt 0.82031 0.60156
vt 0.80469 0.60156
vt 0.80469 0.61719
vt 0.82031 0.61719
vt 0.86719 0.60156
vt 0.89844 0.61719
vt 0.89844 0.60156
vt 0.86719 0.60156
vt 0.86719 0.61719
vt 0.89844 0.61719
vt 0.85156 0.60156
vt 0.86719 0.61719
vt 0.86719 0.60156
vt 0.85156 0.60156
vt 0.85156 0.61719
vt 0.86719 0.61719
vt 0.85156 0.63281
vt 0.82031 0.61719
vt 0.82031 0.63281
vt 0.85156 0.63281
vt 0.85156 0.61719
vt 0.82031 0.61719
vt 0.64844 0.66016
vt 0.66406 0.67578
vt 0.66406 0.66016
vt 0.64844 0.66016
vt 0.64844 0.67578
vt 0.66406 0.67578
vt 0.63281 0.66016
vt 0.64844 0.67578
vt 0.64844 0.66016
vt 0.63281 0.66016
vt 0.63281 0.67578
vt 0.64844 0.67578
vt 0.67969 0.66016
vt 0.69531 0.67578
vt 0.69531 0.66016
vt 0.67969 0.66016
vt 0.67969 0.67578
vt 0.69531 0.67578
vt 0.66406 0.66016
vt 0.67969 0.67578
vt 0.67969 0.66016
vt 0.66406 0.66016
vt 0.66406 0.67578
vt 0.67969 0.67578
vt 0.66406 0.69141
vt 0.64844 0.67578
vt 0.64844 0.69141
vt 0.66406 0.69141
vt 0.66406 0.67578
vt 0.64844 0.67578
vt 0.67969 0.67578
vt 0.66406 0.69141
vt 0.66406 0.67578
vt 0.67969 0.67578
vt 0.67969 0.69141
vt 0.66406 0.69141
vt 0.64844 0.66016
vt 0.66406 0.67578
vt 0.66406 0.66016
vt 0.64844 0.66016
vt 0.64844 0.67578
vt 0.66406 0.67578
vt 0.63281 0.66016
vt 0.64844 0.67578
vt 0.64844 0.66016
vt 0.63281 0.66016
vt 0.63281 0.67578
vt 0.64844 0.67578
vt 0.67969 0.66016
vt 0.69531 0.67578
vt 0.69531 0.66016
vt 0.67969 0.66016
vt 0.67969 0.67578
vt 0.69531 0.67578
vt 0.66406 0.66016
vt 0.67969 0.67578
vt 0.67969 0.66016
vt 0.66406 0.66016
vt 0.66406 0.67578
vt 0.67969 0.67578
vt 0.66406 0.69141
vt 0.64844 0.67578
vt 0.64844 0.69141
vt 0.66406 0.69141
vt 0.66406 0.67578
vt 0.64844 0.67578
vt 0.67969 0.67578
vt 0.66406 0.69141
vt 0.66406 0.67578
vt 0.67969 0.67578
vt 0.67969 0.69141
vt 0.66406 0.69141
vt 0.875 0.45313000000000003
vt 0.90625 0.46875
vt 0.90625 0.45313000000000003
vt 0.875 0.45313000000000003
vt 0.875 0.46875
vt 0.90625 0.46875
vt 0.84375 0.45313000000000003
vt 0.875 0.46875
vt 0.875 0.45313000000000003
vt 0.84375 0.45313000000000003
vt 0.84375 0.46875
vt 0.875 0.46875
vt 0.87891 0.54297
vt 0.91016 0.55859
vt 0.91016 0.54297
vt 0.87891 0.54297
vt 0.87891 0.55859
vt 0.91016 0.55859
vt 0.84766 0.54297
vt 0.87891 0.55859
vt 0.87891 0.54297
vt 0.84766 0.54297
vt 0.84766 0.55859
vt 0.87891 0.55859
vt 0.90625 0.5
vt 0.875 0.46875
vt 0.875 0.5
vt 0.90625 0.5
vt 0.90625 0.46875
vt 0.875 0.46875
vt 0.9375 0.46875
vt 0.90625 0.5
vt 0.90625 0.46875
vt 0.9375 0.46875
vt 0.9375 0.5
vt 0.90625 0.5
vt 0.1875 0.78125
vt 0.20313 0.79688
vt 0.20313 0.78125
vt 0.1875 0.78125
vt 0.1875 0.79688
vt 0.20313 0.79688
vt 0.17188 0.78125
vt 0.1875 0.79688
vt 0.1875 0.78125
vt 0.17188 0.78125
vt 0.17188 0.79688
vt 0.1875 0.79688
vt 0.21875 0.78125
vt 0.23438 0.79688
vt 0.23438 0.78125
vt 0.21875 0.78125
vt 0.21875 0.79688
vt 0.23438 0.79688
vt 0.20313 0.78125
vt 0.21875 0.79688
vt 0.21875 0.78125
vt 0.20313 0.78125
vt 0.20313 0.79688
vt 0.21875 0.79688
vt 0.20313 0.8125
vt 0.1875 0.79688
vt 0.1875 0.8125
vt 0.20313 0.8125
vt 0.20313 0.79688
vt 0.1875 0.79688
vt 0.21875 0.79688
vt 0.20313 0.8125
vt 0.20313 0.79688
vt 0.21875 0.79688
vt 0.21875 0.8125
vt 0.20313 0.8125
vt 0.1875 0.78125
vt 0.20313 0.79688
vt 0.20313 0.78125
vt 0.1875 0.78125
vt 0.1875 0.79688
vt 0.20313 0.79688
vt 0.17188 0.78125
vt 0.1875 0.79688
vt 0.1875 0.78125
vt 0.17188 0.78125
vt 0.17188 0.79688
vt 0.1875 0.79688
vt 0.21875 0.78125
vt 0.23438 0.79688
vt 0.23438 0.78125
vt 0.21875 0.78125
vt 0.21875 0.79688
vt 0.23438 0.79688
vt 0.20313 0.78125
vt 0.21875 0.79688
vt 0.21875 0.78125
vt 0.20313 0.78125
vt 0.20313 0.79688
vt 0.21875 0.79688
vt 0.20313 0.8125
vt 0.1875 0.79688
vt 0.1875 0.8125
vt 0.20313 0.8125
vt 0.20313 0.79688
vt 0.1875 0.79688
vt 0.21875 0.79688
vt 0.20313 0.8125
vt 0.20313 0.79688
vt 0.21875 0.79688
vt 0.21875 0.8125
vt 0.20313 0.8125
vt 0.1875 0.78125
vt 0.20313 0.79688
vt 0.20313 0.78125
vt 0.1875 0.78125
vt 0.1875 0.79688
vt 0.20313 0.79688
vt 0.17188 0.78125
vt 0.1875 0.79688
vt 0.1875 0.78125
vt 0.17188 0.78125
vt 0.17188 0.79688
vt 0.1875 0.79688
vt 0.21875 0.78125
vt 0.23438 0.79688
vt 0.23438 0.78125
vt 0.21875 0.78125
vt 0.21875 0.79688
vt 0.23438 0.79688
vt 0.20313 0.78125
vt 0.21875 0.79688
vt 0.21875 0.78125
vt 0.20313 0.78125
vt 0.20313 0.79688
vt 0.21875 0.79688
vt 0.20313 0.8125
vt 0.1875 0.79688
vt 0.1875 0.8125
vt 0.20313 0.8125
vt 0.20313 0.79688
vt 0.1875 0.79688
vt 0.21875 0.79688
vt 0.20313 0.8125
vt 0.20313 0.79688
vt 0.21875 0.79688
vt 0.21875 0.8125
vt 0.20313 0.8125
vt 0.1875 0.78125
vt 0.20313 0.79688
vt 0.20313 0.78125
vt 0.1875 0.78125
vt 0.1875 0.79688
vt 0.20313 0.79688
vt 0.17188 0.78125
vt 0.1875 0.79688
vt 0.1875 0.78125
vt 0.17188 0.78125
vt 0.17188 0.79688
vt 0.1875 0.79688
vt 0.21875 0.78125
vt 0.23438 0.79688
vt 0.23438 0.78125
vt 0.21875 0.78125
vt 0.21875 0.79688
vt 0.23438 0.79688
vt 0.20313 0.78125
vt 0.21875 0.79688
vt 0.21875 0.78125
vt 0.20313 0.78125
vt 0.20313 0.79688
vt 0.21875 0.79688
vt 0.20313 0.8125
vt 0.1875 0.79688
vt 0.1875 0.8125
vt 0.20313 0.8125
vt 0.20313 0.79688
vt 0.1875 0.79688
vt 0.21875 0.79688
vt 0.20313 0.8125
vt 0.20313 0.79688
vt 0.21875 0.79688
vt 0.21875 0.8125
vt 0.20313 0.8125
vt 0.1875 0.78125
vt 0.20313 0.79688
vt 0.20313 0.78125
vt 0.1875 0.78125
vt 0.1875 0.79688
vt 0.20313 0.79688
vt 0.17188 0.78125
vt 0.1875 0.79688
vt 0.1875 0.78125
vt 0.17188 0.78125
vt 0.17188 0.79688
vt 0.1875 0.79688
vt 0.21875 0.78125
vt 0.23438 0.79688
vt 0.23438 0.78125
vt 0.21875 0.78125
vt 0.21875 0.79688
vt 0.23438 0.79688
vt 0.20313 0.78125
vt 0.21875 0.79688
vt 0.21875 0.78125
vt 0.20313 0.78125
vt 0.20313 0.79688
vt 0.21875 0.79688
vt 0.20313 0.8125
vt 0.1875 0.79688
vt 0.1875 0.8125
vt 0.20313 0.8125
vt 0.20313 0.79688
vt 0.1875 0.79688
vt 0.21875 0.79688
vt 0.20313 0.8125
vt 0.20313 0.79688
vt 0.21875 0.79688
vt 0.21875 0.8125
vt 0.20313 0.8125
vt 0.1875 0.78125
vt 0.20313 0.79688
vt 0.20313 0.78125
vt 0.1875 0.78125
vt 0.1875 0.79688
vt 0.20313 0.79688
vt 0.17188 0.78125
vt 0.1875 0.79688
vt 0.1875 0.78125
vt 0.17188 0.78125
vt 0.17188 0.79688
vt 0.1875 0.79688
vt 0.21875 0.78125
vt 0.23438 0.79688
vt 0.23438 0.78125
vt 0.21875 0.78125
vt 0.21875 0.79688
vt 0.23438 0.79688
vt 0.20313 0.78125
vt 0.21875 0.79688
vt 0.21875 0.78125
vt 0.20313 0.78125
vt 0.20313 0.79688
vt 0.21875 0.79688
vt 0.20313 0.8125
vt 0.1875 0.79688
vt 0.1875 0.8125
vt 0.20313 0.8125
vt 0.20313 0.79688
vt 0.1875 0.79688
vt 0.21875 0.79688
vt 0.20313 0.8125
vt 0.20313 0.79688
vt 0.21875 0.79688
vt 0.21875 0.8125
vt 0.20313 0.8125
vt 0.1875 0.78125
vt 0.20313 0.79688
vt 0.20313 0.78125
vt 0.1875 0.78125
vt 0.1875 0.79688
vt 0.20313 0.79688
vt 0.17188 0.78125
vt 0.1875 0.79688
vt 0.1875 0.78125
vt 0.17188 0.78125
vt 0.17188 0.79688
vt 0.1875 0.79688
vt 0.21875 0.78125
vt 0.23438 0.79688
vt 0.23438 0.78125
vt 0.21875 0.78125
vt 0.21875 0.79688
vt 0.23438 0.79688
vt 0.20313 0.78125
vt 0.21875 0.79688
vt 0.21875 0.78125
vt 0.20313 0.78125
vt 0.20313 0.79688
vt 0.21875 0.79688
vt 0.20313 0.8125
vt 0.1875 0.79688
vt 0.1875 0.8125
vt 0.20313 0.8125
vt 0.20313 0.79688
vt 0.1875 0.79688
vt 0.21875 0.79688
vt 0.20313 0.8125
vt 0.20313 0.79688
vt 0.21875 0.79688
vt 0.21875 0.8125
vt 0.20313 0.8125
vt 0.1875 0.78125
vt 0.20313 0.79688
vt 0.20313 0.78125
vt 0.1875 0.78125
vt 0.1875 0.79688
vt 0.20313 0.79688
vt 0.17188 0.78125
vt 0.1875 0.79688
vt 0.1875 0.78125
vt 0.17188 0.78125
vt 0.17188 0.79688
vt 0.1875 0.79688
vt 0.21875 0.78125
vt 0.23438 0.79688
vt 0.23438 0.78125
vt 0.21875 0.78125
vt 0.21875 0.79688
vt 0.23438 0.79688
vt 0.20313 0.78125
vt 0.21875 0.79688
vt 0.21875 0.78125
vt 0.20313 0.78125
vt 0.20313 0.79688
vt 0.21875 0.79688
vt 0.20313 0.8125
vt 0.1875 0.79688
vt 0.1875 0.8125
vt 0.20313 0.8125
vt 0.20313 0.79688
vt 0.1875 0.79688
vt 0.21875 0.79688
vt 0.20313 0.8125
vt 0.20313 0.79688
vt 0.21875 0.79688
vt 0.21875 0.8125
vt 0.20313 0.8125
vt 0.1875 0.78125
vt 0.20313 0.79688
vt 0.20313 0.78125
vt 0.1875 0.78125
vt 0.1875 0.79688
vt 0.20313 0.79688
vt 0.17188 0.78125
vt 0.1875 0.79688
vt 0.1875 0.78125
vt 0.17188 0.78125
vt 0.17188 0.79688
vt 0.1875 0.79688
vt 0.21875 0.78125
vt 0.23438 0.79688
vt 0.23438 0.78125
vt 0.21875 0.78125
vt 0.21875 0.79688
vt 0.23438 0.79688
vt 0.20313 0.78125
vt 0.21875 0.79688
vt 0.21875 0.78125
vt 0.20313 0.78125
vt 0.20313 0.79688
vt 0.21875 0.79688
vt 0.20313 0.8125
vt 0.1875 0.79688
vt 0.1875 0.8125
vt 0.20313 0.8125
vt 0.20313 0.79688
vt 0.1875 0.79688
vt 0.21875 0.79688
vt 0.20313 0.8125
vt 0.20313 0.79688
vt 0.21875 0.79688
vt 0.21875 0.8125
vt 0.20313 0.8125
vt 0.1875 0.78125
vt 0.20313 0.79688
vt 0.20313 0.78125
vt 0.1875 0.78125
vt 0.1875 0.79688
vt 0.20313 0.79688
vt 0.17188 0.78125
vt 0.1875 0.79688
vt 0.1875 0.78125
vt 0.17188 0.78125
vt 0.17188 0.79688
vt 0.1875 0.79688
vt 0.21875 0.78125
vt 0.23438 0.79688
vt 0.23438 0.78125
vt 0.21875 0.78125
vt 0.21875 0.79688
vt 0.23438 0.79688
vt 0.20313 0.78125
vt 0.21875 0.79688
vt 0.21875 0.78125
vt 0.20313 0.78125
vt 0.20313 0.79688
vt 0.21875 0.79688
vt 0.20313 0.8125
vt 0.1875 0.79688
vt 0.1875 0.8125
vt 0.20313 0.8125
vt 0.20313 0.79688
vt 0.1875 0.79688
vt 0.21875 0.79688
vt 0.20313 0.8125
vt 0.20313 0.79688
vt 0.21875 0.79688
vt 0.21875 0.8125
vt 0.20313 0.8125
vt 0.1875 0.78125
vt 0.20313 0.79688
vt 0.20313 0.78125
vt 0.1875 0.78125
vt 0.1875 0.79688
vt 0.20313 0.79688
vt 0.17188 0.78125
vt 0.1875 0.79688
vt 0.1875 0.78125
vt 0.17188 0.78125
vt 0.17188 0.79688
vt 0.1875 0.79688
vt 0.21875 0.78125
vt 0.23438 0.79688
vt 0.23438 0.78125
vt 0.21875 0.78125
vt 0.21875 0.79688
vt 0.23438 0.79688
vt 0.20313 0.78125
vt 0.21875 0.79688
vt 0.21875 0.78125
vt 0.20313 0.78125
vt 0.20313 0.79688
vt 0.21875 0.79688
vt 0.20313 0.8125
vt 0.1875 0.79688
vt 0.1875 0.8125
vt 0.20313 0.8125
vt 0.20313 0.79688
vt 0.1875 0.79688
vt 0.21875 0.79688
vt 0.20313 0.8125
vt 0.20313 0.79688
vt 0.21875 0.79688
vt 0.21875 0.8125
vt 0.20313 0.8125
vt 0.00781 0.4335899999999999
vt 0.19531 0.52734
vt 0.19531 0.4335899999999999
vt 0.00781 0.4335899999999999
vt 0.00781 0.52734
vt 0.19531 0.52734
vt 0.20703 0.4335899999999999
vt 0.36328 0.52734
vt 0.36328 0.4335899999999999
vt 0.20703 0.4335899999999999
vt 0.20703 0.52734
vt 0.36328 0.52734
vt 0.19531 0.4335899999999999
vt 0.00781 0.52734
vt 0.00781 0.4335899999999999
vt 0.19531 0.4335899999999999
vt 0.19531 0.52734
vt 0.00781 0.52734
vt 0.20703 0.4335899999999999
vt 0.36328 0.52734
vt 0.36328 0.4335899999999999
vt 0.20703 0.4335899999999999
vt 0.20703 0.52734
vt 0.36328 0.52734
vt 0.07813 0.60938
vt 0.00781 0.53906
vt 0.00781 0.60938
vt 0.07813 0.60938
vt 0.07813 0.53906
vt 0.00781 0.53906
vt 0.07813 0.53906
vt 0.00781 0.60938
vt 0.00781 0.53906
vt 0.07813 0.53906
vt 0.07813 0.60938
vt 0.00781 0.60938
vt 0.08594 0.25781
vt 0.07031 0.27344
vt 0.07031 0.25781
vt 0.08594 0.25781
vt 0.08594 0.27344
vt 0.07031 0.27344
vt 0.125 0.26171999999999995
vt 0.09375 0.2773399999999999
vt 0.09375 0.26171999999999995
vt 0.125 0.26171999999999995
vt 0.125 0.2773399999999999
vt 0.09375 0.2773399999999999
vt 0.14063 0.26171999999999995
vt 0.125 0.2773399999999999
vt 0.125 0.26171999999999995
vt 0.14063 0.26171999999999995
vt 0.14063 0.2773399999999999
vt 0.125 0.2773399999999999
vt 0.05469 0.2773399999999999
vt 0.07031 0.24609000000000003
vt 0.07031 0.2773399999999999
vt 0.05469 0.2773399999999999
vt 0.05469 0.24609000000000003
vt 0.07031 0.24609000000000003
vt 0.07031 0.24609000000000003
vt 0.08594 0.2773399999999999
vt 0.08594 0.24609000000000003
vt 0.07031 0.24609000000000003
vt 0.07031 0.2773399999999999
vt 0.08594 0.2773399999999999
vt 0.07031 0.25781
vt 0.08594 0.27344
vt 0.08594 0.25781
vt 0.07031 0.25781
vt 0.07031 0.27344
vt 0.08594 0.27344
vt 0.125 0.26171999999999995
vt 0.14063 0.2773399999999999
vt 0.14063 0.26171999999999995
vt 0.125 0.26171999999999995
vt 0.125 0.2773399999999999
vt 0.14063 0.2773399999999999
vt 0.09375 0.26171999999999995
vt 0.125 0.2773399999999999
vt 0.125 0.26171999999999995
vt 0.09375 0.26171999999999995
vt 0.09375 0.2773399999999999
vt 0.125 0.2773399999999999
vt 0.07031 0.2773399999999999
vt 0.05469 0.24609000000000003
vt 0.05469 0.2773399999999999
vt 0.07031 0.2773399999999999
vt 0.07031 0.24609000000000003
vt 0.05469 0.24609000000000003
vt 0.08594 0.24609000000000003
vt 0.07031 0.2773399999999999
vt 0.07031 0.24609000000000003
vt 0.08594 0.24609000000000003
vt 0.08594 0.2773399999999999
vt 0.07031 0.2773399999999999
vt 0.09375 0.2773399999999999
vt 0.125 0.26171999999999995
vt 0.09375 0.26171999999999995
vt 0.09375 0.2773399999999999
vt 0.125 0.2773399999999999
vt 0.125 0.26171999999999995
vt 0.125 0.2773399999999999
vt 0.09375 0.26171999999999995
vt 0.125 0.26171999999999995
vt 0.125 0.2773399999999999
vt 0.09375 0.2773399999999999
vt 0.09375 0.26171999999999995
vt 0.0625 0.29296999999999995
vt 0.03125 0.3085899999999999
vt 0.03125 0.29296999999999995
vt 0.0625 0.29296999999999995
vt 0.0625 0.3085899999999999
vt 0.03125 0.3085899999999999
vt 0.07813 0.29296999999999995
vt 0.0625 0.3085899999999999
vt 0.0625 0.29296999999999995
vt 0.07813 0.29296999999999995
vt 0.07813 0.3085899999999999
vt 0.0625 0.3085899999999999
vt 0.01563 0.29296999999999995
vt 0 0.3085899999999999
vt 0 0.29296999999999995
vt 0.01563 0.29296999999999995
vt 0.01563 0.3085899999999999
vt 0 0.3085899999999999
vt 0.19922 0.57031
vt 0.21484 0.53906
vt 0.21484 0.57031
vt 0.19922 0.57031
vt 0.19922 0.53906
vt 0.21484 0.53906
vt 0 0.29296999999999995
vt 0.01563 0.3085899999999999
vt 0.01563 0.29296999999999995
vt 0 0.29296999999999995
vt 0 0.3085899999999999
vt 0.01563 0.3085899999999999
vt 0.15234 0.29296999999999995
vt 0.16797 0.3085899999999999
vt 0.16797 0.29296999999999995
vt 0.15234 0.29296999999999995
vt 0.15234 0.3085899999999999
vt 0.16797 0.3085899999999999
vt 0.12109 0.29296999999999995
vt 0.15234 0.3085899999999999
vt 0.15234 0.29296999999999995
vt 0.12109 0.29296999999999995
vt 0.12109 0.3085899999999999
vt 0.15234 0.3085899999999999
vt 0.19922 0.29296999999999995
vt 0.21484 0.3085899999999999
vt 0.21484 0.29296999999999995
vt 0.19922 0.29296999999999995
vt 0.19922 0.3085899999999999
vt 0.21484 0.3085899999999999
vt 0.16797 0.29296999999999995
vt 0.19922 0.3085899999999999
vt 0.19922 0.29296999999999995
vt 0.16797 0.29296999999999995
vt 0.16797 0.3085899999999999
vt 0.19922 0.3085899999999999
vt 0.10156 0.3125
vt 0.08594 0.28125
vt 0.08594 0.3125
vt 0.10156 0.3125
vt 0.10156 0.28125
vt 0.08594 0.28125
vt 0.11719 0.28125
vt 0.10156 0.3125
vt 0.10156 0.28125
vt 0.11719 0.28125
vt 0.11719 0.3125
vt 0.10156 0.3125
vt 0.00391 0.63281
vt 0.11328 0.64844
vt 0.11328 0.63281
vt 0.00391 0.63281
vt 0.00391 0.64844
vt 0.11328 0.64844
vt 0.00391 0.61719
vt 0.05078 0.63281
vt 0.05078 0.61719
vt 0.00391 0.61719
vt 0.00391 0.63281
vt 0.05078 0.63281
vt 0.16016 0.63281
vt 0.26953 0.64844
vt 0.26953 0.63281
vt 0.16016 0.63281
vt 0.16016 0.64844
vt 0.26953 0.64844
vt 0.11328 0.63281
vt 0.16016 0.64844
vt 0.16016 0.63281
vt 0.11328 0.63281
vt 0.11328 0.64844
vt 0.16016 0.64844
vt 0.11328 0.69531
vt 0.00391 0.64844
vt 0.00391 0.69531
vt 0.11328 0.69531
vt 0.11328 0.64844
vt 0.00391 0.64844
vt 0.22266 0.64844
vt 0.11328 0.69531
vt 0.11328 0.64844
vt 0.22266 0.64844
vt 0.22266 0.69531
vt 0.11328 0.69531
vt 0.92188 0.76172
vt 0.96875 0.77734
vt 0.96875 0.76172
vt 0.92188 0.76172
vt 0.92188 0.77734
vt 0.96875 0.77734
vt 0.76563 0.76172
vt 0.92188 0.77734
vt 0.92188 0.76172
vt 0.76563 0.76172
vt 0.76563 0.77734
vt 0.92188 0.77734
vt 0.92578 0.79297
vt 0.97266 0.80859
vt 0.97266 0.79297
vt 0.92578 0.79297
vt 0.92578 0.80859
vt 0.97266 0.80859
vt 0.76953 0.79297
vt 0.92578 0.80859
vt 0.92578 0.79297
vt 0.76953 0.79297
vt 0.76953 0.80859
vt 0.92578 0.80859
vt 0.92578 0.99609
vt 0.87891 0.83984
vt 0.87891 0.99609
vt 0.92578 0.99609
vt 0.92578 0.83984
vt 0.87891 0.83984
vt 0.98047 0.83984
vt 0.93359 0.99609
vt 0.93359 0.83984
vt 0.98047 0.83984
vt 0.98047 0.99609
vt 0.93359 0.99609
vt 0.82031 0.93359
vt 0.83594 0.98047
vt 0.83594 0.93359
vt 0.82031 0.93359
vt 0.82031 0.98047
vt 0.83594 0.98047
vt 0.80469 0.93359
vt 0.82031 0.98047
vt 0.82031 0.93359
vt 0.80469 0.93359
vt 0.80469 0.98047
vt 0.82031 0.98047
vt 0.85156 0.93359
vt 0.86719 0.98047
vt 0.86719 0.93359
vt 0.85156 0.93359
vt 0.85156 0.98047
vt 0.86719 0.98047
vt 0.83594 0.93359
vt 0.85156 0.98047
vt 0.85156 0.93359
vt 0.83594 0.93359
vt 0.83594 0.98047
vt 0.85156 0.98047
vt 0.83594 0.99609
vt 0.82031 0.98047
vt 0.82031 0.99609
vt 0.83594 0.99609
vt 0.83594 0.98047
vt 0.82031 0.98047
vt 0.83594 0.93359
vt 0.82031 0.96484
vt 0.82031 0.93359
vt 0.83594 0.93359
vt 0.83594 0.96484
vt 0.82031 0.96484
vt 0.85156 0.93359
vt 0.83594 0.96484
vt 0.83594 0.93359
vt 0.85156 0.93359
vt 0.85156 0.96484
vt 0.83594 0.96484
vt 0.86719 0.93359
vt 0.85156 0.96484
vt 0.85156 0.93359
vt 0.86719 0.93359
vt 0.86719 0.96484
vt 0.85156 0.96484
vt 0.82031 0.93359
vt 0.80469 0.96484
vt 0.80469 0.93359
vt 0.82031 0.93359
vt 0.82031 0.96484
vt 0.80469 0.96484
vt 0.82031 0.98047
vt 0.83594 0.96484
vt 0.83594 0.98047
vt 0.82031 0.98047
vt 0.82031 0.96484
vt 0.83594 0.96484
vt 0.83594 0.96484
vt 0.85156 0.98047
vt 0.85156 0.96484
vt 0.83594 0.96484
vt 0.83594 0.98047
vt 0.85156 0.98047
vt 0.82031 0.93359
vt 0.83594 0.98047
vt 0.83594 0.93359
vt 0.82031 0.93359
vt 0.82031 0.98047
vt 0.83594 0.98047
vt 0.80469 0.93359
vt 0.82031 0.98047
vt 0.82031 0.93359
vt 0.80469 0.93359
vt 0.80469 0.98047
vt 0.82031 0.98047
vt 0.85156 0.93359
vt 0.86719 0.98047
vt 0.86719 0.93359
vt 0.85156 0.93359
vt 0.85156 0.98047
vt 0.86719 0.98047
vt 0.83594 0.93359
vt 0.85156 0.98047
vt 0.85156 0.93359
vt 0.83594 0.93359
vt 0.83594 0.98047
vt 0.85156 0.98047
vt 0.83594 0.99609
vt 0.82031 0.98047
vt 0.82031 0.99609
vt 0.83594 0.99609
vt 0.83594 0.98047
vt 0.82031 0.98047
vt 0.26563 0.66016
vt 0.29688 0.69141
vt 0.29688 0.66016
vt 0.26563 0.66016
vt 0.26563 0.69141
vt 0.29688 0.69141
vt 0.23438 0.66016
vt 0.26563 0.69141
vt 0.26563 0.66016
vt 0.23438 0.66016
vt 0.23438 0.69141
vt 0.26563 0.69141
vt 0.32813 0.66016
vt 0.35938 0.69141
vt 0.35938 0.66016
vt 0.32813 0.66016
vt 0.32813 0.69141
vt 0.35938 0.69141
vt 0.29688 0.66016
vt 0.32813 0.69141
vt 0.32813 0.66016
vt 0.29688 0.66016
vt 0.29688 0.69141
vt 0.32813 0.69141
vt 0.29688 0.66016
vt 0.32813 0.69141
vt 0.32813 0.66016
vt 0.29688 0.66016
vt 0.29688 0.69141
vt 0.32813 0.69141
vt 0.32813 0.69141
vt 0.29688 0.66016
vt 0.32813 0.66016
vt 0.32813 0.69141
vt 0.29688 0.69141
vt 0.29688 0.66016
vt 0.79688 0.68359
vt 0.79297 0.69141
vt 0.80469 0.68359
vt 0.80469 0.68359
vt 0.8125 0.67578
vt 0.80469 0.67578
vt 0.79297 0.69141
vt 0.80859 0.69141
vt 0.80469 0.68359
vt 0.80859 0.69141
vt 0.80859 0.6875
vt 0.80469 0.68359
vt 0.80469 0.68359
vt 0.80859 0.6875
vt 0.8125 0.67578
vt 0.79688 0.68359
vt 0.79297 0.6875
vt 0.79297 0.69141
vt 0.79688 0.68359
vt 0.79688 0.67578
vt 0.78906 0.67578
vt 0.79688 0.68359
vt 0.78906 0.67578
vt 0.79297 0.6875
vt 0.78906 0.67578
vt 0.78906 0.6875
vt 0.79297 0.6875
vt 0.80859 0.6875
vt 0.8125 0.6875
vt 0.8125 0.67578
vt 0.75391 0.42188000000000003
vt 0.73047 0.39844
vt 0.77734 0.42188000000000003
vt 0.76953 0.42969
vt 0.75391 0.42188000000000003
vt 0.77734 0.42188000000000003
vt 0.77734 0.42188000000000003
vt 0.77734 0.42969
vt 0.76953 0.42969
vt 0.73047 0.39844
vt 0.78516 0.42188000000000003
vt 0.77734 0.42188000000000003
vt 0.76953 0.42969
vt 0.75391 0.42969
vt 0.75391 0.42188000000000003
vt 0.75391 0.42188000000000003
vt 0.73828 0.42188000000000003
vt 0.73047 0.39844
vt 0.73047 0.39844
vt 0.79297 0.39844
vt 0.78516 0.42188000000000003
vt 0.73828 0.42188000000000003
vt 0.73047 0.41406
vt 0.73047 0.39844
vt 0.78516 0.42188000000000003
vt 0.79297 0.42188000000000003
vt 0.79297 0.42969
vt 0.78516 0.42188000000000003
vt 0.79297 0.42969
vt 0.78516 0.42969
vt 0.79297 0.39844
vt 0.79297 0.42188000000000003
vt 0.78516 0.42188000000000003
vt 0.73828 0.42188000000000003
vt 0.73047 0.42969
vt 0.73047 0.41406
vt 0.73828 0.42969
vt 0.73047 0.42969
vt 0.73828 0.42188000000000003
vt 0.89453 0.42188000000000003
vt 0.87891 0.42188000000000003
vt 0.85547 0.39844
vt 0.89453 0.42188000000000003
vt 0.85547 0.39844
vt 0.91797 0.39844
vt 0.91797 0.39844
vt 0.90234 0.42969
vt 0.89453 0.42188000000000003
vt 0.90234 0.42969
vt 0.89453 0.4375
vt 0.89453 0.42188000000000003
vt 0.87891 0.42188000000000003
vt 0.87891 0.42969
vt 0.86328 0.42969
vt 0.87891 0.42188000000000003
vt 0.86328 0.42969
vt 0.85547 0.39844
vt 0.86328 0.42969
vt 0.85547 0.4375
vt 0.85547 0.39844
vt 0.86328 0.42969
vt 0.86328 0.4375
vt 0.85547 0.4375
vt 0.88672 0.4335899999999999
vt 0.87891 0.4375
vt 0.87891 0.42969
vt 0.87891 0.42969
vt 0.88672 0.42969
vt 0.88672 0.4335899999999999
vt 0.88672 0.4335899999999999
vt 0.88672 0.4375
vt 0.87891 0.4375
vt 0.88672 0.4375
vt 0.88672 0.4335899999999999
vt 0.89063 0.4335899999999999
vt 0.88672 0.4375
vt 0.89063 0.4335899999999999
vt 0.89063 0.4375
vt 0.90234 0.42969
vt 0.90234 0.4375
vt 0.89453 0.4375
vt 0.91797 0.39844
vt 0.91016 0.42969
vt 0.90234 0.42969
vt 0.91797 0.39844
vt 0.91797 0.44531
vt 0.91016 0.42969
vt 0.91016 0.42969
vt 0.91797 0.44531
vt 0.91016 0.44531
vt 0.70703 0.4335899999999999
vt 0.69141 0.4335899999999999
vt 0.70703 0.42578000000000005
vt 0.69141 0.4335899999999999
vt 0.69141 0.42969
vt 0.70703 0.42578000000000005
vt 0.70703 0.42578000000000005
vt 0.69141 0.42969
vt 0.66797 0.39844
vt 0.71094 0.42578000000000005
vt 0.70703 0.42578000000000005
vt 0.66797 0.39844
vt 0.69141 0.42969
vt 0.68359 0.42969
vt 0.66797 0.39844
vt 0.68359 0.42969
vt 0.68359 0.4414100000000001
vt 0.67578 0.4414100000000001
vt 0.68359 0.42969
vt 0.67578 0.4414100000000001
vt 0.66797 0.39844
vt 0.67578 0.4414100000000001
vt 0.67578 0.44531
vt 0.66797 0.44531
vt 0.67578 0.4414100000000001
vt 0.66797 0.44531
vt 0.66797 0.39844
vt 0.72656 0.41406
vt 0.71875 0.42188000000000003
vt 0.66797 0.39844
vt 0.72656 0.41406
vt 0.66797 0.39844
vt 0.73047 0.39844
vt 0.71875 0.42188000000000003
vt 0.71094 0.42578000000000005
vt 0.66797 0.39844
vt 0.71875 0.42188000000000003
vt 0.71094 0.42969
vt 0.71094 0.42578000000000005
vt 0.71875 0.42188000000000003
vt 0.71875 0.42969
vt 0.71094 0.42969
vt 0.71875 0.42188000000000003
vt 0.72656 0.41406
vt 0.72656 0.42188000000000003
vt 0.72656 0.41406
vt 0.73047 0.39844
vt 0.73047 0.41406
vt 0.85547 0.4375
vt 0.84766 0.42188000000000003
vt 0.85547 0.39844
vt 0.84766 0.42188000000000003
vt 0.79297 0.39844
vt 0.85547 0.39844
vt 0.85547 0.4375
vt 0.84766 0.4375
vt 0.84766 0.42188000000000003
vt 0.84766 0.42188000000000003
vt 0.79297 0.42188000000000003
vt 0.79297 0.39844
vt 0.80469 0.48046999999999995
vt 0.74219 0.54297
vt 0.80469 0.54297
vt 0.80469 0.48046999999999995
vt 0.74219 0.48046999999999995
vt 0.74219 0.54297
vt 0.72266 0.4375
vt 0.73047 0.44531
vt 0.72266 0.44531
vt 0.72266 0.4375
vt 0.73047 0.4375
vt 0.73047 0.44531
vt 0.6875 0.48046999999999995
vt 0.67969 0.48828000000000005
vt 0.67969 0.48046999999999995
vt 0.6875 0.48046999999999995
vt 0.6875 0.48828000000000005
vt 0.67969 0.48828000000000005
vt 0.73047 0.53906
vt 0.71875 0.54297
vt 0.71875 0.53906
vt 0.73047 0.53906
vt 0.73047 0.54297
vt 0.71875 0.54297
vt 0.6875 0.53516
vt 0.67969 0.54297
vt 0.67969 0.53516
vt 0.6875 0.53516
vt 0.6875 0.54297
vt 0.67969 0.54297
vt 0.73828 0.4375
vt 0.73047 0.44531
vt 0.73047 0.4375
vt 0.73828 0.4375
vt 0.73828 0.44531
vt 0.73047 0.44531
vt 0.87891 0.4414100000000001
vt 0.86719 0.44531
vt 0.86719 0.4414100000000001
vt 0.87891 0.4414100000000001
vt 0.87891 0.44531
vt 0.86719 0.44531
vt 0.125 0.3164100000000001
vt 0.10156 0.3476600000000001
vt 0.0625 0.3164100000000001
vt 0.0625 0.3164100000000001
vt 0.07031 0.35156
vt 0.0625 0.36328000000000005
vt 0.08594 0.3476600000000001
vt 0.07813 0.35156
vt 0.0625 0.3164100000000001
vt 0.10156 0.3476600000000001
vt 0.08594 0.3476600000000001
vt 0.0625 0.3164100000000001
vt 0.07813 0.35156
vt 0.07031 0.35156
vt 0.0625 0.3164100000000001
vt 0.125 0.3164100000000001
vt 0.125 0.3476600000000001
vt 0.10938 0.3476600000000001
vt 0.125 0.3164100000000001
vt 0.10938 0.3476600000000001
vt 0.10156 0.3476600000000001
vt 0.10156 0.3476600000000001
vt 0.10938 0.3476600000000001
vt 0.10938 0.35546999999999995
vt 0.10156 0.3476600000000001
vt 0.10938 0.35546999999999995
vt 0.10156 0.35546999999999995
vt 0.07031 0.35156
vt 0.07031 0.36328000000000005
vt 0.0625 0.36328000000000005
vt 0.08594 0.35546999999999995
vt 0.07813 0.35546999999999995
vt 0.07813 0.35156
vt 0.08594 0.35546999999999995
vt 0.07813 0.35156
vt 0.08594 0.3476600000000001
vt 0.14063 0.3398399999999999
vt 0.125 0.3164100000000001
vt 0.15625 0.3398399999999999
vt 0.15625 0.3398399999999999
vt 0.16406 0.33203000000000005
vt 0.16406 0.3476600000000001
vt 0.15625 0.3398399999999999
vt 0.16406 0.3476600000000001
vt 0.15625 0.3476600000000001
vt 0.125 0.3164100000000001
vt 0.16406 0.33203000000000005
vt 0.15625 0.3398399999999999
vt 0.14063 0.3398399999999999
vt 0.13281 0.3476600000000001
vt 0.125 0.3164100000000001
vt 0.14063 0.3398399999999999
vt 0.14063 0.35546999999999995
vt 0.13281 0.3476600000000001
vt 0.13281 0.3476600000000001
vt 0.125 0.3476600000000001
vt 0.125 0.3164100000000001
vt 0.125 0.3164100000000001
vt 0.1875 0.3164100000000001
vt 0.16406 0.33203000000000005
vt 0.1875 0.3164100000000001
vt 0.17969 0.33203000000000005
vt 0.16406 0.33203000000000005
vt 0.17969 0.33203000000000005
vt 0.1875 0.3164100000000001
vt 0.1875 0.34375
vt 0.17969 0.33203000000000005
vt 0.1875 0.34375
vt 0.17969 0.34375
vt 0.14063 0.35546999999999995
vt 0.13281 0.35546999999999995
vt 0.13281 0.3476600000000001
vt 0.1875 0.36328000000000005
vt 0.125 0.42578000000000005
vt 0.1875 0.42578000000000005
vt 0.1875 0.36328000000000005
vt 0.125 0.36328000000000005
vt 0.125 0.42578000000000005
vt 0.24219 0.34375
vt 0.22656 0.33203000000000005
vt 0.24219 0.3398399999999999
vt 0.22656 0.33203000000000005
vt 0.25 0.3164100000000001
vt 0.24219 0.3398399999999999
vt 0.25 0.3164100000000001
vt 0.25 0.3398399999999999
vt 0.24219 0.3398399999999999
vt 0.24219 0.34375
vt 0.22656 0.34375
vt 0.22656 0.33203000000000005
vt 0.22656 0.33203000000000005
vt 0.22266 0.33203000000000005
vt 0.25 0.3164100000000001
vt 0.1875 0.3164100000000001
vt 0.25 0.3164100000000001
vt 0.22266 0.33203000000000005
vt 0.21484 0.3398399999999999
vt 0.22266 0.33203000000000005
vt 0.22266 0.3398399999999999
vt 0.21484 0.3398399999999999
vt 0.1875 0.3164100000000001
vt 0.22266 0.33203000000000005
vt 0.20703 0.34375
vt 0.1875 0.3164100000000001
vt 0.21484 0.3398399999999999
vt 0.20703 0.34375
vt 0.1875 0.34375
vt 0.1875 0.3164100000000001
vt 0.20703 0.34375
vt 0.21484 0.3398399999999999
vt 0.21484 0.3476600000000001
vt 0.20703 0.3476600000000001
vt 0.20703 0.34375
vt 0.21484 0.3476600000000001
vt 0 0.3164100000000001
vt 0.02344 0.33594
vt 0.01563 0.33594
vt 0.01563 0.3398399999999999
vt 0 0.3398399999999999
vt 0.01563 0.33594
vt 0 0.3398399999999999
vt 0 0.3164100000000001
vt 0.01563 0.33594
vt 0 0.3164100000000001
vt 0.0625 0.3164100000000001
vt 0.02344 0.33594
vt 0.03125 0.3398399999999999
vt 0.02344 0.3398399999999999
vt 0.02344 0.33594
vt 0.0625 0.3164100000000001
vt 0.03125 0.3398399999999999
vt 0.02344 0.33594
vt 0.0625 0.3164100000000001
vt 0.0625 0.36328000000000005
vt 0.05078 0.3476600000000001
vt 0.0625 0.3164100000000001
vt 0.04297 0.3476600000000001
vt 0.03906 0.3398399999999999
vt 0.04297 0.3476600000000001
vt 0.0625 0.3164100000000001
vt 0.05078 0.3476600000000001
vt 0.0625 0.3164100000000001
vt 0.03906 0.3398399999999999
vt 0.03125 0.3398399999999999
vt 0.03125 0.3398399999999999
vt 0.03125 0.34375
vt 0.02734 0.34375
vt 0.03125 0.3398399999999999
vt 0.02734 0.34375
vt 0.02344 0.3398399999999999
vt 0.01563 0.3476600000000001
vt 0.01563 0.3398399999999999
vt 0.02344 0.3398399999999999
vt 0.02734 0.34375
vt 0.01563 0.3476600000000001
vt 0.02344 0.3398399999999999
vt 0.02734 0.34375
vt 0.02734 0.3476600000000001
vt 0.01563 0.3476600000000001
vt 0.01563 0.3476600000000001
vt 0.01563 0.35156
vt 0.00781 0.35156
vt 0.01563 0.3476600000000001
vt 0.00781 0.35156
vt 0.00781 0.3476600000000001
vt 0.01563 0.3476600000000001
vt 0.00781 0.3476600000000001
vt 0 0.3398399999999999
vt 0.01563 0.3476600000000001
vt 0 0.3398399999999999
vt 0.01563 0.3398399999999999
vt 0.00781 0.3476600000000001
vt 0 0.3476600000000001
vt 0 0.3398399999999999
vt 0.04297 0.3476600000000001
vt 0.03906 0.34375
vt 0.03906 0.3398399999999999
vt 0.03516 0.34375
vt 0.03906 0.34375
vt 0.03516 0.3476600000000001
vt 0.03906 0.34375
vt 0.04297 0.3476600000000001
vt 0.03516 0.3476600000000001
vt 0.03125 0.3476600000000001
vt 0.03516 0.3476600000000001
vt 0.03125 0.35546999999999995
vt 0.03516 0.3476600000000001
vt 0.04297 0.35546999999999995
vt 0.03125 0.35546999999999995
vt 0.03516 0.3476600000000001
vt 0.04297 0.3476600000000001
vt 0.04297 0.35546999999999995
vt 0.04297 0.3476600000000001
vt 0.05078 0.3476600000000001
vt 0.04688 0.3476600000000001
vt 0.05078 0.3476600000000001
vt 0.0625 0.36328000000000005
vt 0.05078 0.35938000000000003
vt 0.05078 0.3476600000000001
vt 0.05078 0.35938000000000003
vt 0.05078 0.35156
vt 0.04688 0.36328000000000005
vt 0.05078 0.35938000000000003
vt 0.0625 0.36328000000000005
vt 0.04688 0.36328000000000005
vt 0.0625 0.36328000000000005
vt 0.05078 0.36328000000000005
vt 0.04688 0.35938000000000003
vt 0.05078 0.35938000000000003
vt 0.04688 0.36328000000000005
vt 0.11719 0.35546999999999995
vt 0.125 0.36328000000000005
vt 0.11719 0.36328000000000005
vt 0.11719 0.35546999999999995
vt 0.125 0.35546999999999995
vt 0.125 0.36328000000000005
vt 0.0625 0.375
vt 0.06641 0.3710899999999999
vt 0.06641 0.375
vt 0.0625 0.375
vt 0.0625 0.36328000000000005
vt 0.06641 0.3710899999999999
vt 0.06641 0.3710899999999999
vt 0.07031 0.36328000000000005
vt 0.07031 0.3710899999999999
vt 0.0625 0.36328000000000005
vt 0.07031 0.36328000000000005
vt 0.06641 0.3710899999999999
vt 0.0625 0.39844
vt 0.07031 0.40625
vt 0.0625 0.40625
vt 0.0625 0.39844
vt 0.07031 0.39844
vt 0.07031 0.40625
vt 0.125 0.3710899999999999
vt 0.11719 0.36328000000000005
vt 0.125 0.36328000000000005
vt 0.125 0.3710899999999999
vt 0.11719 0.3710899999999999
vt 0.11719 0.36328000000000005
vt 0.13281 0.36328000000000005
vt 0.12891 0.35938000000000003
vt 0.13281 0.35938000000000003
vt 0.13281 0.36328000000000005
vt 0.125 0.36328000000000005
vt 0.12891 0.35938000000000003
vt 0.125 0.36328000000000005
vt 0.125 0.35546999999999995
vt 0.12891 0.35938000000000003
vt 0.125 0.35546999999999995
vt 0.12891 0.35546999999999995
vt 0.12891 0.35938000000000003
vt 0.02734 0.35938000000000003
vt 0.01953 0.36328000000000005
vt 0.01953 0.35938000000000003
vt 0.02734 0.35938000000000003
vt 0.02734 0.36328000000000005
vt 0.01953 0.36328000000000005
vt 0.73047 0.39844
vt 0.75391 0.42188000000000003
vt 0.77734 0.42188000000000003
vt 0.76953 0.42969
vt 0.77734 0.42969
vt 0.77734 0.42188000000000003
vt 0.76953 0.42969
vt 0.77734 0.42188000000000003
vt 0.75391 0.42188000000000003
vt 0.78516 0.42188000000000003
vt 0.73047 0.39844
vt 0.77734 0.42188000000000003
vt 0.79297 0.39844
vt 0.73047 0.39844
vt 0.78516 0.42188000000000003
vt 0.73828 0.42188000000000003
vt 0.75391 0.42188000000000003
vt 0.73047 0.39844
vt 0.73047 0.41406
vt 0.73828 0.42188000000000003
vt 0.73047 0.39844
vt 0.75391 0.42188000000000003
vt 0.75391 0.42969
vt 0.76953 0.42969
vt 0.73047 0.42969
vt 0.73828 0.42969
vt 0.73828 0.42188000000000003
vt 0.73047 0.42969
vt 0.73828 0.42188000000000003
vt 0.73047 0.41406
vt 0.79297 0.42969
vt 0.79297 0.42188000000000003
vt 0.78516 0.42188000000000003
vt 0.79297 0.42969
vt 0.78516 0.42188000000000003
vt 0.78516 0.42969
vt 0.79297 0.42188000000000003
vt 0.79297 0.39844
vt 0.78516 0.42188000000000003
vt 0.89453 0.42188000000000003
vt 0.90234 0.42969
vt 0.91797 0.39844
vt 0.89453 0.42188000000000003
vt 0.91797 0.39844
vt 0.85547 0.39844
vt 0.85547 0.39844
vt 0.87891 0.42188000000000003
vt 0.89453 0.42188000000000003
vt 0.89453 0.4375
vt 0.90234 0.42969
vt 0.89453 0.42188000000000003
vt 0.90234 0.4375
vt 0.90234 0.42969
vt 0.89453 0.4375
vt 0.91016 0.42969
vt 0.91797 0.39844
vt 0.90234 0.42969
vt 0.91797 0.44531
vt 0.91797 0.39844
vt 0.91016 0.42969
vt 0.91797 0.44531
vt 0.91016 0.42969
vt 0.91016 0.44531
vt 0.86328 0.42969
vt 0.87891 0.42969
vt 0.87891 0.42188000000000003
vt 0.86328 0.42969
vt 0.87891 0.42188000000000003
vt 0.85547 0.39844
vt 0.85547 0.4375
vt 0.86328 0.42969
vt 0.85547 0.39844
vt 0.86328 0.4375
vt 0.86328 0.42969
vt 0.85547 0.4375
vt 0.88672 0.4335899999999999
vt 0.88672 0.42969
vt 0.87891 0.42969
vt 0.88672 0.4335899999999999
vt 0.87891 0.42969
vt 0.87891 0.4375
vt 0.87891 0.4375
vt 0.88672 0.4375
vt 0.88672 0.4335899999999999
vt 0.88672 0.4375
vt 0.89063 0.4335899999999999
vt 0.88672 0.4335899999999999
vt 0.88672 0.4375
vt 0.89063 0.4375
vt 0.89063 0.4335899999999999
vt 0.69141 0.4335899999999999
vt 0.70703 0.4335899999999999
vt 0.70703 0.42578000000000005
vt 0.69141 0.42969
vt 0.69141 0.4335899999999999
vt 0.70703 0.42578000000000005
vt 0.69141 0.42969
vt 0.70703 0.42578000000000005
vt 0.66797 0.39844
vt 0.70703 0.42578000000000005
vt 0.71094 0.42578000000000005
vt 0.66797 0.39844
vt 0.68359 0.42969
vt 0.69141 0.42969
vt 0.66797 0.39844
vt 0.68359 0.4414100000000001
vt 0.68359 0.42969
vt 0.67578 0.4414100000000001
vt 0.67578 0.4414100000000001
vt 0.68359 0.42969
vt 0.66797 0.39844
vt 0.67578 0.44531
vt 0.67578 0.4414100000000001
vt 0.66797 0.44531
vt 0.66797 0.44531
vt 0.67578 0.4414100000000001
vt 0.66797 0.39844
vt 0.71875 0.42188000000000003
vt 0.72656 0.41406
vt 0.66797 0.39844
vt 0.66797 0.39844
vt 0.72656 0.41406
vt 0.73047 0.39844
vt 0.71094 0.42578000000000005
vt 0.71875 0.42188000000000003
vt 0.66797 0.39844
vt 0.71875 0.42188000000000003
vt 0.71094 0.42578000000000005
vt 0.71094 0.42969
vt 0.71875 0.42188000000000003
vt 0.71094 0.42969
vt 0.71875 0.42969
vt 0.72656 0.41406
vt 0.71875 0.42188000000000003
vt 0.72656 0.42188000000000003
vt 0.73047 0.39844
vt 0.72656 0.41406
vt 0.73047 0.41406
vt 0.84766 0.42188000000000003
vt 0.85547 0.4375
vt 0.85547 0.39844
vt 0.79297 0.39844
vt 0.84766 0.42188000000000003
vt 0.85547 0.39844
vt 0.84766 0.4375
vt 0.85547 0.4375
vt 0.84766 0.42188000000000003
vt 0.79297 0.42188000000000003
vt 0.84766 0.42188000000000003
vt 0.79297 0.39844
vt 0.80469 0.48046999999999995
vt 0.74219 0.54297
vt 0.74219 0.48046999999999995
vt 0.80469 0.48046999999999995
vt 0.80469 0.54297
vt 0.74219 0.54297
vt 0.72266 0.4375
vt 0.73047 0.44531
vt 0.73047 0.4375
vt 0.72266 0.4375
vt 0.72266 0.44531
vt 0.73047 0.44531
vt 0.6875 0.48046999999999995
vt 0.67969 0.48828000000000005
vt 0.6875 0.48828000000000005
vt 0.6875 0.48046999999999995
vt 0.67969 0.48046999999999995
vt 0.67969 0.48828000000000005
vt 0.71875 0.54297
vt 0.73047 0.53906
vt 0.71875 0.53906
vt 0.71875 0.54297
vt 0.73047 0.54297
vt 0.73047 0.53906
vt 0.6875 0.53516
vt 0.67969 0.54297
vt 0.6875 0.54297
vt 0.6875 0.53516
vt 0.67969 0.53516
vt 0.67969 0.54297
vt 0.73828 0.4375
vt 0.73047 0.44531
vt 0.73828 0.44531
vt 0.73828 0.4375
vt 0.73047 0.4375
vt 0.73047 0.44531
vt 0.87891 0.4414100000000001
vt 0.86719 0.44531
vt 0.87891 0.44531
vt 0.87891 0.4414100000000001
vt 0.86719 0.4414100000000001
vt 0.86719 0.44531
vt 0.10156 0.3476600000000001
vt 0.125 0.3164100000000001
vt 0.0625 0.3164100000000001
vt 0.07031 0.35156
vt 0.0625 0.3164100000000001
vt 0.0625 0.36328000000000005
vt 0.07813 0.35156
vt 0.08594 0.3476600000000001
vt 0.0625 0.3164100000000001
vt 0.08594 0.3476600000000001
vt 0.10156 0.3476600000000001
vt 0.0625 0.3164100000000001
vt 0.07031 0.35156
vt 0.07813 0.35156
vt 0.0625 0.3164100000000001
vt 0.125 0.3476600000000001
vt 0.125 0.3164100000000001
vt 0.10938 0.3476600000000001
vt 0.10938 0.3476600000000001
vt 0.125 0.3164100000000001
vt 0.10156 0.3476600000000001
vt 0.10156 0.3476600000000001
vt 0.10938 0.35546999999999995
vt 0.10938 0.3476600000000001
vt 0.10156 0.3476600000000001
vt 0.10156 0.35546999999999995
vt 0.10938 0.35546999999999995
vt 0.07813 0.35156
vt 0.07813 0.35546999999999995
vt 0.08594 0.35546999999999995
vt 0.07813 0.35156
vt 0.08594 0.35546999999999995
vt 0.08594 0.3476600000000001
vt 0.07031 0.36328000000000005
vt 0.07031 0.35156
vt 0.0625 0.36328000000000005
vt 0.125 0.3164100000000001
vt 0.14063 0.3398399999999999
vt 0.15625 0.3398399999999999
vt 0.15625 0.3398399999999999
vt 0.15625 0.3476600000000001
vt 0.16406 0.3476600000000001
vt 0.15625 0.3398399999999999
vt 0.16406 0.3476600000000001
vt 0.16406 0.33203000000000005
vt 0.16406 0.33203000000000005
vt 0.125 0.3164100000000001
vt 0.15625 0.3398399999999999
vt 0.13281 0.3476600000000001
vt 0.14063 0.3398399999999999
vt 0.125 0.3164100000000001
vt 0.125 0.3476600000000001
vt 0.13281 0.3476600000000001
vt 0.125 0.3164100000000001
vt 0.1875 0.3164100000000001
vt 0.125 0.3164100000000001
vt 0.16406 0.33203000000000005
vt 0.14063 0.35546999999999995
vt 0.14063 0.3398399999999999
vt 0.13281 0.3476600000000001
vt 0.13281 0.35546999999999995
vt 0.14063 0.35546999999999995
vt 0.13281 0.3476600000000001
vt 0.17969 0.33203000000000005
vt 0.1875 0.3164100000000001
vt 0.16406 0.33203000000000005
vt 0.1875 0.3164100000000001
vt 0.17969 0.33203000000000005
vt 0.1875 0.34375
vt 0.1875 0.34375
vt 0.17969 0.33203000000000005
vt 0.17969 0.34375
vt 0.125 0.42578000000000005
vt 0.1875 0.36328000000000005
vt 0.1875 0.42578000000000005
vt 0.125 0.42578000000000005
vt 0.125 0.36328000000000005
vt 0.1875 0.36328000000000005
vt 0.24219 0.34375
vt 0.22656 0.33203000000000005
vt 0.22656 0.34375
vt 0.24219 0.34375
vt 0.24219 0.3398399999999999
vt 0.22656 0.33203000000000005
vt 0.22266 0.33203000000000005
vt 0.22656 0.33203000000000005
vt 0.25 0.3164100000000001
vt 0.25 0.3164100000000001
vt 0.22656 0.33203000000000005
vt 0.24219 0.3398399999999999
vt 0.25 0.3398399999999999
vt 0.25 0.3164100000000001
vt 0.24219 0.3398399999999999
vt 0.25 0.3164100000000001
vt 0.1875 0.3164100000000001
vt 0.22266 0.33203000000000005
vt 0.22266 0.33203000000000005
vt 0.21484 0.3398399999999999
vt 0.22266 0.3398399999999999
vt 0.1875 0.3164100000000001
vt 0.21484 0.3398399999999999
vt 0.22266 0.33203000000000005
vt 0.1875 0.3164100000000001
vt 0.20703 0.34375
vt 0.21484 0.3398399999999999
vt 0.1875 0.34375
vt 0.20703 0.34375
vt 0.1875 0.3164100000000001
vt 0.21484 0.3398399999999999
vt 0.20703 0.34375
vt 0.21484 0.3476600000000001
vt 0.20703 0.34375
vt 0.20703 0.3476600000000001
vt 0.21484 0.3476600000000001
vt 0 0.3164100000000001
vt 0.02344 0.33594
vt 0.0625 0.3164100000000001
vt 0.0625 0.36328000000000005
vt 0.0625 0.3164100000000001
vt 0.05078 0.3476600000000001
vt 0.04297 0.3476600000000001
vt 0.0625 0.3164100000000001
vt 0.03906 0.3398399999999999
vt 0.04297 0.3476600000000001
vt 0.05078 0.3476600000000001
vt 0.0625 0.3164100000000001
vt 0.03906 0.3398399999999999
vt 0.0625 0.3164100000000001
vt 0.03125 0.3398399999999999
vt 0.03125 0.3398399999999999
vt 0.0625 0.3164100000000001
vt 0.02344 0.33594
vt 0 0.3164100000000001
vt 0.01563 0.33594
vt 0.02344 0.33594
vt 0 0.3164100000000001
vt 0 0.3398399999999999
vt 0.01563 0.33594
vt 0.02344 0.3398399999999999
vt 0.03125 0.3398399999999999
vt 0.02344 0.33594
vt 0.02734 0.34375
vt 0.03125 0.34375
vt 0.03125 0.3398399999999999
vt 0.02734 0.34375
vt 0.03125 0.3398399999999999
vt 0.02344 0.3398399999999999
vt 0.01563 0.3398399999999999
vt 0.01563 0.3476600000000001
vt 0.02344 0.3398399999999999
vt 0.01563 0.3476600000000001
vt 0.02734 0.34375
vt 0.02344 0.3398399999999999
vt 0.02734 0.3476600000000001
vt 0.02734 0.34375
vt 0.01563 0.3476600000000001
vt 0.01563 0.3476600000000001
vt 0.00781 0.3476600000000001
vt 0.00781 0.35156
vt 0.01563 0.3476600000000001
vt 0.00781 0.35156
vt 0.01563 0.35156
vt 0 0.3398399999999999
vt 0.00781 0.3476600000000001
vt 0.01563 0.3476600000000001
vt 0 0.3398399999999999
vt 0.01563 0.3476600000000001
vt 0.01563 0.3398399999999999
vt 0 0.3398399999999999
vt 0.01563 0.3398399999999999
vt 0.01563 0.33594
vt 0 0.3476600000000001
vt 0.00781 0.3476600000000001
vt 0 0.3398399999999999
vt 0.03906 0.34375
vt 0.04297 0.3476600000000001
vt 0.03906 0.3398399999999999
vt 0.03906 0.34375
vt 0.03516 0.34375
vt 0.03516 0.3476600000000001
vt 0.04297 0.3476600000000001
vt 0.03906 0.34375
vt 0.03516 0.3476600000000001
vt 0.04297 0.3476600000000001
vt 0.04688 0.3476600000000001
vt 0.05078 0.3476600000000001
vt 0.04297 0.3476600000000001
vt 0.03516 0.3476600000000001
vt 0.04297 0.35546999999999995
vt 0.03516 0.3476600000000001
vt 0.03125 0.3476600000000001
vt 0.03125 0.35546999999999995
vt 0.04297 0.35546999999999995
vt 0.03516 0.3476600000000001
vt 0.03125 0.35546999999999995
vt 0.05078 0.3476600000000001
vt 0.05078 0.35156
vt 0.05078 0.35938000000000003
vt 0.05078 0.3476600000000001
vt 0.05078 0.35938000000000003
vt 0.0625 0.36328000000000005
vt 0.05078 0.35938000000000003
vt 0.04688 0.35938000000000003
vt 0.04688 0.36328000000000005
vt 0.04688 0.36328000000000005
vt 0.0625 0.36328000000000005
vt 0.05078 0.35938000000000003
vt 0.04688 0.36328000000000005
vt 0.05078 0.36328000000000005
vt 0.0625 0.36328000000000005
vt 0.11719 0.35546999999999995
vt 0.125 0.36328000000000005
vt 0.125 0.35546999999999995
vt 0.11719 0.35546999999999995
vt 0.11719 0.36328000000000005
vt 0.125 0.36328000000000005
vt 0.06641 0.3710899999999999
vt 0.0625 0.375
vt 0.06641 0.375
vt 0.07031 0.36328000000000005
vt 0.06641 0.3710899999999999
vt 0.07031 0.3710899999999999
vt 0.07031 0.36328000000000005
vt 0.0625 0.36328000000000005
vt 0.06641 0.3710899999999999
vt 0.0625 0.36328000000000005
vt 0.0625 0.375
vt 0.06641 0.3710899999999999
vt 0.0625 0.39844
vt 0.07031 0.40625
vt 0.07031 0.39844
vt 0.0625 0.39844
vt 0.0625 0.40625
vt 0.07031 0.40625
vt 0.125 0.3710899999999999
vt 0.11719 0.36328000000000005
vt 0.11719 0.3710899999999999
vt 0.125 0.3710899999999999
vt 0.125 0.36328000000000005
vt 0.11719 0.36328000000000005
vt 0.12891 0.35938000000000003
vt 0.13281 0.36328000000000005
vt 0.13281 0.35938000000000003
vt 0.125 0.35546999999999995
vt 0.125 0.36328000000000005
vt 0.12891 0.35938000000000003
vt 0.125 0.36328000000000005
vt 0.13281 0.36328000000000005
vt 0.12891 0.35938000000000003
vt 0.12891 0.35546999999999995
vt 0.125 0.35546999999999995
vt 0.12891 0.35938000000000003
vt 0.02734 0.35938000000000003
vt 0.01953 0.36328000000000005
vt 0.02734 0.36328000000000005
vt 0.02734 0.35938000000000003
vt 0.01953 0.35938000000000003
vt 0.01953 0.36328000000000005
vt 0.14063 0.20313000000000003
vt 0.09375 0.15625
vt 0.09375 0.20313000000000003
vt 0.14063 0.20313000000000003
vt 0.14063 0.15625
vt 0.09375 0.15625
vt 0.20703 0.1875
vt 0.21484 0.17969000000000002
vt 0.20703 0.17578000000000005
vt 0.21484 0.17969000000000002
vt 0.21484 0.17578000000000005
vt 0.20703 0.17578000000000005
vt 0.20703 0.1875
vt 0.20313 0.1875
vt 0.1875 0.20313000000000003
vt 0.20703 0.1875
vt 0.1875 0.20313000000000003
vt 0.23438 0.20313000000000003
vt 0.21484 0.17969000000000002
vt 0.20703 0.1875
vt 0.23438 0.20313000000000003
vt 0.21484 0.17969000000000002
vt 0.23438 0.20313000000000003
vt 0.21875 0.17969000000000002
vt 0.23438 0.20313000000000003
vt 0.22656 0.17578000000000005
vt 0.21875 0.17969000000000002
vt 0.23438 0.20313000000000003
vt 0.23047 0.17188000000000003
vt 0.22656 0.17578000000000005
vt 0.23438 0.20313000000000003
vt 0.23438 0.15625
vt 0.23047 0.17188000000000003
vt 0.22656 0.17578000000000005
vt 0.21875 0.17578000000000005
vt 0.21875 0.17969000000000002
vt 0.23047 0.17188000000000003
vt 0.22656 0.17188000000000003
vt 0.22656 0.17578000000000005
vt 0.23438 0.15625
vt 0.23047 0.15625
vt 0.23047 0.17188000000000003
vt 0.20313 0.1875
vt 0.19922 0.17969000000000002
vt 0.1875 0.20313000000000003
vt 0.19531 0.17578000000000005
vt 0.19141 0.17188000000000003
vt 0.1875 0.20313000000000003
vt 0.19922 0.17969000000000002
vt 0.19531 0.17578000000000005
vt 0.1875 0.20313000000000003
vt 0.19141 0.17188000000000003
vt 0.1875 0.15625
vt 0.1875 0.20313000000000003
vt 0.20313 0.1875
vt 0.20313 0.17969000000000002
vt 0.19922 0.17969000000000002
vt 0.19922 0.17969000000000002
vt 0.19922 0.17578000000000005
vt 0.19531 0.17578000000000005
vt 0.19531 0.17578000000000005
vt 0.19531 0.17188000000000003
vt 0.19141 0.17188000000000003
vt 0.19141 0.17188000000000003
vt 0.19141 0.15625
vt 0.1875 0.15625
vt 0.19531 0.17188000000000003
vt 0.19922 0.17188000000000003
vt 0.19922 0.16796999999999995
vt 0.19531 0.17188000000000003
vt 0.19922 0.16796999999999995
vt 0.19531 0.16796999999999995
vt 0.21875 0.17188000000000003
vt 0.22266 0.16796999999999995
vt 0.21875 0.16796999999999995
vt 0.21875 0.17188000000000003
vt 0.22266 0.17188000000000003
vt 0.22266 0.16796999999999995
vt 0.09375 0.20313000000000003
vt 0.04688 0.20313000000000003
vt 0.0625 0.20313000000000003
vt 0.09375 0.20313000000000003
vt 0.0625 0.17188000000000003
vt 0.04688 0.20313000000000003
vt 0.09375 0.20313000000000003
vt 0.09375 0.15625
vt 0.06641 0.15625
vt 0.09375 0.20313000000000003
vt 0.06641 0.15625
vt 0.06641 0.16015999999999997
vt 0.09375 0.20313000000000003
vt 0.06641 0.16015999999999997
vt 0.0625 0.17188000000000003
vt 0.06641 0.16015999999999997
vt 0.0625 0.16015999999999997
vt 0.0625 0.17188000000000003
vt 0.0625 0.17188000000000003
vt 0.05469 0.17188000000000003
vt 0.04688 0.20313000000000003
vt 0.04688 0.20313000000000003
vt 0.05469 0.17188000000000003
vt 0.05469 0.16405999999999998
vt 0.04688 0.20313000000000003
vt 0.05469 0.16405999999999998
vt 0.05078 0.16405999999999998
vt 0.05078 0.16405999999999998
vt 0.04688 0.15625
vt 0.04688 0.20313000000000003
vt 0.05078 0.16405999999999998
vt 0.05078 0.15625
vt 0.04688 0.15625
vt 0.1875 0.20313000000000003
vt 0.17188 0.17188000000000003
vt 0.14063 0.20313000000000003
vt 0.17188 0.17188000000000003
vt 0.16797 0.16015999999999997
vt 0.14063 0.20313000000000003
vt 0.16797 0.16015999999999997
vt 0.14063 0.15625
vt 0.14063 0.20313000000000003
vt 0.17188 0.17188000000000003
vt 0.17188 0.16015999999999997
vt 0.16797 0.16015999999999997
vt 0.1875 0.20313000000000003
vt 0.17969 0.17188000000000003
vt 0.17188 0.17188000000000003
vt 0.16797 0.16015999999999997
vt 0.16797 0.15625
vt 0.14063 0.15625
vt 0.1875 0.20313000000000003
vt 0.17969 0.16405999999999998
vt 0.17969 0.17188000000000003
vt 0.1875 0.20313000000000003
vt 0.18359 0.16405999999999998
vt 0.17969 0.16405999999999998
vt 0.1875 0.20313000000000003
vt 0.1875 0.15625
vt 0.18359 0.16405999999999998
vt 0.1875 0.15625
vt 0.18359 0.15625
vt 0.18359 0.16405999999999998
vt 0.04688 0.15625
vt 0 0.15625
vt 0 0.1875
vt 0.04688 0.15625
vt 0 0.1875
vt 0 0.20313000000000003
vt 0 0.20313000000000003
vt 0.04688 0.20313000000000003
vt 0.04688 0.15625
vt 0.74219 0.011719999999999953
vt 0.99219 0.02734000000000003
vt 0.99219 0.011719999999999953
vt 0.74219 0.011719999999999953
vt 0.74219 0.02734000000000003
vt 0.99219 0.02734000000000003
vt 0.74219 0.011719999999999953
vt 0.99219 0.02734000000000003
vt 0.99219 0.011719999999999953
vt 0.74219 0.011719999999999953
vt 0.74219 0.02734000000000003
vt 0.99219 0.02734000000000003
vt 0.74219 0.011719999999999953
vt 0.99219 0.02734000000000003
vt 0.99219 0.011719999999999953
vt 0.74219 0.011719999999999953
vt 0.74219 0.02734000000000003
vt 0.99219 0.02734000000000003
vt 0.74219 0.011719999999999953
vt 0.99219 0.02734000000000003
vt 0.99219 0.011719999999999953
vt 0.74219 0.011719999999999953
vt 0.74219 0.02734000000000003
vt 0.99219 0.02734000000000003
vt 0.39063 0.07421999999999995
vt 0.33984 0.039059999999999984
vt 0.33984 0.07421999999999995
vt 0.39063 0.07421999999999995
vt 0.39063 0.039059999999999984
vt 0.33984 0.039059999999999984
vt 0.50781 0.17188000000000003
vt 0.25781 0.42188000000000003
vt 0.25781 0.17188000000000003
vt 0.50781 0.17188000000000003
vt 0.50781 0.42188000000000003
vt 0.25781 0.42188000000000003
vt 0.28125 0.054690000000000016
vt 0.29297 0.05078000000000005
vt 0.29297 0.054690000000000016
vt 0.29297 0.05859000000000003
vt 0.29297 0.054690000000000016
vt 0.29688 0.054690000000000016
vt 0.28125 0.054690000000000016
vt 0.28125 0.05078000000000005
vt 0.29297 0.05078000000000005
vt 0.29297 0.05078000000000005
vt 0.29297 0.04688000000000003
vt 0.29688 0.04688000000000003
vt 0.29297 0.05078000000000005
vt 0.29688 0.04688000000000003
vt 0.29688 0.05078000000000005
vt 0.29297 0.05859000000000003
vt 0.29688 0.054690000000000016
vt 0.29688 0.05859000000000003
vt 0.28125 0.0625
vt 0.28125 0.05859000000000003
vt 0.29297 0.05859000000000003
vt 0.28125 0.0625
vt 0.29297 0.05859000000000003
vt 0.29297 0.0625
vt 0.3125 0.054690000000000016
vt 0.32813 0.05078000000000005
vt 0.32813 0.054690000000000016
vt 0.3125 0.054690000000000016
vt 0.3125 0.05078000000000005
vt 0.32813 0.05078000000000005
vt 0.26563 0.054690000000000016
vt 0.28125 0.05078000000000005
vt 0.28125 0.054690000000000016
vt 0.26563 0.054690000000000016
vt 0.26563 0.05078000000000005
vt 0.28125 0.05078000000000005
vt 0.29297 0.054690000000000016
vt 0.28125 0.05078000000000005
vt 0.28125 0.054690000000000016
vt 0.29297 0.054690000000000016
vt 0.29297 0.05078000000000005
vt 0.28125 0.05078000000000005
vt 0.29297 0.054690000000000016
vt 0.29297 0.05859000000000003
vt 0.29688 0.05859000000000003
vt 0.29297 0.054690000000000016
vt 0.29688 0.05859000000000003
vt 0.29688 0.054690000000000016
vt 0.29297 0.04688000000000003
vt 0.29297 0.05078000000000005
vt 0.29688 0.05078000000000005
vt 0.29297 0.04688000000000003
vt 0.29688 0.05078000000000005
vt 0.29688 0.04688000000000003
vt 0.29297 0.0625
vt 0.29297 0.05859000000000003
vt 0.28125 0.05859000000000003
vt 0.29297 0.0625
vt 0.28125 0.05859000000000003
vt 0.28125 0.0625
vt 0.28125 0.054690000000000016
vt 0.26563 0.05078000000000005
vt 0.26563 0.054690000000000016
vt 0.28125 0.054690000000000016
vt 0.28125 0.05078000000000005
vt 0.26563 0.05078000000000005
vt 0.32813 0.054690000000000016
vt 0.3125 0.05078000000000005
vt 0.3125 0.054690000000000016
vt 0.32813 0.054690000000000016
vt 0.32813 0.05078000000000005
vt 0.3125 0.05078000000000005
vt 0.29688 0.0625
vt 0.29297 0.0625
vt 0.29688 0.07421999999999995
vt 0.28125 0.07813000000000003
vt 0.29688 0.07813000000000003
vt 0.29688 0.07421999999999995
vt 0.28125 0.0625
vt 0.28125 0.07813000000000003
vt 0.29688 0.07421999999999995
vt 0.29297 0.0625
vt 0.28125 0.0625
vt 0.29688 0.07421999999999995
vt 0.29688 0.05859000000000003
vt 0.30859 0.054690000000000016
vt 0.30859 0.05859000000000003
vt 0.30859 0.0625
vt 0.30859 0.05859000000000003
vt 0.3125 0.05859000000000003
vt 0.29688 0.05859000000000003
vt 0.29688 0.054690000000000016
vt 0.30859 0.054690000000000016
vt 0.30859 0.054690000000000016
vt 0.30859 0.05078000000000005
vt 0.3125 0.05078000000000005
vt 0.30859 0.054690000000000016
vt 0.3125 0.05078000000000005
vt 0.3125 0.054690000000000016
vt 0.30859 0.0625
vt 0.3125 0.05859000000000003
vt 0.3125 0.0625
vt 0.3125 0.0625
vt 0.32813 0.05859000000000003
vt 0.32813 0.0625
vt 0.3125 0.0625
vt 0.3125 0.05859000000000003
vt 0.32813 0.05859000000000003
vt 0.26563 0.0625
vt 0.28125 0.05859000000000003
vt 0.28125 0.0625
vt 0.26563 0.0625
vt 0.26563 0.05859000000000003
vt 0.28125 0.05859000000000003
vt 0.28125 0.0625
vt 0.26563 0.05859000000000003
vt 0.26563 0.0625
vt 0.28125 0.0625
vt 0.28125 0.05859000000000003
vt 0.26563 0.05859000000000003
vt 0.32813 0.0625
vt 0.3125 0.05859000000000003
vt 0.3125 0.0625
vt 0.32813 0.0625
vt 0.32813 0.05859000000000003
vt 0.3125 0.05859000000000003
vt 0.30859 0.05859000000000003
vt 0.29688 0.054690000000000016
vt 0.29688 0.05859000000000003
vt 0.30859 0.05859000000000003
vt 0.30859 0.054690000000000016
vt 0.29688 0.054690000000000016
vt 0.30859 0.05859000000000003
vt 0.30859 0.0625
vt 0.3125 0.0625
vt 0.30859 0.05859000000000003
vt 0.3125 0.0625
vt 0.3125 0.05859000000000003
vt 0.30859 0.05078000000000005
vt 0.30859 0.054690000000000016
vt 0.3125 0.054690000000000016
vt 0.30859 0.05078000000000005
vt 0.3125 0.054690000000000016
vt 0.3125 0.05078000000000005
vt 0.29688 0.04688000000000003
vt 0.30469 0.05078000000000005
vt 0.30469 0.04688000000000003
vt 0.29688 0.04688000000000003
vt 0.29688 0.05078000000000005
vt 0.30469 0.05078000000000005
vt 0.30469 0.04688000000000003
vt 0.29688 0.05078000000000005
vt 0.29688 0.04688000000000003
vt 0.30469 0.04688000000000003
vt 0.30469 0.05078000000000005
vt 0.29688 0.05078000000000005
vt 0.29297 0.0625
vt 0.28125 0.07813000000000003
vt 0.28125 0.0625
vt 0.29297 0.0625
vt 0.29688 0.07421999999999995
vt 0.29688 0.07813000000000003
vt 0.29297 0.0625
vt 0.29688 0.07813000000000003
vt 0.28125 0.07813000000000003
vt 0.29297 0.0625
vt 0.29688 0.0625
vt 0.29688 0.07421999999999995
vt 0.63672 0.06640999999999997
vt 0.64063 0.10938000000000003
vt 0.64063 0.07030999999999998
vt 0.66406 0.07030999999999998
vt 0.63672 0.06640999999999997
vt 0.64063 0.07030999999999998
vt 0.63672 0.06640999999999997
vt 0.63672 0.11328000000000005
vt 0.64063 0.10938000000000003
vt 0.66406 0.07030999999999998
vt 0.66797 0.06640999999999997
vt 0.63672 0.06640999999999997
vt 0.66406 0.10938000000000003
vt 0.64063 0.10938000000000003
vt 0.63672 0.11328000000000005
vt 0.66406 0.10938000000000003
vt 0.63672 0.11328000000000005
vt 0.66797 0.11328000000000005
vt 0.66797 0.06640999999999997
vt 0.66406 0.07030999999999998
vt 0.66406 0.10938000000000003
vt 0.66797 0.06640999999999997
vt 0.66406 0.10938000000000003
vt 0.66797 0.11328000000000005
vt 0.63672 0.06640999999999997
vt 0.64063 0.10938000000000003
vt 0.64063 0.07030999999999998
vt 0.66406 0.07030999999999998
vt 0.63672 0.06640999999999997
vt 0.64063 0.07030999999999998
vt 0.63672 0.06640999999999997
vt 0.63672 0.11328000000000005
vt 0.64063 0.10938000000000003
vt 0.66406 0.07030999999999998
vt 0.66797 0.06640999999999997
vt 0.63672 0.06640999999999997
vt 0.66406 0.10938000000000003
vt 0.64063 0.10938000000000003
vt 0.63672 0.11328000000000005
vt 0.66406 0.10938000000000003
vt 0.63672 0.11328000000000005
vt 0.66797 0.11328000000000005
vt 0.66797 0.06640999999999997
vt 0.66406 0.07030999999999998
vt 0.66406 0.10938000000000003
vt 0.66797 0.06640999999999997
vt 0.66406 0.10938000000000003
vt 0.66797 0.11328000000000005
vt 0.69531 0.22265999999999997
vt 0.69141 0.19530999999999998
vt 0.69141 0.21875
vt 0.66797 0.21875
vt 0.69531 0.22265999999999997
vt 0.69141 0.21875
vt 0.69531 0.22265999999999997
vt 0.69531 0.19140999999999997
vt 0.69141 0.19530999999999998
vt 0.66797 0.21875
vt 0.66406 0.22265999999999997
vt 0.69531 0.22265999999999997
vt 0.69141 0.19530999999999998
vt 0.69531 0.19140999999999997
vt 0.66406 0.19140999999999997
vt 0.69141 0.19530999999999998
vt 0.66406 0.19140999999999997
vt 0.66797 0.19530999999999998
vt 0.66406 0.22265999999999997
vt 0.66797 0.19530999999999998
vt 0.66406 0.19140999999999997
vt 0.66406 0.22265999999999997
vt 0.66797 0.21875
vt 0.66797 0.19530999999999998
vt 0.6875 0.20313000000000003
vt 0.68359 0.20703000000000005
vt 0.6875 0.20703000000000005
vt 0.6875 0.20313000000000003
vt 0.68359 0.20313000000000003
vt 0.68359 0.20703000000000005
vt 0.6875 0.20313000000000003
vt 0.69141 0.20313000000000003
vt 0.69141 0.19921999999999995
vt 0.6875 0.20313000000000003
vt 0.69141 0.19921999999999995
vt 0.6875 0.19921999999999995
vt 0.65234 0.08203000000000005
vt 0.65625 0.07813000000000003
vt 0.65234 0.07813000000000003
vt 0.65234 0.08203000000000005
vt 0.65625 0.08203000000000005
vt 0.65625 0.07813000000000003
vt 0.65625 0.07813000000000003
vt 0.66016 0.07813000000000003
vt 0.66016 0.07421999999999995
vt 0.65625 0.07813000000000003
vt 0.66016 0.07421999999999995
vt 0.65625 0.07421999999999995
vt 0.63672 0.11328000000000005
vt 0.66406 0.10938000000000003
vt 0.64063 0.10938000000000003
vt 0.64063 0.10938000000000003
vt 0.64063 0.07030999999999998
vt 0.63672 0.06640999999999997
vt 0.64063 0.10938000000000003
vt 0.63672 0.06640999999999997
vt 0.63672 0.11328000000000005
vt 0.63672 0.11328000000000005
vt 0.66797 0.11328000000000005
vt 0.66406 0.10938000000000003
vt 0.66406 0.10938000000000003
vt 0.66797 0.11328000000000005
vt 0.66797 0.06640999999999997
vt 0.66406 0.10938000000000003
vt 0.66797 0.06640999999999997
vt 0.66406 0.07030999999999998
vt 0.63672 0.06640999999999997
vt 0.66406 0.07030999999999998
vt 0.66797 0.06640999999999997
vt 0.63672 0.06640999999999997
vt 0.64063 0.07030999999999998
vt 0.66406 0.07030999999999998
vt 0.65234 0.08203000000000005
vt 0.65625 0.07813000000000003
vt 0.65234 0.07813000000000003
vt 0.65234 0.08203000000000005
vt 0.65625 0.08203000000000005
vt 0.65625 0.07813000000000003
vt 0.65625 0.07813000000000003
vt 0.66016 0.07813000000000003
vt 0.66016 0.07421999999999995
vt 0.65625 0.07813000000000003
vt 0.66016 0.07421999999999995
vt 0.65625 0.07421999999999995
vt 0.66797 0.11328000000000005
vt 0.64063 0.10938000000000003
vt 0.63672 0.11328000000000005
vt 0.64063 0.10938000000000003
vt 0.63672 0.06640999999999997
vt 0.63672 0.11328000000000005
vt 0.66797 0.11328000000000005
vt 0.66406 0.10938000000000003
vt 0.64063 0.10938000000000003
vt 0.66406 0.10938000000000003
vt 0.66797 0.11328000000000005
vt 0.66797 0.06640999999999997
vt 0.64063 0.10938000000000003
vt 0.64063 0.07030999999999998
vt 0.63672 0.06640999999999997
vt 0.63672 0.06640999999999997
vt 0.64063 0.07030999999999998
vt 0.66406 0.07030999999999998
vt 0.63672 0.06640999999999997
vt 0.66406 0.07030999999999998
vt 0.66797 0.06640999999999997
vt 0.66406 0.10938000000000003
vt 0.66797 0.06640999999999997
vt 0.66406 0.07030999999999998
vt 0.64844 0.10155999999999998
vt 0.64453 0.10546999999999995
vt 0.64844 0.10546999999999995
vt 0.64844 0.10155999999999998
vt 0.64453 0.10155999999999998
vt 0.64453 0.10546999999999995
vt 0.65234 0.09765999999999997
vt 0.64844 0.09765999999999997
vt 0.64844 0.10155999999999998
vt 0.65234 0.09765999999999997
vt 0.64844 0.10155999999999998
vt 0.65234 0.10155999999999998
vt 0.64844 0.10155999999999998
vt 0.64453 0.10546999999999995
vt 0.64844 0.10546999999999995
vt 0.64844 0.10155999999999998
vt 0.64453 0.10155999999999998
vt 0.64453 0.10546999999999995
vt 0.65234 0.09765999999999997
vt 0.64844 0.09765999999999997
vt 0.64844 0.10155999999999998
vt 0.65234 0.09765999999999997
vt 0.64844 0.10155999999999998
vt 0.65234 0.10155999999999998
vt 0.64844 0.10546999999999995
vt 0.64453 0.10155999999999998
vt 0.64453 0.10546999999999995
vt 0.64844 0.10546999999999995
vt 0.64844 0.10155999999999998
vt 0.64453 0.10155999999999998
vt 0.65234 0.10155999999999998
vt 0.64844 0.09765999999999997
vt 0.64844 0.10155999999999998
vt 0.65234 0.10155999999999998
vt 0.65234 0.09765999999999997
vt 0.64844 0.09765999999999997
vt 0.65625 0.07421999999999995
vt 0.66016 0.07813000000000003
vt 0.66016 0.07421999999999995
vt 0.65625 0.07421999999999995
vt 0.65625 0.07813000000000003
vt 0.66016 0.07813000000000003
vt 0.65234 0.07813000000000003
vt 0.65625 0.08203000000000005
vt 0.65625 0.07813000000000003
vt 0.65234 0.07813000000000003
vt 0.65234 0.08203000000000005
vt 0.65625 0.08203000000000005
vt 0.64844 0.10546999999999995
vt 0.64453 0.10155999999999998
vt 0.64453 0.10546999999999995
vt 0.64844 0.10546999999999995
vt 0.64844 0.10155999999999998
vt 0.64453 0.10155999999999998
vt 0.65234 0.10155999999999998
vt 0.64844 0.09765999999999997
vt 0.64844 0.10155999999999998
vt 0.65234 0.10155999999999998
vt 0.65234 0.09765999999999997
vt 0.64844 0.09765999999999997
vt 0.65625 0.07421999999999995
vt 0.66016 0.07813000000000003
vt 0.66016 0.07421999999999995
vt 0.65625 0.07421999999999995
vt 0.65625 0.07813000000000003
vt 0.66016 0.07813000000000003
vt 0.65234 0.07813000000000003
vt 0.65625 0.08203000000000005
vt 0.65625 0.07813000000000003
vt 0.65234 0.07813000000000003
vt 0.65234 0.08203000000000005
vt 0.65625 0.08203000000000005
vt 0.63672 0.06640999999999997
vt 0.64063 0.10938000000000003
vt 0.64063 0.07030999999999998
vt 0.66406 0.07030999999999998
vt 0.63672 0.06640999999999997
vt 0.64063 0.07030999999999998
vt 0.63672 0.06640999999999997
vt 0.63672 0.11328000000000005
vt 0.64063 0.10938000000000003
vt 0.66406 0.07030999999999998
vt 0.66797 0.06640999999999997
vt 0.63672 0.06640999999999997
vt 0.66406 0.10938000000000003
vt 0.64063 0.10938000000000003
vt 0.63672 0.11328000000000005
vt 0.66406 0.10938000000000003
vt 0.63672 0.11328000000000005
vt 0.66797 0.11328000000000005
vt 0.66797 0.06640999999999997
vt 0.66406 0.07030999999999998
vt 0.66406 0.10938000000000003
vt 0.66797 0.06640999999999997
vt 0.66406 0.10938000000000003
vt 0.66797 0.11328000000000005
vt 0.63672 0.06640999999999997
vt 0.64063 0.10938000000000003
vt 0.64063 0.07030999999999998
vt 0.66406 0.07030999999999998
vt 0.63672 0.06640999999999997
vt 0.64063 0.07030999999999998
vt 0.63672 0.06640999999999997
vt 0.63672 0.11328000000000005
vt 0.64063 0.10938000000000003
vt 0.66406 0.07030999999999998
vt 0.66797 0.06640999999999997
vt 0.63672 0.06640999999999997
vt 0.66406 0.10938000000000003
vt 0.64063 0.10938000000000003
vt 0.63672 0.11328000000000005
vt 0.66406 0.10938000000000003
vt 0.63672 0.11328000000000005
vt 0.66797 0.11328000000000005
vt 0.66797 0.06640999999999997
vt 0.66406 0.07030999999999998
vt 0.66406 0.10938000000000003
vt 0.66797 0.06640999999999997
vt 0.66406 0.10938000000000003
vt 0.66797 0.11328000000000005
vt 0.69531 0.22265999999999997
vt 0.69141 0.19530999999999998
vt 0.69141 0.21875
vt 0.66797 0.21875
vt 0.69531 0.22265999999999997
vt 0.69141 0.21875
vt 0.69531 0.22265999999999997
vt 0.69531 0.19140999999999997
vt 0.69141 0.19530999999999998
vt 0.66797 0.21875
vt 0.66406 0.22265999999999997
vt 0.69531 0.22265999999999997
vt 0.69141 0.19530999999999998
vt 0.69531 0.19140999999999997
vt 0.66406 0.19140999999999997
vt 0.69141 0.19530999999999998
vt 0.66406 0.19140999999999997
vt 0.66797 0.19530999999999998
vt 0.66406 0.22265999999999997
vt 0.66797 0.19530999999999998
vt 0.66406 0.19140999999999997
vt 0.66406 0.22265999999999997
vt 0.66797 0.21875
vt 0.66797 0.19530999999999998
vt 0.6875 0.20313000000000003
vt 0.68359 0.20703000000000005
vt 0.6875 0.20703000000000005
vt 0.6875 0.20313000000000003
vt 0.68359 0.20313000000000003
vt 0.68359 0.20703000000000005
vt 0.6875 0.20313000000000003
vt 0.69141 0.20313000000000003
vt 0.69141 0.19921999999999995
vt 0.6875 0.20313000000000003
vt 0.69141 0.19921999999999995
vt 0.6875 0.19921999999999995
vt 0.65234 0.08203000000000005
vt 0.65625 0.07813000000000003
vt 0.65234 0.07813000000000003
vt 0.65234 0.08203000000000005
vt 0.65625 0.08203000000000005
vt 0.65625 0.07813000000000003
vt 0.65625 0.07813000000000003
vt 0.66016 0.07813000000000003
vt 0.66016 0.07421999999999995
vt 0.65625 0.07813000000000003
vt 0.66016 0.07421999999999995
vt 0.65625 0.07421999999999995
vt 0.63672 0.11328000000000005
vt 0.66406 0.10938000000000003
vt 0.64063 0.10938000000000003
vt 0.64063 0.10938000000000003
vt 0.64063 0.07030999999999998
vt 0.63672 0.06640999999999997
vt 0.64063 0.10938000000000003
vt 0.63672 0.06640999999999997
vt 0.63672 0.11328000000000005
vt 0.63672 0.11328000000000005
vt 0.66797 0.11328000000000005
vt 0.66406 0.10938000000000003
vt 0.66406 0.10938000000000003
vt 0.66797 0.11328000000000005
vt 0.66797 0.06640999999999997
vt 0.66406 0.10938000000000003
vt 0.66797 0.06640999999999997
vt 0.66406 0.07030999999999998
vt 0.63672 0.06640999999999997
vt 0.66406 0.07030999999999998
vt 0.66797 0.06640999999999997
vt 0.63672 0.06640999999999997
vt 0.64063 0.07030999999999998
vt 0.66406 0.07030999999999998
vt 0.65234 0.08203000000000005
vt 0.65625 0.07813000000000003
vt 0.65234 0.07813000000000003
vt 0.65234 0.08203000000000005
vt 0.65625 0.08203000000000005
vt 0.65625 0.07813000000000003
vt 0.65625 0.07813000000000003
vt 0.66016 0.07813000000000003
vt 0.66016 0.07421999999999995
vt 0.65625 0.07813000000000003
vt 0.66016 0.07421999999999995
vt 0.65625 0.07421999999999995
vt 0.66797 0.11328000000000005
vt 0.64063 0.10938000000000003
vt 0.63672 0.11328000000000005
vt 0.64063 0.10938000000000003
vt 0.63672 0.06640999999999997
vt 0.63672 0.11328000000000005
vt 0.66797 0.11328000000000005
vt 0.66406 0.10938000000000003
vt 0.64063 0.10938000000000003
vt 0.66406 0.10938000000000003
vt 0.66797 0.11328000000000005
vt 0.66797 0.06640999999999997
vt 0.64063 0.10938000000000003
vt 0.64063 0.07030999999999998
vt 0.63672 0.06640999999999997
vt 0.63672 0.06640999999999997
vt 0.64063 0.07030999999999998
vt 0.66406 0.07030999999999998
vt 0.63672 0.06640999999999997
vt 0.66406 0.07030999999999998
vt 0.66797 0.06640999999999997
vt 0.66406 0.10938000000000003
vt 0.66797 0.06640999999999997
vt 0.66406 0.07030999999999998
vt 0.64844 0.10155999999999998
vt 0.64453 0.10546999999999995
vt 0.64844 0.10546999999999995
vt 0.64844 0.10155999999999998
vt 0.64453 0.10155999999999998
vt 0.64453 0.10546999999999995
vt 0.65234 0.09765999999999997
vt 0.64844 0.09765999999999997
vt 0.64844 0.10155999999999998
vt 0.65234 0.09765999999999997
vt 0.64844 0.10155999999999998
vt 0.65234 0.10155999999999998
vt 0.64844 0.10155999999999998
vt 0.64453 0.10546999999999995
vt 0.64844 0.10546999999999995
vt 0.64844 0.10155999999999998
vt 0.64453 0.10155999999999998
vt 0.64453 0.10546999999999995
vt 0.65234 0.09765999999999997
vt 0.64844 0.09765999999999997
vt 0.64844 0.10155999999999998
vt 0.65234 0.09765999999999997
vt 0.64844 0.10155999999999998
vt 0.65234 0.10155999999999998
vt 0.64844 0.10546999999999995
vt 0.64453 0.10155999999999998
vt 0.64453 0.10546999999999995
vt 0.64844 0.10546999999999995
vt 0.64844 0.10155999999999998
vt 0.64453 0.10155999999999998
vt 0.65234 0.10155999999999998
vt 0.64844 0.09765999999999997
vt 0.64844 0.10155999999999998
vt 0.65234 0.10155999999999998
vt 0.65234 0.09765999999999997
vt 0.64844 0.09765999999999997
vt 0.65625 0.07421999999999995
vt 0.66016 0.07813000000000003
vt 0.66016 0.07421999999999995
vt 0.65625 0.07421999999999995
vt 0.65625 0.07813000000000003
vt 0.66016 0.07813000000000003
vt 0.65234 0.07813000000000003
vt 0.65625 0.08203000000000005
vt 0.65625 0.07813000000000003
vt 0.65234 0.07813000000000003
vt 0.65234 0.08203000000000005
vt 0.65625 0.08203000000000005
vt 0.64844 0.10546999999999995
vt 0.64453 0.10155999999999998
vt 0.64453 0.10546999999999995
vt 0.64844 0.10546999999999995
vt 0.64844 0.10155999999999998
vt 0.64453 0.10155999999999998
vt 0.65234 0.10155999999999998
vt 0.64844 0.09765999999999997
vt 0.64844 0.10155999999999998
vt 0.65234 0.10155999999999998
vt 0.65234 0.09765999999999997
vt 0.64844 0.09765999999999997
vt 0.65625 0.07421999999999995
vt 0.66016 0.07813000000000003
vt 0.66016 0.07421999999999995
vt 0.65625 0.07421999999999995
vt 0.65625 0.07813000000000003
vt 0.66016 0.07813000000000003
vt 0.65234 0.07813000000000003
vt 0.65625 0.08203000000000005
vt 0.65625 0.07813000000000003
vt 0.65234 0.07813000000000003
vt 0.65234 0.08203000000000005
vt 0.65625 0.08203000000000005
vt 0.66406 0.2773399999999999
vt 0.69141 0.27344
vt 0.66797 0.27344
vt 0.66797 0.25
vt 0.66406 0.2773399999999999
vt 0.66797 0.27344
vt 0.66406 0.2773399999999999
vt 0.69531 0.2773399999999999
vt 0.69141 0.27344
vt 0.66797 0.25
vt 0.66406 0.24609000000000003
vt 0.66406 0.2773399999999999
vt 0.69141 0.25
vt 0.69141 0.27344
vt 0.69531 0.2773399999999999
vt 0.69141 0.25
vt 0.69531 0.2773399999999999
vt 0.69531 0.24609000000000003
vt 0.66406 0.24609000000000003
vt 0.66797 0.25
vt 0.69141 0.25
vt 0.66406 0.24609000000000003
vt 0.69141 0.25
vt 0.69531 0.24609000000000003
vt 0.66406 0.2773399999999999
vt 0.69141 0.27344
vt 0.66797 0.27344
vt 0.66797 0.25
vt 0.66406 0.2773399999999999
vt 0.66797 0.27344
vt 0.66406 0.2773399999999999
vt 0.69531 0.2773399999999999
vt 0.69141 0.27344
vt 0.66797 0.25
vt 0.66406 0.24609000000000003
vt 0.66406 0.2773399999999999
vt 0.69141 0.25
vt 0.69141 0.27344
vt 0.69531 0.2773399999999999
vt 0.69141 0.25
vt 0.69531 0.2773399999999999
vt 0.69531 0.24609000000000003
vt 0.66406 0.24609000000000003
vt 0.66797 0.25
vt 0.69141 0.25
vt 0.66406 0.24609000000000003
vt 0.69141 0.25
vt 0.69531 0.24609000000000003
vt 0.69531 0.2773399999999999
vt 0.66797 0.27344
vt 0.66406 0.2773399999999999
vt 0.66797 0.25
vt 0.66406 0.24609000000000003
vt 0.66406 0.2773399999999999
vt 0.66797 0.25
vt 0.66406 0.2773399999999999
vt 0.66797 0.27344
vt 0.69531 0.2773399999999999
vt 0.69141 0.27344
vt 0.66797 0.27344
vt 0.69141 0.25
vt 0.69141 0.27344
vt 0.69531 0.2773399999999999
vt 0.69141 0.25
vt 0.69531 0.2773399999999999
vt 0.69531 0.24609000000000003
vt 0.66406 0.24609000000000003
vt 0.66797 0.25
vt 0.69141 0.25
vt 0.66406 0.24609000000000003
vt 0.69141 0.25
vt 0.69531 0.24609000000000003
vt 0.66406 0.2773399999999999
vt 0.69141 0.27344
vt 0.66797 0.27344
vt 0.66797 0.25
vt 0.66406 0.2773399999999999
vt 0.66797 0.27344
vt 0.66406 0.2773399999999999
vt 0.69531 0.2773399999999999
vt 0.69141 0.27344
vt 0.66797 0.25
vt 0.66406 0.24609000000000003
vt 0.66406 0.2773399999999999
vt 0.69141 0.25
vt 0.69141 0.27344
vt 0.69531 0.2773399999999999
vt 0.69141 0.25
vt 0.69531 0.2773399999999999
vt 0.69531 0.24609000000000003
vt 0.66406 0.24609000000000003
vt 0.66797 0.25
vt 0.69141 0.25
vt 0.66406 0.24609000000000003
vt 0.69141 0.25
vt 0.69531 0.24609000000000003
vt 0.66406 0.30469
vt 0.69141 0.3085899999999999
vt 0.69531 0.30469
vt 0.69141 0.33203000000000005
vt 0.69531 0.33594
vt 0.69531 0.30469
vt 0.69141 0.33203000000000005
vt 0.69531 0.30469
vt 0.69141 0.3085899999999999
vt 0.66406 0.30469
vt 0.66797 0.3085899999999999
vt 0.69141 0.3085899999999999
vt 0.66797 0.3085899999999999
vt 0.66406 0.30469
vt 0.66406 0.33594
vt 0.66797 0.3085899999999999
vt 0.66406 0.33594
vt 0.66797 0.33203000000000005
vt 0.66406 0.33594
vt 0.69531 0.33594
vt 0.69141 0.33203000000000005
vt 0.66406 0.33594
vt 0.69141 0.33203000000000005
vt 0.66797 0.33203000000000005
vt 0.67578 0.26953000000000005
vt 0.67188 0.26563000000000003
vt 0.67188 0.26953000000000005
vt 0.67578 0.26953000000000005
vt 0.67578 0.26563000000000003
vt 0.67188 0.26563000000000003
vt 0.67969 0.26563000000000003
vt 0.67578 0.26171999999999995
vt 0.67578 0.26563000000000003
vt 0.67969 0.26563000000000003
vt 0.67969 0.26171999999999995
vt 0.67578 0.26171999999999995
vt 0.67578 0.26953000000000005
vt 0.67188 0.26563000000000003
vt 0.67188 0.26953000000000005
vt 0.67578 0.26953000000000005
vt 0.67578 0.26563000000000003
vt 0.67188 0.26563000000000003
vt 0.67969 0.26563000000000003
vt 0.67578 0.26171999999999995
vt 0.67578 0.26563000000000003
vt 0.67969 0.26563000000000003
vt 0.67969 0.26171999999999995
vt 0.67578 0.26171999999999995
vt 0.67578 0.26953000000000005
vt 0.67188 0.26563000000000003
vt 0.67188 0.26953000000000005
vt 0.67578 0.26953000000000005
vt 0.67578 0.26563000000000003
vt 0.67188 0.26563000000000003
vt 0.67969 0.26563000000000003
vt 0.67578 0.26171999999999995
vt 0.67578 0.26563000000000003
vt 0.67969 0.26563000000000003
vt 0.67969 0.26171999999999995
vt 0.67578 0.26171999999999995
vt 0.67578 0.26953000000000005
vt 0.67188 0.26563000000000003
vt 0.67188 0.26953000000000005
vt 0.67578 0.26953000000000005
vt 0.67578 0.26563000000000003
vt 0.67188 0.26563000000000003
vt 0.67969 0.26563000000000003
vt 0.67578 0.26171999999999995
vt 0.67578 0.26563000000000003
vt 0.67969 0.26563000000000003
vt 0.67969 0.26171999999999995
vt 0.67578 0.26171999999999995
vt 0.69531 0.2773399999999999
vt 0.66797 0.27344
vt 0.66406 0.2773399999999999
vt 0.66797 0.25
vt 0.66406 0.24609000000000003
vt 0.66406 0.2773399999999999
vt 0.66797 0.25
vt 0.66406 0.2773399999999999
vt 0.66797 0.27344
vt 0.69531 0.2773399999999999
vt 0.69141 0.27344
vt 0.66797 0.27344
vt 0.69141 0.25
vt 0.69141 0.27344
vt 0.69531 0.2773399999999999
vt 0.69141 0.25
vt 0.69531 0.2773399999999999
vt 0.69531 0.24609000000000003
vt 0.66406 0.24609000000000003
vt 0.66797 0.25
vt 0.69141 0.25
vt 0.66406 0.24609000000000003
vt 0.69141 0.25
vt 0.69531 0.24609000000000003
vt 0.66406 0.2773399999999999
vt 0.69141 0.27344
vt 0.66797 0.27344
vt 0.66797 0.25
vt 0.66406 0.2773399999999999
vt 0.66797 0.27344
vt 0.66406 0.2773399999999999
vt 0.69531 0.2773399999999999
vt 0.69141 0.27344
vt 0.66797 0.25
vt 0.66406 0.24609000000000003
vt 0.66406 0.2773399999999999
vt 0.69141 0.25
vt 0.69141 0.27344
vt 0.69531 0.2773399999999999
vt 0.69141 0.25
vt 0.69531 0.2773399999999999
vt 0.69531 0.24609000000000003
vt 0.66406 0.24609000000000003
vt 0.66797 0.25
vt 0.69141 0.25
vt 0.66406 0.24609000000000003
vt 0.69141 0.25
vt 0.69531 0.24609000000000003
vt 0.69531 0.2773399999999999
vt 0.66797 0.27344
vt 0.66406 0.2773399999999999
vt 0.66797 0.25
vt 0.66406 0.24609000000000003
vt 0.66406 0.2773399999999999
vt 0.66797 0.25
vt 0.66406 0.2773399999999999
vt 0.66797 0.27344
vt 0.69531 0.2773399999999999
vt 0.69141 0.27344
vt 0.66797 0.27344
vt 0.69141 0.25
vt 0.69141 0.27344
vt 0.69531 0.2773399999999999
vt 0.69141 0.25
vt 0.69531 0.2773399999999999
vt 0.69531 0.24609000000000003
vt 0.66406 0.24609000000000003
vt 0.66797 0.25
vt 0.69141 0.25
vt 0.66406 0.24609000000000003
vt 0.69141 0.25
vt 0.69531 0.24609000000000003
vt 0.66406 0.2773399999999999
vt 0.69141 0.27344
vt 0.66797 0.27344
vt 0.66797 0.25
vt 0.66406 0.2773399999999999
vt 0.66797 0.27344
vt 0.66406 0.2773399999999999
vt 0.69531 0.2773399999999999
vt 0.69141 0.27344
vt 0.66797 0.25
vt 0.66406 0.24609000000000003
vt 0.66406 0.2773399999999999
vt 0.69141 0.25
vt 0.69141 0.27344
vt 0.69531 0.2773399999999999
vt 0.69141 0.25
vt 0.69531 0.2773399999999999
vt 0.69531 0.24609000000000003
vt 0.66406 0.24609000000000003
vt 0.66797 0.25
vt 0.69141 0.25
vt 0.66406 0.24609000000000003
vt 0.69141 0.25
vt 0.69531 0.24609000000000003
vt 0.69531 0.30469
vt 0.66797 0.3085899999999999
vt 0.69141 0.3085899999999999
vt 0.69141 0.33203000000000005
vt 0.69531 0.30469
vt 0.69141 0.3085899999999999
vt 0.69531 0.30469
vt 0.66406 0.30469
vt 0.66797 0.3085899999999999
vt 0.69141 0.33203000000000005
vt 0.69531 0.33594
vt 0.69531 0.30469
vt 0.66797 0.3085899999999999
vt 0.66406 0.30469
vt 0.66406 0.33594
vt 0.66797 0.3085899999999999
vt 0.66406 0.33594
vt 0.66797 0.33203000000000005
vt 0.66406 0.33594
vt 0.69531 0.33594
vt 0.69141 0.33203000000000005
vt 0.66406 0.33594
vt 0.69141 0.33203000000000005
vt 0.66797 0.33203000000000005
vt 0.67578 0.26953000000000005
vt 0.67188 0.26563000000000003
vt 0.67188 0.26953000000000005
vt 0.67578 0.26953000000000005
vt 0.67578 0.26563000000000003
vt 0.67188 0.26563000000000003
vt 0.67969 0.26563000000000003
vt 0.67578 0.26171999999999995
vt 0.67578 0.26563000000000003
vt 0.67969 0.26563000000000003
vt 0.67969 0.26171999999999995
vt 0.67578 0.26171999999999995
vt 0.67578 0.26953000000000005
vt 0.67188 0.26563000000000003
vt 0.67188 0.26953000000000005
vt 0.67578 0.26953000000000005
vt 0.67578 0.26563000000000003
vt 0.67188 0.26563000000000003
vt 0.67969 0.26563000000000003
vt 0.67578 0.26171999999999995
vt 0.67578 0.26563000000000003
vt 0.67969 0.26563000000000003
vt 0.67969 0.26171999999999995
vt 0.67578 0.26171999999999995
vt 0.67578 0.26953000000000005
vt 0.67188 0.26563000000000003
vt 0.67188 0.26953000000000005
vt 0.67578 0.26953000000000005
vt 0.67578 0.26563000000000003
vt 0.67188 0.26563000000000003
vt 0.67969 0.26563000000000003
vt 0.67578 0.26171999999999995
vt 0.67578 0.26563000000000003
vt 0.67969 0.26563000000000003
vt 0.67969 0.26171999999999995
vt 0.67578 0.26171999999999995
vt 0.67578 0.26953000000000005
vt 0.67188 0.26563000000000003
vt 0.67188 0.26953000000000005
vt 0.67578 0.26953000000000005
vt 0.67578 0.26563000000000003
vt 0.67188 0.26563000000000003
vt 0.67969 0.26563000000000003
vt 0.67578 0.26171999999999995
vt 0.67578 0.26563000000000003
vt 0.67969 0.26563000000000003
vt 0.67969 0.26171999999999995
vt 0.67578 0.26171999999999995
vt 0.63672 0.06640999999999997
vt 0.64063 0.10938000000000003
vt 0.63672 0.11328000000000005
vt 0.66406 0.10938000000000003
vt 0.66797 0.11328000000000005
vt 0.63672 0.11328000000000005
vt 0.66406 0.10938000000000003
vt 0.63672 0.11328000000000005
vt 0.64063 0.10938000000000003
vt 0.63672 0.06640999999999997
vt 0.64063 0.07030999999999998
vt 0.64063 0.10938000000000003
vt 0.63672 0.06640999999999997
vt 0.66797 0.06640999999999997
vt 0.66406 0.07030999999999998
vt 0.63672 0.06640999999999997
vt 0.66406 0.07030999999999998
vt 0.64063 0.07030999999999998
vt 0.66406 0.10938000000000003
vt 0.66406 0.07030999999999998
vt 0.66797 0.06640999999999997
vt 0.66406 0.10938000000000003
vt 0.66797 0.06640999999999997
vt 0.66797 0.11328000000000005
vt 0.63672 0.06640999999999997
vt 0.64063 0.10938000000000003
vt 0.63672 0.11328000000000005
vt 0.66406 0.10938000000000003
vt 0.66797 0.11328000000000005
vt 0.63672 0.11328000000000005
vt 0.66406 0.10938000000000003
vt 0.63672 0.11328000000000005
vt 0.64063 0.10938000000000003
vt 0.63672 0.06640999999999997
vt 0.64063 0.07030999999999998
vt 0.64063 0.10938000000000003
vt 0.63672 0.06640999999999997
vt 0.66797 0.06640999999999997
vt 0.66406 0.07030999999999998
vt 0.63672 0.06640999999999997
vt 0.66406 0.07030999999999998
vt 0.64063 0.07030999999999998
vt 0.66406 0.10938000000000003
vt 0.66406 0.07030999999999998
vt 0.66797 0.06640999999999997
vt 0.66406 0.10938000000000003
vt 0.66797 0.06640999999999997
vt 0.66797 0.11328000000000005
vt 0.69531 0.22265999999999997
vt 0.69141 0.19530999999999998
vt 0.69531 0.19140999999999997
vt 0.66406 0.19140999999999997
vt 0.69531 0.19140999999999997
vt 0.69141 0.19530999999999998
vt 0.69531 0.22265999999999997
vt 0.69141 0.21875
vt 0.69141 0.19530999999999998
vt 0.69531 0.22265999999999997
vt 0.66406 0.22265999999999997
vt 0.66797 0.21875
vt 0.69531 0.22265999999999997
vt 0.66797 0.21875
vt 0.69141 0.21875
vt 0.66406 0.19140999999999997
vt 0.69141 0.19530999999999998
vt 0.66797 0.19530999999999998
vt 0.66797 0.19530999999999998
vt 0.66406 0.22265999999999997
vt 0.66406 0.19140999999999997
vt 0.66797 0.19530999999999998
vt 0.66797 0.21875
vt 0.66406 0.22265999999999997
vt 0.6875 0.20313000000000003
vt 0.68359 0.20703000000000005
vt 0.68359 0.20313000000000003
vt 0.6875 0.20313000000000003
vt 0.6875 0.20703000000000005
vt 0.68359 0.20703000000000005
vt 0.6875 0.20313000000000003
vt 0.6875 0.19921999999999995
vt 0.69141 0.19921999999999995
vt 0.6875 0.20313000000000003
vt 0.69141 0.19921999999999995
vt 0.69141 0.20313000000000003
vt 0.65234 0.08203000000000005
vt 0.65625 0.07813000000000003
vt 0.65625 0.08203000000000005
vt 0.65234 0.08203000000000005
vt 0.65234 0.07813000000000003
vt 0.65625 0.07813000000000003
vt 0.65625 0.07813000000000003
vt 0.65625 0.07421999999999995
vt 0.66016 0.07421999999999995
vt 0.65625 0.07813000000000003
vt 0.66016 0.07421999999999995
vt 0.66016 0.07813000000000003
vt 0.63672 0.11328000000000005
vt 0.66406 0.10938000000000003
vt 0.66797 0.11328000000000005
vt 0.66797 0.06640999999999997
vt 0.66797 0.11328000000000005
vt 0.66406 0.10938000000000003
vt 0.63672 0.11328000000000005
vt 0.64063 0.10938000000000003
vt 0.66406 0.10938000000000003
vt 0.64063 0.10938000000000003
vt 0.63672 0.11328000000000005
vt 0.63672 0.06640999999999997
vt 0.66797 0.06640999999999997
vt 0.66406 0.10938000000000003
vt 0.66406 0.07030999999999998
vt 0.66406 0.07030999999999998
vt 0.63672 0.06640999999999997
vt 0.66797 0.06640999999999997
vt 0.66406 0.07030999999999998
vt 0.64063 0.07030999999999998
vt 0.63672 0.06640999999999997
vt 0.64063 0.10938000000000003
vt 0.63672 0.06640999999999997
vt 0.64063 0.07030999999999998
vt 0.65234 0.08203000000000005
vt 0.65625 0.07813000000000003
vt 0.65625 0.08203000000000005
vt 0.65234 0.08203000000000005
vt 0.65234 0.07813000000000003
vt 0.65625 0.07813000000000003
vt 0.65625 0.07813000000000003
vt 0.65625 0.07421999999999995
vt 0.66016 0.07421999999999995
vt 0.65625 0.07813000000000003
vt 0.66016 0.07421999999999995
vt 0.66016 0.07813000000000003
vt 0.64063 0.10938000000000003
vt 0.66797 0.11328000000000005
vt 0.63672 0.11328000000000005
vt 0.64063 0.10938000000000003
vt 0.63672 0.11328000000000005
vt 0.63672 0.06640999999999997
vt 0.64063 0.10938000000000003
vt 0.66406 0.10938000000000003
vt 0.66797 0.11328000000000005
vt 0.64063 0.10938000000000003
vt 0.63672 0.06640999999999997
vt 0.64063 0.07030999999999998
vt 0.66797 0.06640999999999997
vt 0.66797 0.11328000000000005
vt 0.66406 0.10938000000000003
vt 0.66797 0.06640999999999997
vt 0.66406 0.10938000000000003
vt 0.66406 0.07030999999999998
vt 0.66406 0.07030999999999998
vt 0.63672 0.06640999999999997
vt 0.66797 0.06640999999999997
vt 0.66406 0.07030999999999998
vt 0.64063 0.07030999999999998
vt 0.63672 0.06640999999999997
vt 0.64844 0.10155999999999998
vt 0.64453 0.10546999999999995
vt 0.64453 0.10155999999999998
vt 0.64844 0.10155999999999998
vt 0.64844 0.10546999999999995
vt 0.64453 0.10546999999999995
vt 0.65234 0.09765999999999997
vt 0.65234 0.10155999999999998
vt 0.64844 0.10155999999999998
vt 0.65234 0.09765999999999997
vt 0.64844 0.10155999999999998
vt 0.64844 0.09765999999999997
vt 0.64844 0.10155999999999998
vt 0.64453 0.10546999999999995
vt 0.64453 0.10155999999999998
vt 0.64844 0.10155999999999998
vt 0.64844 0.10546999999999995
vt 0.64453 0.10546999999999995
vt 0.65234 0.09765999999999997
vt 0.65234 0.10155999999999998
vt 0.64844 0.10155999999999998
vt 0.65234 0.09765999999999997
vt 0.64844 0.10155999999999998
vt 0.64844 0.09765999999999997
vt 0.64844 0.10546999999999995
vt 0.64453 0.10155999999999998
vt 0.64844 0.10155999999999998
vt 0.65234 0.10155999999999998
vt 0.64844 0.10155999999999998
vt 0.64844 0.09765999999999997
vt 0.64844 0.10546999999999995
vt 0.64453 0.10546999999999995
vt 0.64453 0.10155999999999998
vt 0.65234 0.10155999999999998
vt 0.64844 0.09765999999999997
vt 0.65234 0.09765999999999997
vt 0.65625 0.07421999999999995
vt 0.66016 0.07813000000000003
vt 0.65625 0.07813000000000003
vt 0.65234 0.07813000000000003
vt 0.65625 0.07813000000000003
vt 0.65625 0.08203000000000005
vt 0.65625 0.07421999999999995
vt 0.66016 0.07421999999999995
vt 0.66016 0.07813000000000003
vt 0.65234 0.07813000000000003
vt 0.65625 0.08203000000000005
vt 0.65234 0.08203000000000005
vt 0.64844 0.10546999999999995
vt 0.64453 0.10155999999999998
vt 0.64844 0.10155999999999998
vt 0.64844 0.10546999999999995
vt 0.64453 0.10546999999999995
vt 0.64453 0.10155999999999998
vt 0.65234 0.10155999999999998
vt 0.64844 0.09765999999999997
vt 0.65234 0.09765999999999997
vt 0.65234 0.10155999999999998
vt 0.64844 0.10155999999999998
vt 0.64844 0.09765999999999997
vt 0.65625 0.07421999999999995
vt 0.66016 0.07813000000000003
vt 0.65625 0.07813000000000003
vt 0.65234 0.07813000000000003
vt 0.65625 0.07813000000000003
vt 0.65625 0.08203000000000005
vt 0.65625 0.07421999999999995
vt 0.66016 0.07421999999999995
vt 0.66016 0.07813000000000003
vt 0.65234 0.07813000000000003
vt 0.65625 0.08203000000000005
vt 0.65234 0.08203000000000005
vt 0.63672 0.06640999999999997
vt 0.64063 0.10938000000000003
vt 0.63672 0.11328000000000005
vt 0.66406 0.10938000000000003
vt 0.66797 0.11328000000000005
vt 0.63672 0.11328000000000005
vt 0.66406 0.10938000000000003
vt 0.63672 0.11328000000000005
vt 0.64063 0.10938000000000003
vt 0.63672 0.06640999999999997
vt 0.64063 0.07030999999999998
vt 0.64063 0.10938000000000003
vt 0.63672 0.06640999999999997
vt 0.66797 0.06640999999999997
vt 0.66406 0.07030999999999998
vt 0.63672 0.06640999999999997
vt 0.66406 0.07030999999999998
vt 0.64063 0.07030999999999998
vt 0.66406 0.10938000000000003
vt 0.66406 0.07030999999999998
vt 0.66797 0.06640999999999997
vt 0.66406 0.10938000000000003
vt 0.66797 0.06640999999999997
vt 0.66797 0.11328000000000005
vt 0.63672 0.06640999999999997
vt 0.64063 0.10938000000000003
vt 0.63672 0.11328000000000005
vt 0.66406 0.10938000000000003
vt 0.66797 0.11328000000000005
vt 0.63672 0.11328000000000005
vt 0.66406 0.10938000000000003
vt 0.63672 0.11328000000000005
vt 0.64063 0.10938000000000003
vt 0.63672 0.06640999999999997
vt 0.64063 0.07030999999999998
vt 0.64063 0.10938000000000003
vt 0.63672 0.06640999999999997
vt 0.66797 0.06640999999999997
vt 0.66406 0.07030999999999998
vt 0.63672 0.06640999999999997
vt 0.66406 0.07030999999999998
vt 0.64063 0.07030999999999998
vt 0.66406 0.10938000000000003
vt 0.66406 0.07030999999999998
vt 0.66797 0.06640999999999997
vt 0.66406 0.10938000000000003
vt 0.66797 0.06640999999999997
vt 0.66797 0.11328000000000005
vt 0.69531 0.22265999999999997
vt 0.69141 0.19530999999999998
vt 0.69531 0.19140999999999997
vt 0.66406 0.19140999999999997
vt 0.69531 0.19140999999999997
vt 0.69141 0.19530999999999998
vt 0.69531 0.22265999999999997
vt 0.69141 0.21875
vt 0.69141 0.19530999999999998
vt 0.69531 0.22265999999999997
vt 0.66406 0.22265999999999997
vt 0.66797 0.21875
vt 0.69531 0.22265999999999997
vt 0.66797 0.21875
vt 0.69141 0.21875
vt 0.66406 0.19140999999999997
vt 0.69141 0.19530999999999998
vt 0.66797 0.19530999999999998
vt 0.66797 0.19530999999999998
vt 0.66406 0.22265999999999997
vt 0.66406 0.19140999999999997
vt 0.66797 0.19530999999999998
vt 0.66797 0.21875
vt 0.66406 0.22265999999999997
vt 0.6875 0.20313000000000003
vt 0.68359 0.20703000000000005
vt 0.68359 0.20313000000000003
vt 0.6875 0.20313000000000003
vt 0.6875 0.20703000000000005
vt 0.68359 0.20703000000000005
vt 0.6875 0.20313000000000003
vt 0.6875 0.19921999999999995
vt 0.69141 0.19921999999999995
vt 0.6875 0.20313000000000003
vt 0.69141 0.19921999999999995
vt 0.69141 0.20313000000000003
vt 0.65234 0.08203000000000005
vt 0.65625 0.07813000000000003
vt 0.65625 0.08203000000000005
vt 0.65234 0.08203000000000005
vt 0.65234 0.07813000000000003
vt 0.65625 0.07813000000000003
vt 0.65625 0.07813000000000003
vt 0.65625 0.07421999999999995
vt 0.66016 0.07421999999999995
vt 0.65625 0.07813000000000003
vt 0.66016 0.07421999999999995
vt 0.66016 0.07813000000000003
vt 0.63672 0.11328000000000005
vt 0.66406 0.10938000000000003
vt 0.66797 0.11328000000000005
vt 0.66797 0.06640999999999997
vt 0.66797 0.11328000000000005
vt 0.66406 0.10938000000000003
vt 0.63672 0.11328000000000005
vt 0.64063 0.10938000000000003
vt 0.66406 0.10938000000000003
vt 0.64063 0.10938000000000003
vt 0.63672 0.11328000000000005
vt 0.63672 0.06640999999999997
vt 0.66797 0.06640999999999997
vt 0.66406 0.10938000000000003
vt 0.66406 0.07030999999999998
vt 0.66406 0.07030999999999998
vt 0.63672 0.06640999999999997
vt 0.66797 0.06640999999999997
vt 0.66406 0.07030999999999998
vt 0.64063 0.07030999999999998
vt 0.63672 0.06640999999999997
vt 0.64063 0.10938000000000003
vt 0.63672 0.06640999999999997
vt 0.64063 0.07030999999999998
vt 0.65234 0.08203000000000005
vt 0.65625 0.07813000000000003
vt 0.65625 0.08203000000000005
vt 0.65234 0.08203000000000005
vt 0.65234 0.07813000000000003
vt 0.65625 0.07813000000000003
vt 0.65625 0.07813000000000003
vt 0.65625 0.07421999999999995
vt 0.66016 0.07421999999999995
vt 0.65625 0.07813000000000003
vt 0.66016 0.07421999999999995
vt 0.66016 0.07813000000000003
vt 0.64063 0.10938000000000003
vt 0.66797 0.11328000000000005
vt 0.63672 0.11328000000000005
vt 0.64063 0.10938000000000003
vt 0.63672 0.11328000000000005
vt 0.63672 0.06640999999999997
vt 0.64063 0.10938000000000003
vt 0.66406 0.10938000000000003
vt 0.66797 0.11328000000000005
vt 0.64063 0.10938000000000003
vt 0.63672 0.06640999999999997
vt 0.64063 0.07030999999999998
vt 0.66797 0.06640999999999997
vt 0.66797 0.11328000000000005
vt 0.66406 0.10938000000000003
vt 0.66797 0.06640999999999997
vt 0.66406 0.10938000000000003
vt 0.66406 0.07030999999999998
vt 0.66406 0.07030999999999998
vt 0.63672 0.06640999999999997
vt 0.66797 0.06640999999999997
vt 0.66406 0.07030999999999998
vt 0.64063 0.07030999999999998
vt 0.63672 0.06640999999999997
vt 0.64844 0.10155999999999998
vt 0.64453 0.10546999999999995
vt 0.64453 0.10155999999999998
vt 0.64844 0.10155999999999998
vt 0.64844 0.10546999999999995
vt 0.64453 0.10546999999999995
vt 0.65234 0.09765999999999997
vt 0.65234 0.10155999999999998
vt 0.64844 0.10155999999999998
vt 0.65234 0.09765999999999997
vt 0.64844 0.10155999999999998
vt 0.64844 0.09765999999999997
vt 0.64844 0.10155999999999998
vt 0.64453 0.10546999999999995
vt 0.64453 0.10155999999999998
vt 0.64844 0.10155999999999998
vt 0.64844 0.10546999999999995
vt 0.64453 0.10546999999999995
vt 0.65234 0.09765999999999997
vt 0.65234 0.10155999999999998
vt 0.64844 0.10155999999999998
vt 0.65234 0.09765999999999997
vt 0.64844 0.10155999999999998
vt 0.64844 0.09765999999999997
vt 0.64844 0.10546999999999995
vt 0.64453 0.10155999999999998
vt 0.64844 0.10155999999999998
vt 0.65234 0.10155999999999998
vt 0.64844 0.10155999999999998
vt 0.64844 0.09765999999999997
vt 0.64844 0.10546999999999995
vt 0.64453 0.10546999999999995
vt 0.64453 0.10155999999999998
vt 0.65234 0.10155999999999998
vt 0.64844 0.09765999999999997
vt 0.65234 0.09765999999999997
vt 0.65625 0.07421999999999995
vt 0.66016 0.07813000000000003
vt 0.65625 0.07813000000000003
vt 0.65234 0.07813000000000003
vt 0.65625 0.07813000000000003
vt 0.65625 0.08203000000000005
vt 0.65625 0.07421999999999995
vt 0.66016 0.07421999999999995
vt 0.66016 0.07813000000000003
vt 0.65234 0.07813000000000003
vt 0.65625 0.08203000000000005
vt 0.65234 0.08203000000000005
vt 0.64844 0.10546999999999995
vt 0.64453 0.10155999999999998
vt 0.64844 0.10155999999999998
vt 0.65234 0.10155999999999998
vt 0.64844 0.10155999999999998
vt 0.64844 0.09765999999999997
vt 0.64844 0.10546999999999995
vt 0.64453 0.10546999999999995
vt 0.64453 0.10155999999999998
vt 0.65234 0.10155999999999998
vt 0.64844 0.09765999999999997
vt 0.65234 0.09765999999999997
vt 0.65625 0.07421999999999995
vt 0.66016 0.07813000000000003
vt 0.65625 0.07813000000000003
vt 0.65234 0.07813000000000003
vt 0.65625 0.07813000000000003
vt 0.65625 0.08203000000000005
vt 0.65625 0.07421999999999995
vt 0.66016 0.07421999999999995
vt 0.66016 0.07813000000000003
vt 0.65234 0.07813000000000003
vt 0.65625 0.08203000000000005
vt 0.65234 0.08203000000000005
vt 0.66406 0.2773399999999999
vt 0.69141 0.27344
vt 0.69531 0.2773399999999999
vt 0.69141 0.25
vt 0.69531 0.24609000000000003
vt 0.69531 0.2773399999999999
vt 0.69141 0.25
vt 0.69531 0.2773399999999999
vt 0.69141 0.27344
vt 0.66406 0.2773399999999999
vt 0.66797 0.27344
vt 0.69141 0.27344
vt 0.66406 0.2773399999999999
vt 0.66406 0.24609000000000003
vt 0.66797 0.25
vt 0.66406 0.2773399999999999
vt 0.66797 0.25
vt 0.66797 0.27344
vt 0.69141 0.25
vt 0.66797 0.25
vt 0.66406 0.24609000000000003
vt 0.69141 0.25
vt 0.66406 0.24609000000000003
vt 0.69531 0.24609000000000003
vt 0.66406 0.2773399999999999
vt 0.69141 0.27344
vt 0.69531 0.2773399999999999
vt 0.69141 0.25
vt 0.69531 0.24609000000000003
vt 0.69531 0.2773399999999999
vt 0.69141 0.25
vt 0.69531 0.2773399999999999
vt 0.69141 0.27344
vt 0.66406 0.2773399999999999
vt 0.66797 0.27344
vt 0.69141 0.27344
vt 0.66406 0.2773399999999999
vt 0.66406 0.24609000000000003
vt 0.66797 0.25
vt 0.66406 0.2773399999999999
vt 0.66797 0.25
vt 0.66797 0.27344
vt 0.69141 0.25
vt 0.66797 0.25
vt 0.66406 0.24609000000000003
vt 0.69141 0.25
vt 0.66406 0.24609000000000003
vt 0.69531 0.24609000000000003
vt 0.66797 0.27344
vt 0.69531 0.2773399999999999
vt 0.66406 0.2773399999999999
vt 0.66406 0.2773399999999999
vt 0.66406 0.24609000000000003
vt 0.66797 0.25
vt 0.66406 0.2773399999999999
vt 0.66797 0.25
vt 0.66797 0.27344
vt 0.66797 0.27344
vt 0.69141 0.27344
vt 0.69531 0.2773399999999999
vt 0.69141 0.25
vt 0.69531 0.24609000000000003
vt 0.69531 0.2773399999999999
vt 0.69141 0.25
vt 0.69531 0.2773399999999999
vt 0.69141 0.27344
vt 0.69141 0.25
vt 0.66797 0.25
vt 0.66406 0.24609000000000003
vt 0.69141 0.25
vt 0.66406 0.24609000000000003
vt 0.69531 0.24609000000000003
vt 0.66406 0.2773399999999999
vt 0.69141 0.27344
vt 0.69531 0.2773399999999999
vt 0.69141 0.25
vt 0.69531 0.24609000000000003
vt 0.69531 0.2773399999999999
vt 0.69141 0.25
vt 0.69531 0.2773399999999999
vt 0.69141 0.27344
vt 0.66406 0.2773399999999999
vt 0.66797 0.27344
vt 0.69141 0.27344
vt 0.66406 0.2773399999999999
vt 0.66406 0.24609000000000003
vt 0.66797 0.25
vt 0.66406 0.2773399999999999
vt 0.66797 0.25
vt 0.66797 0.27344
vt 0.69141 0.25
vt 0.66797 0.25
vt 0.66406 0.24609000000000003
vt 0.69141 0.25
vt 0.66406 0.24609000000000003
vt 0.69531 0.24609000000000003
vt 0.69141 0.3085899999999999
vt 0.66406 0.30469
vt 0.69531 0.30469
vt 0.69531 0.30469
vt 0.69531 0.33594
vt 0.69141 0.33203000000000005
vt 0.69531 0.30469
vt 0.69141 0.33203000000000005
vt 0.69141 0.3085899999999999
vt 0.69141 0.3085899999999999
vt 0.66797 0.3085899999999999
vt 0.66406 0.30469
vt 0.66406 0.33594
vt 0.66406 0.30469
vt 0.66797 0.3085899999999999
vt 0.66406 0.33594
vt 0.66797 0.3085899999999999
vt 0.66797 0.33203000000000005
vt 0.66406 0.33594
vt 0.66797 0.33203000000000005
vt 0.69141 0.33203000000000005
vt 0.66406 0.33594
vt 0.69141 0.33203000000000005
vt 0.69531 0.33594
vt 0.67578 0.26953000000000005
vt 0.67188 0.26563000000000003
vt 0.67578 0.26563000000000003
vt 0.67969 0.26563000000000003
vt 0.67578 0.26563000000000003
vt 0.67578 0.26171999999999995
vt 0.67578 0.26953000000000005
vt 0.67188 0.26953000000000005
vt 0.67188 0.26563000000000003
vt 0.67969 0.26563000000000003
vt 0.67578 0.26171999999999995
vt 0.67969 0.26171999999999995
vt 0.67578 0.26953000000000005
vt 0.67188 0.26563000000000003
vt 0.67578 0.26563000000000003
vt 0.67969 0.26563000000000003
vt 0.67578 0.26563000000000003
vt 0.67578 0.26171999999999995
vt 0.67578 0.26953000000000005
vt 0.67188 0.26953000000000005
vt 0.67188 0.26563000000000003
vt 0.67969 0.26563000000000003
vt 0.67578 0.26171999999999995
vt 0.67969 0.26171999999999995
vt 0.67578 0.26953000000000005
vt 0.67188 0.26563000000000003
vt 0.67578 0.26563000000000003
vt 0.67969 0.26563000000000003
vt 0.67578 0.26563000000000003
vt 0.67578 0.26171999999999995
vt 0.67578 0.26953000000000005
vt 0.67188 0.26953000000000005
vt 0.67188 0.26563000000000003
vt 0.67969 0.26563000000000003
vt 0.67578 0.26171999999999995
vt 0.67969 0.26171999999999995
vt 0.67578 0.26953000000000005
vt 0.67188 0.26563000000000003
vt 0.67578 0.26563000000000003
vt 0.67969 0.26563000000000003
vt 0.67578 0.26563000000000003
vt 0.67578 0.26171999999999995
vt 0.67578 0.26953000000000005
vt 0.67188 0.26953000000000005
vt 0.67188 0.26563000000000003
vt 0.67969 0.26563000000000003
vt 0.67578 0.26171999999999995
vt 0.67969 0.26171999999999995
vt 0.66797 0.27344
vt 0.69531 0.2773399999999999
vt 0.66406 0.2773399999999999
vt 0.66406 0.2773399999999999
vt 0.66406 0.24609000000000003
vt 0.66797 0.25
vt 0.66406 0.2773399999999999
vt 0.66797 0.25
vt 0.66797 0.27344
vt 0.66797 0.27344
vt 0.69141 0.27344
vt 0.69531 0.2773399999999999
vt 0.69141 0.25
vt 0.69531 0.24609000000000003
vt 0.69531 0.2773399999999999
vt 0.69141 0.25
vt 0.69531 0.2773399999999999
vt 0.69141 0.27344
vt 0.69141 0.25
vt 0.66797 0.25
vt 0.66406 0.24609000000000003
vt 0.69141 0.25
vt 0.66406 0.24609000000000003
vt 0.69531 0.24609000000000003
vt 0.66406 0.2773399999999999
vt 0.69141 0.27344
vt 0.69531 0.2773399999999999
vt 0.69141 0.25
vt 0.69531 0.24609000000000003
vt 0.69531 0.2773399999999999
vt 0.69141 0.25
vt 0.69531 0.2773399999999999
vt 0.69141 0.27344
vt 0.66406 0.2773399999999999
vt 0.66797 0.27344
vt 0.69141 0.27344
vt 0.66406 0.2773399999999999
vt 0.66406 0.24609000000000003
vt 0.66797 0.25
vt 0.66406 0.2773399999999999
vt 0.66797 0.25
vt 0.66797 0.27344
vt 0.69141 0.25
vt 0.66797 0.25
vt 0.66406 0.24609000000000003
vt 0.69141 0.25
vt 0.66406 0.24609000000000003
vt 0.69531 0.24609000000000003
vt 0.66797 0.27344
vt 0.69531 0.2773399999999999
vt 0.66406 0.2773399999999999
vt 0.66406 0.2773399999999999
vt 0.66406 0.24609000000000003
vt 0.66797 0.25
vt 0.66406 0.2773399999999999
vt 0.66797 0.25
vt 0.66797 0.27344
vt 0.66797 0.27344
vt 0.69141 0.27344
vt 0.69531 0.2773399999999999
vt 0.69141 0.25
vt 0.69531 0.24609000000000003
vt 0.69531 0.2773399999999999
vt 0.69141 0.25
vt 0.69531 0.2773399999999999
vt 0.69141 0.27344
vt 0.69141 0.25
vt 0.66797 0.25
vt 0.66406 0.24609000000000003
vt 0.69141 0.25
vt 0.66406 0.24609000000000003
vt 0.69531 0.24609000000000003
vt 0.66406 0.2773399999999999
vt 0.69141 0.27344
vt 0.69531 0.2773399999999999
vt 0.69141 0.25
vt 0.69531 0.24609000000000003
vt 0.69531 0.2773399999999999
vt 0.69141 0.25
vt 0.69531 0.2773399999999999
vt 0.69141 0.27344
vt 0.66406 0.2773399999999999
vt 0.66797 0.27344
vt 0.69141 0.27344
vt 0.66406 0.2773399999999999
vt 0.66406 0.24609000000000003
vt 0.66797 0.25
vt 0.66406 0.2773399999999999
vt 0.66797 0.25
vt 0.66797 0.27344
vt 0.69141 0.25
vt 0.66797 0.25
vt 0.66406 0.24609000000000003
vt 0.69141 0.25
vt 0.66406 0.24609000000000003
vt 0.69531 0.24609000000000003
vt 0.69531 0.30469
vt 0.66797 0.3085899999999999
vt 0.66406 0.30469
vt 0.66406 0.33594
vt 0.66406 0.30469
vt 0.66797 0.3085899999999999
vt 0.69531 0.30469
vt 0.69141 0.3085899999999999
vt 0.66797 0.3085899999999999
vt 0.69531 0.30469
vt 0.69531 0.33594
vt 0.69141 0.33203000000000005
vt 0.69531 0.30469
vt 0.69141 0.33203000000000005
vt 0.69141 0.3085899999999999
vt 0.66406 0.33594
vt 0.66797 0.3085899999999999
vt 0.66797 0.33203000000000005
vt 0.66406 0.33594
vt 0.66797 0.33203000000000005
vt 0.69141 0.33203000000000005
vt 0.66406 0.33594
vt 0.69141 0.33203000000000005
vt 0.69531 0.33594
vt 0.67578 0.26953000000000005
vt 0.67188 0.26563000000000003
vt 0.67578 0.26563000000000003
vt 0.67578 0.26953000000000005
vt 0.67188 0.26953000000000005
vt 0.67188 0.26563000000000003
vt 0.67969 0.26563000000000003
vt 0.67578 0.26171999999999995
vt 0.67969 0.26171999999999995
vt 0.67969 0.26563000000000003
vt 0.67578 0.26563000000000003
vt 0.67578 0.26171999999999995
vt 0.67578 0.26953000000000005
vt 0.67188 0.26563000000000003
vt 0.67578 0.26563000000000003
vt 0.67969 0.26563000000000003
vt 0.67578 0.26563000000000003
vt 0.67578 0.26171999999999995
vt 0.67578 0.26953000000000005
vt 0.67188 0.26953000000000005
vt 0.67188 0.26563000000000003
vt 0.67969 0.26563000000000003
vt 0.67578 0.26171999999999995
vt 0.67969 0.26171999999999995
vt 0.67578 0.26953000000000005
vt 0.67188 0.26563000000000003
vt 0.67578 0.26563000000000003
vt 0.67969 0.26563000000000003
vt 0.67578 0.26563000000000003
vt 0.67578 0.26171999999999995
vt 0.67578 0.26953000000000005
vt 0.67188 0.26953000000000005
vt 0.67188 0.26563000000000003
vt 0.67969 0.26563000000000003
vt 0.67578 0.26171999999999995
vt 0.67969 0.26171999999999995
vt 0.67578 0.26953000000000005
vt 0.67188 0.26563000000000003
vt 0.67578 0.26563000000000003
vt 0.67578 0.26953000000000005
vt 0.67188 0.26953000000000005
vt 0.67188 0.26563000000000003
vt 0.67969 0.26563000000000003
vt 0.67578 0.26171999999999995
vt 0.67969 0.26171999999999995
vt 0.67969 0.26563000000000003
vt 0.67578 0.26563000000000003
vt 0.67578 0.26171999999999995
vt 0.16406 0.5625
vt 0.17969 0.60938
vt 0.17969 0.5625
vt 0.16406 0.5625
vt 0.16406 0.60938
vt 0.17969 0.60938
vt 0.14844 0.5625
vt 0.16406 0.60938
vt 0.16406 0.5625
vt 0.14844 0.5625
vt 0.14844 0.60938
vt 0.16406 0.60938
vt 0.17969 0.5625
vt 0.16406 0.60938
vt 0.16406 0.5625
vt 0.17969 0.5625
vt 0.17969 0.60938
vt 0.16406 0.60938
vt 0.16406 0.5625
vt 0.14844 0.60938
vt 0.14844 0.5625
vt 0.16406 0.5625
vt 0.16406 0.60938
vt 0.14844 0.60938
vt 0.17969 0.60547
vt 0.16406 0.58984
vt 0.16406 0.60547
vt 0.17969 0.60547
vt 0.17969 0.58984
vt 0.16406 0.58984
vt 0.17969 0.58984
vt 0.16406 0.60547
vt 0.16406 0.58984
vt 0.17969 0.58984
vt 0.17969 0.60547
vt 0.16406 0.60547
vt 0.16406 0.5625
vt 0.17969 0.60938
vt 0.17969 0.5625
vt 0.16406 0.5625
vt 0.16406 0.60938
vt 0.17969 0.60938
vt 0.14844 0.5625
vt 0.16406 0.60938
vt 0.16406 0.5625
vt 0.14844 0.5625
vt 0.14844 0.60938
vt 0.16406 0.60938
vt 0.17969 0.5625
vt 0.16406 0.60938
vt 0.16406 0.5625
vt 0.17969 0.5625
vt 0.17969 0.60938
vt 0.16406 0.60938
vt 0.16406 0.5625
vt 0.14844 0.60938
vt 0.14844 0.5625
vt 0.16406 0.5625
vt 0.16406 0.60938
vt 0.14844 0.60938
vt 0.17969 0.60547
vt 0.16406 0.58984
vt 0.16406 0.60547
vt 0.17969 0.60547
vt 0.17969 0.58984
vt 0.16406 0.58984
vt 0.17969 0.58984
vt 0.16406 0.60547
vt 0.16406 0.58984
vt 0.17969 0.58984
vt 0.17969 0.60547
vt 0.16406 0.60547
vt 0.16406 0.5625
vt 0.17969 0.60938
vt 0.17969 0.5625
vt 0.16406 0.5625
vt 0.16406 0.60938
vt 0.17969 0.60938
vt 0.14844 0.5625
vt 0.16406 0.60938
vt 0.16406 0.5625
vt 0.14844 0.5625
vt 0.14844 0.60938
vt 0.16406 0.60938
vt 0.17969 0.5625
vt 0.16406 0.60938
vt 0.16406 0.5625
vt 0.17969 0.5625
vt 0.17969 0.60938
vt 0.16406 0.60938
vt 0.16406 0.5625
vt 0.14844 0.60938
vt 0.14844 0.5625
vt 0.16406 0.5625
vt 0.16406 0.60938
vt 0.14844 0.60938
vt 0.17969 0.60547
vt 0.16406 0.58984
vt 0.16406 0.60547
vt 0.17969 0.60547
vt 0.17969 0.58984
vt 0.16406 0.58984
vt 0.17969 0.58984
vt 0.16406 0.60547
vt 0.16406 0.58984
vt 0.17969 0.58984
vt 0.17969 0.60547
vt 0.16406 0.60547
vt 0.16406 0.5625
vt 0.17969 0.60938
vt 0.17969 0.5625
vt 0.16406 0.5625
vt 0.16406 0.60938
vt 0.17969 0.60938
vt 0.16406 0.5625
vt 0.14844 0.60938
vt 0.14844 0.5625
vt 0.16406 0.5625
vt 0.16406 0.60938
vt 0.14844 0.60938
vt 0.17969 0.5625
vt 0.16406 0.60938
vt 0.16406 0.5625
vt 0.17969 0.5625
vt 0.17969 0.60938
vt 0.16406 0.60938
vt 0.14844 0.5625
vt 0.16406 0.60938
vt 0.16406 0.5625
vt 0.14844 0.5625
vt 0.14844 0.60938
vt 0.16406 0.60938
vt 0.17969 0.60547
vt 0.16406 0.58984
vt 0.16406 0.60547
vt 0.17969 0.60547
vt 0.17969 0.58984
vt 0.16406 0.58984
vt 0.17969 0.58984
vt 0.16406 0.60547
vt 0.16406 0.58984
vt 0.17969 0.58984
vt 0.17969 0.60547
vt 0.16406 0.60547
vt 0.16406 0.5625
vt 0.17969 0.60938
vt 0.17969 0.5625
vt 0.16406 0.5625
vt 0.16406 0.60938
vt 0.17969 0.60938
vt 0.16406 0.5625
vt 0.14844 0.60938
vt 0.14844 0.5625
vt 0.16406 0.5625
vt 0.16406 0.60938
vt 0.14844 0.60938
vt 0.17969 0.5625
vt 0.16406 0.60938
vt 0.16406 0.5625
vt 0.17969 0.5625
vt 0.17969 0.60938
vt 0.16406 0.60938
vt 0.14844 0.5625
vt 0.16406 0.60938
vt 0.16406 0.5625
vt 0.14844 0.5625
vt 0.14844 0.60938
vt 0.16406 0.60938
vt 0.17969 0.60547
vt 0.16406 0.58984
vt 0.16406 0.60547
vt 0.17969 0.60547
vt 0.17969 0.58984
vt 0.16406 0.58984
vt 0.17969 0.58984
vt 0.16406 0.60547
vt 0.16406 0.58984
vt 0.17969 0.58984
vt 0.17969 0.60547
vt 0.16406 0.60547
vt 0.16406 0.5625
vt 0.17969 0.60938
vt 0.17969 0.5625
vt 0.16406 0.5625
vt 0.16406 0.60938
vt 0.17969 0.60938
vt 0.16406 0.5625
vt 0.14844 0.60938
vt 0.14844 0.5625
vt 0.16406 0.5625
vt 0.16406 0.60938
vt 0.14844 0.60938
vt 0.17969 0.5625
vt 0.16406 0.60938
vt 0.16406 0.5625
vt 0.17969 0.5625
vt 0.17969 0.60938
vt 0.16406 0.60938
vt 0.14844 0.5625
vt 0.16406 0.60938
vt 0.16406 0.5625
vt 0.14844 0.5625
vt 0.14844 0.60938
vt 0.16406 0.60938
vt 0.17969 0.60547
vt 0.16406 0.58984
vt 0.16406 0.60547
vt 0.17969 0.60547
vt 0.17969 0.58984
vt 0.16406 0.58984
vt 0.17969 0.58984
vt 0.16406 0.60547
vt 0.16406 0.58984
vt 0.17969 0.58984
vt 0.17969 0.60547
vt 0.16406 0.60547
vt 0.10938 0.57813
vt 0.125 0.60938
vt 0.125 0.57813
vt 0.10938 0.57813
vt 0.10938 0.60938
vt 0.125 0.60938
vt 0.09375 0.57813
vt 0.10938 0.60938
vt 0.10938 0.57813
vt 0.09375 0.57813
vt 0.09375 0.60938
vt 0.10938 0.60938
vt 0.125 0.57813
vt 0.10938 0.60938
vt 0.10938 0.57813
vt 0.125 0.57813
vt 0.125 0.60938
vt 0.10938 0.60938
vt 0.10938 0.57813
vt 0.09375 0.60938
vt 0.09375 0.57813
vt 0.10938 0.57813
vt 0.10938 0.60938
vt 0.09375 0.60938
vt 0.125 0.60938
vt 0.10938 0.59375
vt 0.10938 0.60938
vt 0.125 0.60938
vt 0.125 0.59375
vt 0.10938 0.59375
vt 0.125 0.59375
vt 0.10938 0.60938
vt 0.10938 0.59375
vt 0.125 0.59375
vt 0.125 0.60938
vt 0.10938 0.60938
vt 0.10938 0.57813
vt 0.125 0.60938
vt 0.125 0.57813
vt 0.10938 0.57813
vt 0.10938 0.60938
vt 0.125 0.60938
vt 0.09375 0.57813
vt 0.10938 0.60938
vt 0.10938 0.57813
vt 0.09375 0.57813
vt 0.09375 0.60938
vt 0.10938 0.60938
vt 0.125 0.57813
vt 0.10938 0.60938
vt 0.10938 0.57813
vt 0.125 0.57813
vt 0.125 0.60938
vt 0.10938 0.60938
vt 0.10938 0.57813
vt 0.09375 0.60938
vt 0.09375 0.57813
vt 0.10938 0.57813
vt 0.10938 0.60938
vt 0.09375 0.60938
vt 0.125 0.60938
vt 0.10938 0.59375
vt 0.10938 0.60938
vt 0.125 0.60938
vt 0.125 0.59375
vt 0.10938 0.59375
vt 0.125 0.59375
vt 0.10938 0.60938
vt 0.10938 0.59375
vt 0.125 0.59375
vt 0.125 0.60938
vt 0.10938 0.60938
vt 0.11328 0.53906
vt 0.12891 0.55469
vt 0.12891 0.53906
vt 0.11328 0.53906
vt 0.11328 0.55469
vt 0.12891 0.55469
vt 0.09766 0.53906
vt 0.11328 0.55469
vt 0.11328 0.53906
vt 0.09766 0.53906
vt 0.09766 0.55469
vt 0.11328 0.55469
vt 0.11328 0.53906
vt 0.12891 0.55469
vt 0.12891 0.53906
vt 0.11328 0.53906
vt 0.11328 0.55469
vt 0.12891 0.55469
vt 0.11328 0.53906
vt 0.12891 0.55469
vt 0.12891 0.53906
vt 0.11328 0.53906
vt 0.11328 0.55469
vt 0.12891 0.55469
vt 0.12891 0.55469
vt 0.11328 0.53906
vt 0.11328 0.55469
vt 0.12891 0.55469
vt 0.12891 0.53906
vt 0.11328 0.53906
vt 0.12891 0.53906
vt 0.11328 0.55469
vt 0.11328 0.53906
vt 0.12891 0.53906
vt 0.12891 0.55469
vt 0.11328 0.55469
vt 0.10938 0.57813
vt 0.125 0.60938
vt 0.125 0.57813
vt 0.10938 0.57813
vt 0.10938 0.60938
vt 0.125 0.60938
vt 0.09375 0.57813
vt 0.10938 0.60938
vt 0.10938 0.57813
vt 0.09375 0.57813
vt 0.09375 0.60938
vt 0.10938 0.60938
vt 0.125 0.57813
vt 0.10938 0.60938
vt 0.10938 0.57813
vt 0.125 0.57813
vt 0.125 0.60938
vt 0.10938 0.60938
vt 0.10938 0.57813
vt 0.09375 0.60938
vt 0.09375 0.57813
vt 0.10938 0.57813
vt 0.10938 0.60938
vt 0.09375 0.60938
vt 0.125 0.60938
vt 0.10938 0.59375
vt 0.10938 0.60938
vt 0.125 0.60938
vt 0.125 0.59375
vt 0.10938 0.59375
vt 0.125 0.59375
vt 0.10938 0.60938
vt 0.10938 0.59375
vt 0.125 0.59375
vt 0.125 0.60938
vt 0.10938 0.60938
vt 0.28516 0.54297
vt 0.30078 0.55859
vt 0.30078 0.54297
vt 0.28516 0.54297
vt 0.28516 0.55859
vt 0.30078 0.55859
vt 0.28516 0.54297
vt 0.26953 0.55859
vt 0.26953 0.54297
vt 0.28516 0.54297
vt 0.28516 0.55859
vt 0.26953 0.55859
vt 0.30078 0.54297
vt 0.28516 0.55859
vt 0.28516 0.54297
vt 0.30078 0.54297
vt 0.30078 0.55859
vt 0.28516 0.55859
vt 0.26953 0.54297
vt 0.28516 0.55859
vt 0.28516 0.54297
vt 0.26953 0.54297
vt 0.26953 0.55859
vt 0.28516 0.55859
vt 0.30078 0.55859
vt 0.28516 0.54297
vt 0.28516 0.55859
vt 0.30078 0.55859
vt 0.30078 0.54297
vt 0.28516 0.54297
vt 0.30078 0.54297
vt 0.28516 0.55859
vt 0.28516 0.54297
vt 0.30078 0.54297
vt 0.30078 0.55859
vt 0.28516 0.55859
vt 0.28516 0.54297
vt 0.30078 0.55859
vt 0.30078 0.54297
vt 0.28516 0.54297
vt 0.28516 0.55859
vt 0.30078 0.55859
vt 0.28516 0.54297
vt 0.26953 0.55859
vt 0.26953 0.54297
vt 0.28516 0.54297
vt 0.28516 0.55859
vt 0.26953 0.55859
vt 0.30078 0.54297
vt 0.28516 0.55859
vt 0.28516 0.54297
vt 0.30078 0.54297
vt 0.30078 0.55859
vt 0.28516 0.55859
vt 0.26953 0.54297
vt 0.28516 0.55859
vt 0.28516 0.54297
vt 0.26953 0.54297
vt 0.26953 0.55859
vt 0.28516 0.55859
vt 0.30078 0.55859
vt 0.28516 0.54297
vt 0.28516 0.55859
vt 0.30078 0.55859
vt 0.30078 0.54297
vt 0.28516 0.54297
vt 0.30078 0.54297
vt 0.28516 0.55859
vt 0.28516 0.54297
vt 0.30078 0.54297
vt 0.30078 0.55859
vt 0.28516 0.55859
vt 0.10938 0.57813
vt 0.125 0.60938
vt 0.125 0.57813
vt 0.10938 0.57813
vt 0.10938 0.60938
vt 0.125 0.60938
vt 0.10938 0.57813
vt 0.09375 0.60938
vt 0.09375 0.57813
vt 0.10938 0.57813
vt 0.10938 0.60938
vt 0.09375 0.60938
vt 0.125 0.57813
vt 0.10938 0.60938
vt 0.10938 0.57813
vt 0.125 0.57813
vt 0.125 0.60938
vt 0.10938 0.60938
vt 0.09375 0.57813
vt 0.10938 0.60938
vt 0.10938 0.57813
vt 0.09375 0.57813
vt 0.09375 0.60938
vt 0.10938 0.60938
vt 0.125 0.60938
vt 0.10938 0.59375
vt 0.10938 0.60938
vt 0.125 0.60938
vt 0.125 0.59375
vt 0.10938 0.59375
vt 0.125 0.59375
vt 0.10938 0.60938
vt 0.10938 0.59375
vt 0.125 0.59375
vt 0.125 0.60938
vt 0.10938 0.60938
vt 0.10938 0.57813
vt 0.125 0.60938
vt 0.125 0.57813
vt 0.10938 0.57813
vt 0.10938 0.60938
vt 0.125 0.60938
vt 0.09375 0.57813
vt 0.10938 0.60938
vt 0.10938 0.57813
vt 0.09375 0.57813
vt 0.09375 0.60938
vt 0.10938 0.60938
vt 0.125 0.57813
vt 0.10938 0.60938
vt 0.10938 0.57813
vt 0.125 0.57813
vt 0.125 0.60938
vt 0.10938 0.60938
vt 0.10938 0.57813
vt 0.09375 0.60938
vt 0.09375 0.57813
vt 0.10938 0.57813
vt 0.10938 0.60938
vt 0.09375 0.60938
vt 0.125 0.60938
vt 0.10938 0.59375
vt 0.10938 0.60938
vt 0.125 0.60938
vt 0.125 0.59375
vt 0.10938 0.59375
vt 0.125 0.59375
vt 0.10938 0.60938
vt 0.10938 0.59375
vt 0.125 0.59375
vt 0.125 0.60938
vt 0.10938 0.60938
vt 0.28516 0.54297
vt 0.30078 0.55859
vt 0.30078 0.54297
vt 0.28516 0.54297
vt 0.28516 0.55859
vt 0.30078 0.55859
vt 0.26953 0.54297
vt 0.28516 0.55859
vt 0.28516 0.54297
vt 0.26953 0.54297
vt 0.26953 0.55859
vt 0.28516 0.55859
vt 0.30078 0.54297
vt 0.28516 0.55859
vt 0.28516 0.54297
vt 0.30078 0.54297
vt 0.30078 0.55859
vt 0.28516 0.55859
vt 0.28516 0.54297
vt 0.26953 0.55859
vt 0.26953 0.54297
vt 0.28516 0.54297
vt 0.28516 0.55859
vt 0.26953 0.55859
vt 0.30078 0.55859
vt 0.28516 0.54297
vt 0.28516 0.55859
vt 0.30078 0.55859
vt 0.30078 0.54297
vt 0.28516 0.54297
vt 0.30078 0.54297
vt 0.28516 0.55859
vt 0.28516 0.54297
vt 0.30078 0.54297
vt 0.30078 0.55859
vt 0.28516 0.55859
vt 0.28516 0.54297
vt 0.30078 0.55859
vt 0.30078 0.54297
vt 0.28516 0.54297
vt 0.28516 0.55859
vt 0.30078 0.55859
vt 0.26953 0.54297
vt 0.28516 0.55859
vt 0.28516 0.54297
vt 0.26953 0.54297
vt 0.26953 0.55859
vt 0.28516 0.55859
vt 0.30078 0.54297
vt 0.28516 0.55859
vt 0.28516 0.54297
vt 0.30078 0.54297
vt 0.30078 0.55859
vt 0.28516 0.55859
vt 0.28516 0.54297
vt 0.26953 0.55859
vt 0.26953 0.54297
vt 0.28516 0.54297
vt 0.28516 0.55859
vt 0.26953 0.55859
vt 0.30078 0.55859
vt 0.28516 0.54297
vt 0.28516 0.55859
vt 0.30078 0.55859
vt 0.30078 0.54297
vt 0.28516 0.54297
vt 0.30078 0.54297
vt 0.28516 0.55859
vt 0.28516 0.54297
vt 0.30078 0.54297
vt 0.30078 0.55859
vt 0.28516 0.55859
vt 0.28516 0.54297
vt 0.30078 0.55859
vt 0.30078 0.54297
vt 0.28516 0.54297
vt 0.28516 0.55859
vt 0.30078 0.55859
vt 0.26953 0.54297
vt 0.28516 0.55859
vt 0.28516 0.54297
vt 0.26953 0.54297
vt 0.26953 0.55859
vt 0.28516 0.55859
vt 0.30078 0.54297
vt 0.28516 0.55859
vt 0.28516 0.54297
vt 0.30078 0.54297
vt 0.30078 0.55859
vt 0.28516 0.55859
vt 0.28516 0.54297
vt 0.26953 0.55859
vt 0.26953 0.54297
vt 0.28516 0.54297
vt 0.28516 0.55859
vt 0.26953 0.55859
vt 0.30078 0.55859
vt 0.28516 0.54297
vt 0.28516 0.55859
vt 0.30078 0.55859
vt 0.30078 0.54297
vt 0.28516 0.54297
vt 0.30078 0.54297
vt 0.28516 0.55859
vt 0.28516 0.54297
vt 0.30078 0.54297
vt 0.30078 0.55859
vt 0.28516 0.55859
vt 0.10938 0.57813
vt 0.125 0.60938
vt 0.125 0.57813
vt 0.10938 0.57813
vt 0.10938 0.60938
vt 0.125 0.60938
vt 0.09375 0.57813
vt 0.10938 0.60938
vt 0.10938 0.57813
vt 0.09375 0.57813
vt 0.09375 0.60938
vt 0.10938 0.60938
vt 0.125 0.57813
vt 0.10938 0.60938
vt 0.10938 0.57813
vt 0.125 0.57813
vt 0.125 0.60938
vt 0.10938 0.60938
vt 0.10938 0.57813
vt 0.09375 0.60938
vt 0.09375 0.57813
vt 0.10938 0.57813
vt 0.10938 0.60938
vt 0.09375 0.60938
vt 0.125 0.60938
vt 0.10938 0.59375
vt 0.10938 0.60938
vt 0.125 0.60938
vt 0.125 0.59375
vt 0.10938 0.59375
vt 0.125 0.59375
vt 0.10938 0.60938
vt 0.10938 0.59375
vt 0.125 0.59375
vt 0.125 0.60938
vt 0.10938 0.60938
vt 0.28516 0.54297
vt 0.30078 0.55859
vt 0.30078 0.54297
vt 0.28516 0.54297
vt 0.28516 0.55859
vt 0.30078 0.55859
vt 0.26953 0.54297
vt 0.28516 0.55859
vt 0.28516 0.54297
vt 0.26953 0.54297
vt 0.26953 0.55859
vt 0.28516 0.55859
vt 0.30078 0.54297
vt 0.28516 0.55859
vt 0.28516 0.54297
vt 0.30078 0.54297
vt 0.30078 0.55859
vt 0.28516 0.55859
vt 0.28516 0.54297
vt 0.26953 0.55859
vt 0.26953 0.54297
vt 0.28516 0.54297
vt 0.28516 0.55859
vt 0.26953 0.55859
vt 0.30078 0.55859
vt 0.28516 0.54297
vt 0.28516 0.55859
vt 0.30078 0.55859
vt 0.30078 0.54297
vt 0.28516 0.54297
vt 0.30078 0.54297
vt 0.28516 0.55859
vt 0.28516 0.54297
vt 0.30078 0.54297
vt 0.30078 0.55859
vt 0.28516 0.55859
vt 0.22656 0.58203
vt 0.24219 0.61328
vt 0.24219 0.58203
vt 0.22656 0.58203
vt 0.22656 0.61328
vt 0.24219 0.61328
vt 0.19531 0.58203
vt 0.22656 0.61328
vt 0.22656 0.58203
vt 0.19531 0.58203
vt 0.19531 0.61328
vt 0.22656 0.61328
vt 0.24219 0.58203
vt 0.22656 0.61328
vt 0.22656 0.58203
vt 0.24219 0.58203
vt 0.24219 0.61328
vt 0.22656 0.61328
vt 0.22656 0.58203
vt 0.19531 0.61328
vt 0.19531 0.58203
vt 0.22656 0.58203
vt 0.22656 0.61328
vt 0.19531 0.61328
vt 0.24219 0.61328
vt 0.22656 0.58203
vt 0.22656 0.61328
vt 0.24219 0.61328
vt 0.24219 0.58203
vt 0.22656 0.58203
vt 0.24219 0.58203
vt 0.22656 0.61328
vt 0.22656 0.58203
vt 0.24219 0.58203
vt 0.24219 0.61328
vt 0.22656 0.61328
vt 0.11719 0.82031
vt 0.13281 0.85156
vt 0.13281 0.82031
vt 0.11719 0.82031
vt 0.11719 0.85156
vt 0.13281 0.85156
vt 0.10156 0.82031
vt 0.11719 0.85156
vt 0.11719 0.82031
vt 0.10156 0.82031
vt 0.10156 0.85156
vt 0.11719 0.85156
vt 0.13281 0.82031
vt 0.11719 0.85156
vt 0.11719 0.82031
vt 0.13281 0.82031
vt 0.13281 0.85156
vt 0.11719 0.85156
vt 0.11719 0.82031
vt 0.10156 0.85156
vt 0.10156 0.82031
vt 0.11719 0.82031
vt 0.11719 0.85156
vt 0.10156 0.85156
vt 0.13281 0.86719
vt 0.11719 0.85156
vt 0.11719 0.86719
vt 0.13281 0.86719
vt 0.13281 0.85156
vt 0.11719 0.85156
vt 0.13281 0.85156
vt 0.11719 0.86719
vt 0.11719 0.85156
vt 0.13281 0.85156
vt 0.13281 0.86719
vt 0.11719 0.86719
vt 0.11719 0.82031
vt 0.13281 0.85156
vt 0.13281 0.82031
vt 0.11719 0.82031
vt 0.11719 0.85156
vt 0.13281 0.85156
vt 0.10156 0.85156
vt 0.11719 0.82031
vt 0.11719 0.85156
vt 0.10156 0.85156
vt 0.10156 0.82031
vt 0.11719 0.82031
vt 0.13281 0.82031
vt 0.11719 0.85156
vt 0.11719 0.82031
vt 0.13281 0.82031
vt 0.13281 0.85156
vt 0.11719 0.85156
vt 0.11719 0.85156
vt 0.10156 0.82031
vt 0.10156 0.85156
vt 0.11719 0.85156
vt 0.11719 0.82031
vt 0.10156 0.82031
vt 0.13281 0.86719
vt 0.11719 0.85156
vt 0.11719 0.86719
vt 0.13281 0.86719
vt 0.13281 0.85156
vt 0.11719 0.85156
vt 0.13281 0.85156
vt 0.11719 0.86719
vt 0.11719 0.85156
vt 0.13281 0.85156
vt 0.13281 0.86719
vt 0.11719 0.86719
vt 0.11719 0.82031
vt 0.13281 0.85156
vt 0.13281 0.82031
vt 0.11719 0.82031
vt 0.11719 0.85156
vt 0.13281 0.85156
vt 0.11719 0.82031
vt 0.10156 0.85156
vt 0.10156 0.82031
vt 0.11719 0.82031
vt 0.11719 0.85156
vt 0.10156 0.85156
vt 0.13281 0.82031
vt 0.11719 0.85156
vt 0.11719 0.82031
vt 0.13281 0.82031
vt 0.13281 0.85156
vt 0.11719 0.85156
vt 0.10156 0.82031
vt 0.11719 0.85156
vt 0.11719 0.82031
vt 0.10156 0.82031
vt 0.10156 0.85156
vt 0.11719 0.85156
vt 0.13281 0.86719
vt 0.11719 0.85156
vt 0.11719 0.86719
vt 0.13281 0.86719
vt 0.13281 0.85156
vt 0.11719 0.85156
vt 0.13281 0.85156
vt 0.11719 0.86719
vt 0.11719 0.85156
vt 0.13281 0.85156
vt 0.13281 0.86719
vt 0.11719 0.86719
vt 0.11719 0.82031
vt 0.13281 0.85156
vt 0.13281 0.82031
vt 0.11719 0.82031
vt 0.11719 0.85156
vt 0.13281 0.85156
vt 0.10156 0.82031
vt 0.11719 0.85156
vt 0.11719 0.82031
vt 0.10156 0.82031
vt 0.10156 0.85156
vt 0.11719 0.85156
vt 0.13281 0.82031
vt 0.11719 0.85156
vt 0.11719 0.82031
vt 0.13281 0.82031
vt 0.13281 0.85156
vt 0.11719 0.85156
vt 0.11719 0.82031
vt 0.10156 0.85156
vt 0.10156 0.82031
vt 0.11719 0.82031
vt 0.11719 0.85156
vt 0.10156 0.85156
vt 0.13281 0.86719
vt 0.11719 0.85156
vt 0.11719 0.86719
vt 0.13281 0.86719
vt 0.13281 0.85156
vt 0.11719 0.85156
vt 0.13281 0.85156
vt 0.11719 0.86719
vt 0.11719 0.85156
vt 0.13281 0.85156
vt 0.13281 0.86719
vt 0.11719 0.86719
vt 0.11328 0.53906
vt 0.12891 0.55469
vt 0.12891 0.53906
vt 0.11328 0.53906
vt 0.11328 0.55469
vt 0.12891 0.55469
vt 0.09766 0.53906
vt 0.11328 0.55469
vt 0.11328 0.53906
vt 0.09766 0.53906
vt 0.09766 0.55469
vt 0.11328 0.55469
vt 0.11328 0.53906
vt 0.12891 0.55469
vt 0.12891 0.53906
vt 0.11328 0.53906
vt 0.11328 0.55469
vt 0.12891 0.55469
vt 0.11328 0.53906
vt 0.12891 0.55469
vt 0.12891 0.53906
vt 0.11328 0.53906
vt 0.11328 0.55469
vt 0.12891 0.55469
vt 0.12891 0.55469
vt 0.11328 0.53906
vt 0.11328 0.55469
vt 0.12891 0.55469
vt 0.12891 0.53906
vt 0.11328 0.53906
vt 0.12891 0.53906
vt 0.11328 0.55469
vt 0.11328 0.53906
vt 0.12891 0.53906
vt 0.12891 0.55469
vt 0.11328 0.55469
vt 0.11328 0.53906
vt 0.12891 0.55469
vt 0.12891 0.53906
vt 0.11328 0.53906
vt 0.11328 0.55469
vt 0.12891 0.55469
vt 0.09766 0.53906
vt 0.11328 0.55469
vt 0.11328 0.53906
vt 0.09766 0.53906
vt 0.09766 0.55469
vt 0.11328 0.55469
vt 0.11328 0.53906
vt 0.12891 0.55469
vt 0.12891 0.53906
vt 0.11328 0.53906
vt 0.11328 0.55469
vt 0.12891 0.55469
vt 0.11328 0.53906
vt 0.12891 0.55469
vt 0.12891 0.53906
vt 0.11328 0.53906
vt 0.11328 0.55469
vt 0.12891 0.55469
vt 0.12891 0.55469
vt 0.11328 0.53906
vt 0.11328 0.55469
vt 0.12891 0.55469
vt 0.12891 0.53906
vt 0.11328 0.53906
vt 0.12891 0.53906
vt 0.11328 0.55469
vt 0.11328 0.53906
vt 0.12891 0.53906
vt 0.12891 0.55469
vt 0.11328 0.55469
vt 0.11328 0.53906
vt 0.12891 0.55469
vt 0.12891 0.53906
vt 0.11328 0.53906
vt 0.11328 0.55469
vt 0.12891 0.55469
vt 0.09766 0.53906
vt 0.11328 0.55469
vt 0.11328 0.53906
vt 0.09766 0.53906
vt 0.09766 0.55469
vt 0.11328 0.55469
vt 0.11328 0.53906
vt 0.12891 0.55469
vt 0.12891 0.53906
vt 0.11328 0.53906
vt 0.11328 0.55469
vt 0.12891 0.55469
vt 0.11328 0.53906
vt 0.12891 0.55469
vt 0.12891 0.53906
vt 0.11328 0.53906
vt 0.11328 0.55469
vt 0.12891 0.55469
vt 0.12891 0.55469
vt 0.11328 0.53906
vt 0.11328 0.55469
vt 0.12891 0.55469
vt 0.12891 0.53906
vt 0.11328 0.53906
vt 0.12891 0.53906
vt 0.11328 0.55469
vt 0.11328 0.53906
vt 0.12891 0.53906
vt 0.12891 0.55469
vt 0.11328 0.55469
vt 0.11328 0.53906
vt 0.12891 0.55469
vt 0.12891 0.53906
vt 0.11328 0.53906
vt 0.11328 0.55469
vt 0.12891 0.55469
vt 0.09766 0.53906
vt 0.11328 0.55469
vt 0.11328 0.53906
vt 0.09766 0.53906
vt 0.09766 0.55469
vt 0.11328 0.55469
vt 0.11328 0.53906
vt 0.12891 0.55469
vt 0.12891 0.53906
vt 0.11328 0.53906
vt 0.11328 0.55469
vt 0.12891 0.55469
vt 0.11328 0.53906
vt 0.12891 0.55469
vt 0.12891 0.53906
vt 0.11328 0.53906
vt 0.11328 0.55469
vt 0.12891 0.55469
vt 0.12891 0.55469
vt 0.11328 0.53906
vt 0.11328 0.55469
vt 0.12891 0.55469
vt 0.12891 0.53906
vt 0.11328 0.53906
vt 0.12891 0.53906
vt 0.11328 0.55469
vt 0.11328 0.53906
vt 0.12891 0.53906
vt 0.12891 0.55469
vt 0.11328 0.55469
vt 0.11328 0.53906
vt 0.12891 0.55469
vt 0.12891 0.53906
vt 0.11328 0.53906
vt 0.11328 0.55469
vt 0.12891 0.55469
vt 0.09766 0.53906
vt 0.11328 0.55469
vt 0.11328 0.53906
vt 0.09766 0.53906
vt 0.09766 0.55469
vt 0.11328 0.55469
vt 0.11328 0.53906
vt 0.12891 0.55469
vt 0.12891 0.53906
vt 0.11328 0.53906
vt 0.11328 0.55469
vt 0.12891 0.55469
vt 0.11328 0.53906
vt 0.12891 0.55469
vt 0.12891 0.53906
vt 0.11328 0.53906
vt 0.11328 0.55469
vt 0.12891 0.55469
vt 0.12891 0.55469
vt 0.11328 0.53906
vt 0.11328 0.55469
vt 0.12891 0.55469
vt 0.12891 0.53906
vt 0.11328 0.53906
vt 0.12891 0.53906
vt 0.11328 0.55469
vt 0.11328 0.53906
vt 0.12891 0.53906
vt 0.12891 0.55469
vt 0.11328 0.55469
vt 0.17969 0.60938
vt 0.16406 0.5625
vt 0.17969 0.5625
vt 0.17969 0.60938
vt 0.16406 0.60938
vt 0.16406 0.5625
vt 0.16406 0.60938
vt 0.14844 0.5625
vt 0.16406 0.5625
vt 0.16406 0.60938
vt 0.14844 0.60938
vt 0.14844 0.5625
vt 0.16406 0.60938
vt 0.17969 0.5625
vt 0.16406 0.5625
vt 0.16406 0.60938
vt 0.17969 0.60938
vt 0.17969 0.5625
vt 0.14844 0.60938
vt 0.16406 0.5625
vt 0.14844 0.5625
vt 0.14844 0.60938
vt 0.16406 0.60938
vt 0.16406 0.5625
vt 0.16406 0.58984
vt 0.17969 0.60547
vt 0.16406 0.60547
vt 0.16406 0.58984
vt 0.17969 0.58984
vt 0.17969 0.60547
vt 0.16406 0.60547
vt 0.17969 0.58984
vt 0.16406 0.58984
vt 0.16406 0.60547
vt 0.17969 0.60547
vt 0.17969 0.58984
vt 0.17969 0.60938
vt 0.16406 0.5625
vt 0.17969 0.5625
vt 0.17969 0.60938
vt 0.16406 0.60938
vt 0.16406 0.5625
vt 0.16406 0.60938
vt 0.14844 0.5625
vt 0.16406 0.5625
vt 0.16406 0.60938
vt 0.14844 0.60938
vt 0.14844 0.5625
vt 0.16406 0.60938
vt 0.17969 0.5625
vt 0.16406 0.5625
vt 0.16406 0.60938
vt 0.17969 0.60938
vt 0.17969 0.5625
vt 0.14844 0.60938
vt 0.16406 0.5625
vt 0.14844 0.5625
vt 0.14844 0.60938
vt 0.16406 0.60938
vt 0.16406 0.5625
vt 0.16406 0.58984
vt 0.17969 0.60547
vt 0.16406 0.60547
vt 0.16406 0.58984
vt 0.17969 0.58984
vt 0.17969 0.60547
vt 0.16406 0.60547
vt 0.17969 0.58984
vt 0.16406 0.58984
vt 0.16406 0.60547
vt 0.17969 0.60547
vt 0.17969 0.58984
vt 0.17969 0.60938
vt 0.16406 0.5625
vt 0.17969 0.5625
vt 0.17969 0.60938
vt 0.16406 0.60938
vt 0.16406 0.5625
vt 0.16406 0.60938
vt 0.14844 0.5625
vt 0.16406 0.5625
vt 0.16406 0.60938
vt 0.14844 0.60938
vt 0.14844 0.5625
vt 0.16406 0.60938
vt 0.17969 0.5625
vt 0.16406 0.5625
vt 0.16406 0.60938
vt 0.17969 0.60938
vt 0.17969 0.5625
vt 0.14844 0.60938
vt 0.16406 0.5625
vt 0.14844 0.5625
vt 0.14844 0.60938
vt 0.16406 0.60938
vt 0.16406 0.5625
vt 0.16406 0.58984
vt 0.17969 0.60547
vt 0.16406 0.60547
vt 0.16406 0.58984
vt 0.17969 0.58984
vt 0.17969 0.60547
vt 0.16406 0.60547
vt 0.17969 0.58984
vt 0.16406 0.58984
vt 0.16406 0.60547
vt 0.17969 0.60547
vt 0.17969 0.58984
vt 0.17969 0.60938
vt 0.16406 0.5625
vt 0.17969 0.5625
vt 0.17969 0.60938
vt 0.16406 0.60938
vt 0.16406 0.5625
vt 0.14844 0.60938
vt 0.16406 0.5625
vt 0.14844 0.5625
vt 0.14844 0.60938
vt 0.16406 0.60938
vt 0.16406 0.5625
vt 0.16406 0.60938
vt 0.17969 0.5625
vt 0.16406 0.5625
vt 0.16406 0.60938
vt 0.17969 0.60938
vt 0.17969 0.5625
vt 0.16406 0.60938
vt 0.14844 0.5625
vt 0.16406 0.5625
vt 0.16406 0.60938
vt 0.14844 0.60938
vt 0.14844 0.5625
vt 0.16406 0.58984
vt 0.17969 0.60547
vt 0.16406 0.60547
vt 0.16406 0.58984
vt 0.17969 0.58984
vt 0.17969 0.60547
vt 0.16406 0.60547
vt 0.17969 0.58984
vt 0.16406 0.58984
vt 0.16406 0.60547
vt 0.17969 0.60547
vt 0.17969 0.58984
vt 0.17969 0.60938
vt 0.16406 0.5625
vt 0.17969 0.5625
vt 0.17969 0.60938
vt 0.16406 0.60938
vt 0.16406 0.5625
vt 0.14844 0.60938
vt 0.16406 0.5625
vt 0.14844 0.5625
vt 0.14844 0.60938
vt 0.16406 0.60938
vt 0.16406 0.5625
vt 0.16406 0.60938
vt 0.17969 0.5625
vt 0.16406 0.5625
vt 0.16406 0.60938
vt 0.17969 0.60938
vt 0.17969 0.5625
vt 0.16406 0.60938
vt 0.14844 0.5625
vt 0.16406 0.5625
vt 0.16406 0.60938
vt 0.14844 0.60938
vt 0.14844 0.5625
vt 0.16406 0.58984
vt 0.17969 0.60547
vt 0.16406 0.60547
vt 0.16406 0.58984
vt 0.17969 0.58984
vt 0.17969 0.60547
vt 0.16406 0.60547
vt 0.17969 0.58984
vt 0.16406 0.58984
vt 0.16406 0.60547
vt 0.17969 0.60547
vt 0.17969 0.58984
vt 0.17969 0.60938
vt 0.16406 0.5625
vt 0.17969 0.5625
vt 0.17969 0.60938
vt 0.16406 0.60938
vt 0.16406 0.5625
vt 0.14844 0.60938
vt 0.16406 0.5625
vt 0.14844 0.5625
vt 0.14844 0.60938
vt 0.16406 0.60938
vt 0.16406 0.5625
vt 0.16406 0.60938
vt 0.17969 0.5625
vt 0.16406 0.5625
vt 0.16406 0.60938
vt 0.17969 0.60938
vt 0.17969 0.5625
vt 0.16406 0.60938
vt 0.14844 0.5625
vt 0.16406 0.5625
vt 0.16406 0.60938
vt 0.14844 0.60938
vt 0.14844 0.5625
vt 0.16406 0.58984
vt 0.17969 0.60547
vt 0.16406 0.60547
vt 0.16406 0.58984
vt 0.17969 0.58984
vt 0.17969 0.60547
vt 0.16406 0.60547
vt 0.17969 0.58984
vt 0.16406 0.58984
vt 0.16406 0.60547
vt 0.17969 0.60547
vt 0.17969 0.58984
vt 0.125 0.60938
vt 0.10938 0.57813
vt 0.125 0.57813
vt 0.125 0.60938
vt 0.10938 0.60938
vt 0.10938 0.57813
vt 0.10938 0.60938
vt 0.09375 0.57813
vt 0.10938 0.57813
vt 0.10938 0.60938
vt 0.09375 0.60938
vt 0.09375 0.57813
vt 0.10938 0.60938
vt 0.125 0.57813
vt 0.10938 0.57813
vt 0.10938 0.60938
vt 0.125 0.60938
vt 0.125 0.57813
vt 0.09375 0.60938
vt 0.10938 0.57813
vt 0.09375 0.57813
vt 0.09375 0.60938
vt 0.10938 0.60938
vt 0.10938 0.57813
vt 0.10938 0.59375
vt 0.125 0.60938
vt 0.10938 0.60938
vt 0.10938 0.59375
vt 0.125 0.59375
vt 0.125 0.60938
vt 0.10938 0.60938
vt 0.125 0.59375
vt 0.10938 0.59375
vt 0.10938 0.60938
vt 0.125 0.60938
vt 0.125 0.59375
vt 0.125 0.60938
vt 0.10938 0.57813
vt 0.125 0.57813
vt 0.125 0.60938
vt 0.10938 0.60938
vt 0.10938 0.57813
vt 0.10938 0.60938
vt 0.09375 0.57813
vt 0.10938 0.57813
vt 0.10938 0.60938
vt 0.09375 0.60938
vt 0.09375 0.57813
vt 0.10938 0.60938
vt 0.125 0.57813
vt 0.10938 0.57813
vt 0.10938 0.60938
vt 0.125 0.60938
vt 0.125 0.57813
vt 0.09375 0.60938
vt 0.10938 0.57813
vt 0.09375 0.57813
vt 0.09375 0.60938
vt 0.10938 0.60938
vt 0.10938 0.57813
vt 0.10938 0.59375
vt 0.125 0.60938
vt 0.10938 0.60938
vt 0.10938 0.59375
vt 0.125 0.59375
vt 0.125 0.60938
vt 0.10938 0.60938
vt 0.125 0.59375
vt 0.10938 0.59375
vt 0.10938 0.60938
vt 0.125 0.60938
vt 0.125 0.59375
vt 0.12891 0.55469
vt 0.11328 0.53906
vt 0.12891 0.53906
vt 0.12891 0.55469
vt 0.11328 0.55469
vt 0.11328 0.53906
vt 0.11328 0.55469
vt 0.09766 0.53906
vt 0.11328 0.53906
vt 0.11328 0.55469
vt 0.09766 0.55469
vt 0.09766 0.53906
vt 0.12891 0.55469
vt 0.11328 0.53906
vt 0.12891 0.53906
vt 0.12891 0.55469
vt 0.11328 0.55469
vt 0.11328 0.53906
vt 0.12891 0.55469
vt 0.11328 0.53906
vt 0.12891 0.53906
vt 0.12891 0.55469
vt 0.11328 0.55469
vt 0.11328 0.53906
vt 0.11328 0.53906
vt 0.12891 0.55469
vt 0.11328 0.55469
vt 0.11328 0.53906
vt 0.12891 0.53906
vt 0.12891 0.55469
vt 0.11328 0.55469
vt 0.12891 0.53906
vt 0.11328 0.53906
vt 0.11328 0.55469
vt 0.12891 0.55469
vt 0.12891 0.53906
vt 0.125 0.60938
vt 0.10938 0.57813
vt 0.125 0.57813
vt 0.125 0.60938
vt 0.10938 0.60938
vt 0.10938 0.57813
vt 0.10938 0.60938
vt 0.09375 0.57813
vt 0.10938 0.57813
vt 0.10938 0.60938
vt 0.09375 0.60938
vt 0.09375 0.57813
vt 0.10938 0.60938
vt 0.125 0.57813
vt 0.10938 0.57813
vt 0.10938 0.60938
vt 0.125 0.60938
vt 0.125 0.57813
vt 0.09375 0.60938
vt 0.10938 0.57813
vt 0.09375 0.57813
vt 0.09375 0.60938
vt 0.10938 0.60938
vt 0.10938 0.57813
vt 0.10938 0.59375
vt 0.125 0.60938
vt 0.10938 0.60938
vt 0.10938 0.59375
vt 0.125 0.59375
vt 0.125 0.60938
vt 0.10938 0.60938
vt 0.125 0.59375
vt 0.10938 0.59375
vt 0.10938 0.60938
vt 0.125 0.60938
vt 0.125 0.59375
vt 0.30078 0.55859
vt 0.28516 0.54297
vt 0.30078 0.54297
vt 0.30078 0.55859
vt 0.28516 0.55859
vt 0.28516 0.54297
vt 0.26953 0.55859
vt 0.28516 0.54297
vt 0.26953 0.54297
vt 0.26953 0.55859
vt 0.28516 0.55859
vt 0.28516 0.54297
vt 0.28516 0.55859
vt 0.30078 0.54297
vt 0.28516 0.54297
vt 0.28516 0.55859
vt 0.30078 0.55859
vt 0.30078 0.54297
vt 0.28516 0.55859
vt 0.26953 0.54297
vt 0.28516 0.54297
vt 0.28516 0.55859
vt 0.26953 0.55859
vt 0.26953 0.54297
vt 0.28516 0.54297
vt 0.30078 0.55859
vt 0.28516 0.55859
vt 0.28516 0.54297
vt 0.30078 0.54297
vt 0.30078 0.55859
vt 0.28516 0.55859
vt 0.30078 0.54297
vt 0.28516 0.54297
vt 0.28516 0.55859
vt 0.30078 0.55859
vt 0.30078 0.54297
vt 0.30078 0.55859
vt 0.28516 0.54297
vt 0.30078 0.54297
vt 0.30078 0.55859
vt 0.28516 0.55859
vt 0.28516 0.54297
vt 0.26953 0.55859
vt 0.28516 0.54297
vt 0.26953 0.54297
vt 0.26953 0.55859
vt 0.28516 0.55859
vt 0.28516 0.54297
vt 0.28516 0.55859
vt 0.30078 0.54297
vt 0.28516 0.54297
vt 0.28516 0.55859
vt 0.30078 0.55859
vt 0.30078 0.54297
vt 0.28516 0.55859
vt 0.26953 0.54297
vt 0.28516 0.54297
vt 0.28516 0.55859
vt 0.26953 0.55859
vt 0.26953 0.54297
vt 0.28516 0.54297
vt 0.30078 0.55859
vt 0.28516 0.55859
vt 0.28516 0.54297
vt 0.30078 0.54297
vt 0.30078 0.55859
vt 0.28516 0.55859
vt 0.30078 0.54297
vt 0.28516 0.54297
vt 0.28516 0.55859
vt 0.30078 0.55859
vt 0.30078 0.54297
vt 0.125 0.60938
vt 0.10938 0.57813
vt 0.125 0.57813
vt 0.125 0.60938
vt 0.10938 0.60938
vt 0.10938 0.57813
vt 0.09375 0.60938
vt 0.10938 0.57813
vt 0.09375 0.57813
vt 0.09375 0.60938
vt 0.10938 0.60938
vt 0.10938 0.57813
vt 0.10938 0.60938
vt 0.125 0.57813
vt 0.10938 0.57813
vt 0.10938 0.60938
vt 0.125 0.60938
vt 0.125 0.57813
vt 0.10938 0.60938
vt 0.09375 0.57813
vt 0.10938 0.57813
vt 0.10938 0.60938
vt 0.09375 0.60938
vt 0.09375 0.57813
vt 0.10938 0.59375
vt 0.125 0.60938
vt 0.10938 0.60938
vt 0.10938 0.59375
vt 0.125 0.59375
vt 0.125 0.60938
vt 0.10938 0.60938
vt 0.125 0.59375
vt 0.10938 0.59375
vt 0.10938 0.60938
vt 0.125 0.60938
vt 0.125 0.59375
vt 0.125 0.60938
vt 0.10938 0.57813
vt 0.125 0.57813
vt 0.125 0.60938
vt 0.10938 0.60938
vt 0.10938 0.57813
vt 0.10938 0.60938
vt 0.09375 0.57813
vt 0.10938 0.57813
vt 0.10938 0.60938
vt 0.09375 0.60938
vt 0.09375 0.57813
vt 0.10938 0.60938
vt 0.125 0.57813
vt 0.10938 0.57813
vt 0.10938 0.60938
vt 0.125 0.60938
vt 0.125 0.57813
vt 0.09375 0.60938
vt 0.10938 0.57813
vt 0.09375 0.57813
vt 0.09375 0.60938
vt 0.10938 0.60938
vt 0.10938 0.57813
vt 0.10938 0.59375
vt 0.125 0.60938
vt 0.10938 0.60938
vt 0.10938 0.59375
vt 0.125 0.59375
vt 0.125 0.60938
vt 0.10938 0.60938
vt 0.125 0.59375
vt 0.10938 0.59375
vt 0.10938 0.60938
vt 0.125 0.60938
vt 0.125 0.59375
vt 0.30078 0.55859
vt 0.28516 0.54297
vt 0.30078 0.54297
vt 0.30078 0.55859
vt 0.28516 0.55859
vt 0.28516 0.54297
vt 0.28516 0.55859
vt 0.26953 0.54297
vt 0.28516 0.54297
vt 0.28516 0.55859
vt 0.26953 0.55859
vt 0.26953 0.54297
vt 0.28516 0.55859
vt 0.30078 0.54297
vt 0.28516 0.54297
vt 0.28516 0.55859
vt 0.30078 0.55859
vt 0.30078 0.54297
vt 0.26953 0.55859
vt 0.28516 0.54297
vt 0.26953 0.54297
vt 0.26953 0.55859
vt 0.28516 0.55859
vt 0.28516 0.54297
vt 0.28516 0.54297
vt 0.30078 0.55859
vt 0.28516 0.55859
vt 0.28516 0.54297
vt 0.30078 0.54297
vt 0.30078 0.55859
vt 0.28516 0.55859
vt 0.30078 0.54297
vt 0.28516 0.54297
vt 0.28516 0.55859
vt 0.30078 0.55859
vt 0.30078 0.54297
vt 0.30078 0.55859
vt 0.28516 0.54297
vt 0.30078 0.54297
vt 0.30078 0.55859
vt 0.28516 0.55859
vt 0.28516 0.54297
vt 0.28516 0.55859
vt 0.26953 0.54297
vt 0.28516 0.54297
vt 0.28516 0.55859
vt 0.26953 0.55859
vt 0.26953 0.54297
vt 0.28516 0.55859
vt 0.30078 0.54297
vt 0.28516 0.54297
vt 0.28516 0.55859
vt 0.30078 0.55859
vt 0.30078 0.54297
vt 0.26953 0.55859
vt 0.28516 0.54297
vt 0.26953 0.54297
vt 0.26953 0.55859
vt 0.28516 0.55859
vt 0.28516 0.54297
vt 0.28516 0.54297
vt 0.30078 0.55859
vt 0.28516 0.55859
vt 0.28516 0.54297
vt 0.30078 0.54297
vt 0.30078 0.55859
vt 0.28516 0.55859
vt 0.30078 0.54297
vt 0.28516 0.54297
vt 0.28516 0.55859
vt 0.30078 0.55859
vt 0.30078 0.54297
vt 0.30078 0.55859
vt 0.28516 0.54297
vt 0.30078 0.54297
vt 0.30078 0.55859
vt 0.28516 0.55859
vt 0.28516 0.54297
vt 0.28516 0.55859
vt 0.26953 0.54297
vt 0.28516 0.54297
vt 0.28516 0.55859
vt 0.26953 0.55859
vt 0.26953 0.54297
vt 0.28516 0.55859
vt 0.30078 0.54297
vt 0.28516 0.54297
vt 0.28516 0.55859
vt 0.30078 0.55859
vt 0.30078 0.54297
vt 0.26953 0.55859
vt 0.28516 0.54297
vt 0.26953 0.54297
vt 0.26953 0.55859
vt 0.28516 0.55859
vt 0.28516 0.54297
vt 0.28516 0.54297
vt 0.30078 0.55859
vt 0.28516 0.55859
vt 0.28516 0.54297
vt 0.30078 0.54297
vt 0.30078 0.55859
vt 0.28516 0.55859
vt 0.30078 0.54297
vt 0.28516 0.54297
vt 0.28516 0.55859
vt 0.30078 0.55859
vt 0.30078 0.54297
vt 0.125 0.60938
vt 0.10938 0.57813
vt 0.125 0.57813
vt 0.125 0.60938
vt 0.10938 0.60938
vt 0.10938 0.57813
vt 0.10938 0.60938
vt 0.09375 0.57813
vt 0.10938 0.57813
vt 0.10938 0.60938
vt 0.09375 0.60938
vt 0.09375 0.57813
vt 0.10938 0.60938
vt 0.125 0.57813
vt 0.10938 0.57813
vt 0.10938 0.60938
vt 0.125 0.60938
vt 0.125 0.57813
vt 0.09375 0.60938
vt 0.10938 0.57813
vt 0.09375 0.57813
vt 0.09375 0.60938
vt 0.10938 0.60938
vt 0.10938 0.57813
vt 0.10938 0.59375
vt 0.125 0.60938
vt 0.10938 0.60938
vt 0.10938 0.59375
vt 0.125 0.59375
vt 0.125 0.60938
vt 0.10938 0.60938
vt 0.125 0.59375
vt 0.10938 0.59375
vt 0.10938 0.60938
vt 0.125 0.60938
vt 0.125 0.59375
vt 0.30078 0.55859
vt 0.28516 0.54297
vt 0.30078 0.54297
vt 0.30078 0.55859
vt 0.28516 0.55859
vt 0.28516 0.54297
vt 0.28516 0.55859
vt 0.26953 0.54297
vt 0.28516 0.54297
vt 0.28516 0.55859
vt 0.26953 0.55859
vt 0.26953 0.54297
vt 0.28516 0.55859
vt 0.30078 0.54297
vt 0.28516 0.54297
vt 0.28516 0.55859
vt 0.30078 0.55859
vt 0.30078 0.54297
vt 0.26953 0.55859
vt 0.28516 0.54297
vt 0.26953 0.54297
vt 0.26953 0.55859
vt 0.28516 0.55859
vt 0.28516 0.54297
vt 0.28516 0.54297
vt 0.30078 0.55859
vt 0.28516 0.55859
vt 0.28516 0.54297
vt 0.30078 0.54297
vt 0.30078 0.55859
vt 0.28516 0.55859
vt 0.30078 0.54297
vt 0.28516 0.54297
vt 0.28516 0.55859
vt 0.30078 0.55859
vt 0.30078 0.54297
vt 0.24219 0.61328
vt 0.22656 0.58203
vt 0.24219 0.58203
vt 0.24219 0.61328
vt 0.22656 0.61328
vt 0.22656 0.58203
vt 0.22656 0.61328
vt 0.19531 0.58203
vt 0.22656 0.58203
vt 0.22656 0.61328
vt 0.19531 0.61328
vt 0.19531 0.58203
vt 0.22656 0.61328
vt 0.24219 0.58203
vt 0.22656 0.58203
vt 0.22656 0.61328
vt 0.24219 0.61328
vt 0.24219 0.58203
vt 0.19531 0.61328
vt 0.22656 0.58203
vt 0.19531 0.58203
vt 0.19531 0.61328
vt 0.22656 0.61328
vt 0.22656 0.58203
vt 0.22656 0.58203
vt 0.24219 0.61328
vt 0.22656 0.61328
vt 0.22656 0.58203
vt 0.24219 0.58203
vt 0.24219 0.61328
vt 0.22656 0.61328
vt 0.24219 0.58203
vt 0.22656 0.58203
vt 0.22656 0.61328
vt 0.24219 0.61328
vt 0.24219 0.58203
vt 0.13281 0.85156
vt 0.11719 0.82031
vt 0.13281 0.82031
vt 0.13281 0.85156
vt 0.11719 0.85156
vt 0.11719 0.82031
vt 0.11719 0.85156
vt 0.10156 0.82031
vt 0.11719 0.82031
vt 0.11719 0.85156
vt 0.10156 0.85156
vt 0.10156 0.82031
vt 0.11719 0.85156
vt 0.13281 0.82031
vt 0.11719 0.82031
vt 0.11719 0.85156
vt 0.13281 0.85156
vt 0.13281 0.82031
vt 0.10156 0.85156
vt 0.11719 0.82031
vt 0.10156 0.82031
vt 0.10156 0.85156
vt 0.11719 0.85156
vt 0.11719 0.82031
vt 0.11719 0.85156
vt 0.13281 0.86719
vt 0.11719 0.86719
vt 0.11719 0.85156
vt 0.13281 0.85156
vt 0.13281 0.86719
vt 0.11719 0.86719
vt 0.13281 0.85156
vt 0.11719 0.85156
vt 0.11719 0.86719
vt 0.13281 0.86719
vt 0.13281 0.85156
vt 0.13281 0.85156
vt 0.11719 0.82031
vt 0.13281 0.82031
vt 0.13281 0.85156
vt 0.11719 0.85156
vt 0.11719 0.82031
vt 0.11719 0.82031
vt 0.10156 0.85156
vt 0.11719 0.85156
vt 0.11719 0.82031
vt 0.10156 0.82031
vt 0.10156 0.85156
vt 0.11719 0.85156
vt 0.13281 0.82031
vt 0.11719 0.82031
vt 0.11719 0.85156
vt 0.13281 0.85156
vt 0.13281 0.82031
vt 0.10156 0.82031
vt 0.11719 0.85156
vt 0.10156 0.85156
vt 0.10156 0.82031
vt 0.11719 0.82031
vt 0.11719 0.85156
vt 0.11719 0.85156
vt 0.13281 0.86719
vt 0.11719 0.86719
vt 0.11719 0.85156
vt 0.13281 0.85156
vt 0.13281 0.86719
vt 0.11719 0.86719
vt 0.13281 0.85156
vt 0.11719 0.85156
vt 0.11719 0.86719
vt 0.13281 0.86719
vt 0.13281 0.85156
vt 0.13281 0.85156
vt 0.11719 0.82031
vt 0.13281 0.82031
vt 0.13281 0.85156
vt 0.11719 0.85156
vt 0.11719 0.82031
vt 0.10156 0.85156
vt 0.11719 0.82031
vt 0.10156 0.82031
vt 0.10156 0.85156
vt 0.11719 0.85156
vt 0.11719 0.82031
vt 0.11719 0.85156
vt 0.13281 0.82031
vt 0.11719 0.82031
vt 0.11719 0.85156
vt 0.13281 0.85156
vt 0.13281 0.82031
vt 0.11719 0.85156
vt 0.10156 0.82031
vt 0.11719 0.82031
vt 0.11719 0.85156
vt 0.10156 0.85156
vt 0.10156 0.82031
vt 0.11719 0.85156
vt 0.13281 0.86719
vt 0.11719 0.86719
vt 0.11719 0.85156
vt 0.13281 0.85156
vt 0.13281 0.86719
vt 0.11719 0.86719
vt 0.13281 0.85156
vt 0.11719 0.85156
vt 0.11719 0.86719
vt 0.13281 0.86719
vt 0.13281 0.85156
vt 0.13281 0.85156
vt 0.11719 0.82031
vt 0.13281 0.82031
vt 0.13281 0.85156
vt 0.11719 0.85156
vt 0.11719 0.82031
vt 0.11719 0.85156
vt 0.10156 0.82031
vt 0.11719 0.82031
vt 0.11719 0.85156
vt 0.10156 0.85156
vt 0.10156 0.82031
vt 0.11719 0.85156
vt 0.13281 0.82031
vt 0.11719 0.82031
vt 0.11719 0.85156
vt 0.13281 0.85156
vt 0.13281 0.82031
vt 0.10156 0.85156
vt 0.11719 0.82031
vt 0.10156 0.82031
vt 0.10156 0.85156
vt 0.11719 0.85156
vt 0.11719 0.82031
vt 0.11719 0.85156
vt 0.13281 0.86719
vt 0.11719 0.86719
vt 0.11719 0.85156
vt 0.13281 0.85156
vt 0.13281 0.86719
vt 0.11719 0.86719
vt 0.13281 0.85156
vt 0.11719 0.85156
vt 0.11719 0.86719
vt 0.13281 0.86719
vt 0.13281 0.85156
vt 0.12891 0.55469
vt 0.11328 0.53906
vt 0.12891 0.53906
vt 0.12891 0.55469
vt 0.11328 0.55469
vt 0.11328 0.53906
vt 0.11328 0.55469
vt 0.09766 0.53906
vt 0.11328 0.53906
vt 0.11328 0.55469
vt 0.09766 0.55469
vt 0.09766 0.53906
vt 0.12891 0.55469
vt 0.11328 0.53906
vt 0.12891 0.53906
vt 0.12891 0.55469
vt 0.11328 0.55469
vt 0.11328 0.53906
vt 0.12891 0.55469
vt 0.11328 0.53906
vt 0.12891 0.53906
vt 0.12891 0.55469
vt 0.11328 0.55469
vt 0.11328 0.53906
vt 0.11328 0.53906
vt 0.12891 0.55469
vt 0.11328 0.55469
vt 0.11328 0.53906
vt 0.12891 0.53906
vt 0.12891 0.55469
vt 0.11328 0.55469
vt 0.12891 0.53906
vt 0.11328 0.53906
vt 0.11328 0.55469
vt 0.12891 0.55469
vt 0.12891 0.53906
vt 0.12891 0.55469
vt 0.11328 0.53906
vt 0.12891 0.53906
vt 0.12891 0.55469
vt 0.11328 0.55469
vt 0.11328 0.53906
vt 0.11328 0.55469
vt 0.09766 0.53906
vt 0.11328 0.53906
vt 0.11328 0.55469
vt 0.09766 0.55469
vt 0.09766 0.53906
vt 0.12891 0.55469
vt 0.11328 0.53906
vt 0.12891 0.53906
vt 0.12891 0.55469
vt 0.11328 0.55469
vt 0.11328 0.53906
vt 0.12891 0.55469
vt 0.11328 0.53906
vt 0.12891 0.53906
vt 0.12891 0.55469
vt 0.11328 0.55469
vt 0.11328 0.53906
vt 0.11328 0.53906
vt 0.12891 0.55469
vt 0.11328 0.55469
vt 0.11328 0.53906
vt 0.12891 0.53906
vt 0.12891 0.55469
vt 0.11328 0.55469
vt 0.12891 0.53906
vt 0.11328 0.53906
vt 0.11328 0.55469
vt 0.12891 0.55469
vt 0.12891 0.53906
vt 0.12891 0.55469
vt 0.11328 0.53906
vt 0.12891 0.53906
vt 0.12891 0.55469
vt 0.11328 0.55469
vt 0.11328 0.53906
vt 0.11328 0.55469
vt 0.09766 0.53906
vt 0.11328 0.53906
vt 0.11328 0.55469
vt 0.09766 0.55469
vt 0.09766 0.53906
vt 0.12891 0.55469
vt 0.11328 0.53906
vt 0.12891 0.53906
vt 0.12891 0.55469
vt 0.11328 0.55469
vt 0.11328 0.53906
vt 0.12891 0.55469
vt 0.11328 0.53906
vt 0.12891 0.53906
vt 0.12891 0.55469
vt 0.11328 0.55469
vt 0.11328 0.53906
vt 0.11328 0.53906
vt 0.12891 0.55469
vt 0.11328 0.55469
vt 0.11328 0.53906
vt 0.12891 0.53906
vt 0.12891 0.55469
vt 0.11328 0.55469
vt 0.12891 0.53906
vt 0.11328 0.53906
vt 0.11328 0.55469
vt 0.12891 0.55469
vt 0.12891 0.53906
vt 0.12891 0.55469
vt 0.11328 0.53906
vt 0.12891 0.53906
vt 0.12891 0.55469
vt 0.11328 0.55469
vt 0.11328 0.53906
vt 0.11328 0.55469
vt 0.09766 0.53906
vt 0.11328 0.53906
vt 0.11328 0.55469
vt 0.09766 0.55469
vt 0.09766 0.53906
vt 0.12891 0.55469
vt 0.11328 0.53906
vt 0.12891 0.53906
vt 0.12891 0.55469
vt 0.11328 0.55469
vt 0.11328 0.53906
vt 0.12891 0.55469
vt 0.11328 0.53906
vt 0.12891 0.53906
vt 0.12891 0.55469
vt 0.11328 0.55469
vt 0.11328 0.53906
vt 0.11328 0.53906
vt 0.12891 0.55469
vt 0.11328 0.55469
vt 0.11328 0.53906
vt 0.12891 0.53906
vt 0.12891 0.55469
vt 0.11328 0.55469
vt 0.12891 0.53906
vt 0.11328 0.53906
vt 0.11328 0.55469
vt 0.12891 0.55469
vt 0.12891 0.53906
vt 0.12891 0.55469
vt 0.11328 0.53906
vt 0.12891 0.53906
vt 0.12891 0.55469
vt 0.11328 0.55469
vt 0.11328 0.53906
vt 0.11328 0.55469
vt 0.09766 0.53906
vt 0.11328 0.53906
vt 0.11328 0.55469
vt 0.09766 0.55469
vt 0.09766 0.53906
vt 0.12891 0.55469
vt 0.11328 0.53906
vt 0.12891 0.53906
vt 0.12891 0.55469
vt 0.11328 0.55469
vt 0.11328 0.53906
vt 0.12891 0.55469
vt 0.11328 0.53906
vt 0.12891 0.53906
vt 0.12891 0.55469
vt 0.11328 0.55469
vt 0.11328 0.53906
vt 0.11328 0.53906
vt 0.12891 0.55469
vt 0.11328 0.55469
vt 0.11328 0.53906
vt 0.12891 0.53906
vt 0.12891 0.55469
vt 0.11328 0.55469
vt 0.12891 0.53906
vt 0.11328 0.53906
vt 0.11328 0.55469
vt 0.12891 0.55469
vt 0.12891 0.53906
vt 0 0.29296999999999995
vt 0.01563 0.3085899999999999
vt 0.01563 0.29296999999999995
vt 0 0.29296999999999995
vt 0 0.3085899999999999
vt 0.01563 0.3085899999999999
vt 0.0625 0.29296999999999995
vt 0.07813 0.3085899999999999
vt 0.07813 0.29296999999999995
vt 0.0625 0.29296999999999995
vt 0.0625 0.3085899999999999
vt 0.07813 0.3085899999999999
vt 0.03125 0.29296999999999995
vt 0.0625 0.3085899999999999
vt 0.0625 0.29296999999999995
vt 0.03125 0.29296999999999995
vt 0.03125 0.3085899999999999
vt 0.0625 0.3085899999999999
vt 0.21484 0.57031
vt 0.19922 0.53906
vt 0.19922 0.57031
vt 0.21484 0.57031
vt 0.21484 0.53906
vt 0.19922 0.53906
vt 0.01563 0.29296999999999995
vt 0 0.3085899999999999
vt 0 0.29296999999999995
vt 0.01563 0.29296999999999995
vt 0.01563 0.3085899999999999
vt 0 0.3085899999999999
vt 0.15234 0.29296999999999995
vt 0.16797 0.3085899999999999
vt 0.16797 0.29296999999999995
vt 0.15234 0.29296999999999995
vt 0.15234 0.3085899999999999
vt 0.16797 0.3085899999999999
vt 0.12109 0.29296999999999995
vt 0.15234 0.3085899999999999
vt 0.15234 0.29296999999999995
vt 0.12109 0.29296999999999995
vt 0.12109 0.3085899999999999
vt 0.15234 0.3085899999999999
vt 0.19922 0.29296999999999995
vt 0.21484 0.3085899999999999
vt 0.21484 0.29296999999999995
vt 0.19922 0.29296999999999995
vt 0.19922 0.3085899999999999
vt 0.21484 0.3085899999999999
vt 0.16797 0.29296999999999995
vt 0.19922 0.3085899999999999
vt 0.19922 0.29296999999999995
vt 0.16797 0.29296999999999995
vt 0.16797 0.3085899999999999
vt 0.19922 0.3085899999999999
vt 0.10156 0.3125
vt 0.08594 0.28125
vt 0.08594 0.3125
vt 0.10156 0.3125
vt 0.10156 0.28125
vt 0.08594 0.28125
vt 0.11719 0.28125
vt 0.10156 0.3125
vt 0.10156 0.28125
vt 0.11719 0.28125
vt 0.11719 0.3125
vt 0.10156 0.3125
vt 0.59766 0.03515999999999997
vt 0.61328 0.05078000000000005
vt 0.61328 0.03515999999999997
vt 0.59766 0.03515999999999997
vt 0.59766 0.05078000000000005
vt 0.61328 0.05078000000000005
vt 0.67578 0.03515999999999997
vt 0.61328 0.05078000000000005
vt 0.61328 0.03515999999999997
vt 0.67578 0.03515999999999997
vt 0.67578 0.05078000000000005
vt 0.61328 0.05078000000000005
vt 0.76953 0.07813000000000003
vt 0.78516 0.09375
vt 0.78516 0.07813000000000003
vt 0.76953 0.07813000000000003
vt 0.76953 0.09375
vt 0.78516 0.09375
vt 0.61328 0.03515999999999997
vt 0.67578 0.05078000000000005
vt 0.67578 0.03515999999999997
vt 0.61328 0.03515999999999997
vt 0.61328 0.05078000000000005
vt 0.67578 0.05078000000000005
vt 0.82031 0.15625
vt 0.83594 0.09375
vt 0.83594 0.15625
vt 0.82031 0.15625
vt 0.82031 0.09375
vt 0.83594 0.09375
vt 0.83594 0.09375
vt 0.82031 0.15625
vt 0.82031 0.09375
vt 0.83594 0.09375
vt 0.83594 0.15625
vt 0.82031 0.15625
vt 0.84766 0.08203000000000005
vt 0.86328 0.09765999999999997
vt 0.86328 0.08203000000000005
vt 0.84766 0.08203000000000005
vt 0.84766 0.09765999999999997
vt 0.86328 0.09765999999999997
vt 0.61328 0.10546999999999995
vt 0.55078 0.12109000000000003
vt 0.55078 0.10546999999999995
vt 0.61328 0.10546999999999995
vt 0.61328 0.12109000000000003
vt 0.55078 0.12109000000000003
vt 0.55078 0.10546999999999995
vt 0.61328 0.12109000000000003
vt 0.61328 0.10546999999999995
vt 0.55078 0.10546999999999995
vt 0.55078 0.12109000000000003
vt 0.61328 0.12109000000000003
vt 0.84766 0.16405999999999998
vt 0.86328 0.10155999999999998
vt 0.86328 0.16405999999999998
vt 0.84766 0.16405999999999998
vt 0.84766 0.10155999999999998
vt 0.86328 0.10155999999999998
vt 0.86328 0.10155999999999998
vt 0.84766 0.16405999999999998
vt 0.84766 0.10155999999999998
vt 0.86328 0.10155999999999998
vt 0.86328 0.16405999999999998
vt 0.84766 0.16405999999999998
vt 0.25 0.13280999999999998
vt 0.5 0.14844000000000002
vt 0.5 0.13280999999999998
vt 0.25 0.13280999999999998
vt 0.25 0.14844000000000002
vt 0.5 0.14844000000000002
vt 0 0.13280999999999998
vt 0.25 0.14844000000000002
vt 0.25 0.13280999999999998
vt 0 0.13280999999999998
vt 0 0.14844000000000002
vt 0.25 0.14844000000000002
vt 0.26953 0.10155999999999998
vt 0.51953 0.11719000000000002
vt 0.51953 0.10155999999999998
vt 0.26953 0.10155999999999998
vt 0.26953 0.11719000000000002
vt 0.51953 0.11719000000000002
vt 0.5 0.13280999999999998
vt 0.75 0.14844000000000002
vt 0.75 0.13280999999999998
vt 0.5 0.13280999999999998
vt 0.5 0.14844000000000002
vt 0.75 0.14844000000000002
vt 0.49609 1
vt 0.24609 0.75
vt 0.24609 1
vt 0.49609 1
vt 0.49609 0.75
vt 0.24609 0.75
vt 0.58203 0.16015999999999997
vt 0.51953 0.21875
vt 0.51953 0.16015999999999997
vt 0.58203 0.16015999999999997
vt 0.58203 0.21875
vt 0.51953 0.21875
vt 0 0.20703000000000005
vt 0.25 0.23828000000000005
vt 0.25 0.20703000000000005
vt 0 0.20703000000000005
vt 0 0.23828000000000005
vt 0.25 0.23828000000000005
vt 0 0.20703000000000005
vt 0.25 0.23828000000000005
vt 0.25 0.20703000000000005
vt 0 0.20703000000000005
vt 0 0.23828000000000005
vt 0.25 0.23828000000000005
vt 0 0.20703000000000005
vt 0.25 0.23828000000000005
vt 0.25 0.20703000000000005
vt 0 0.20703000000000005
vt 0 0.23828000000000005
vt 0.25 0.23828000000000005
vt 0 0.20703000000000005
vt 0.25 0.23828000000000005
vt 0.25 0.20703000000000005
vt 0 0.20703000000000005
vt 0 0.23828000000000005
vt 0.25 0.23828000000000005
vt 0.625 0.69141
vt 0.375 0.4414100000000001
vt 0.375 0.69141
vt 0.625 0.69141
vt 0.625 0.4414100000000001
vt 0.375 0.4414100000000001
vt 0.49219 0.04688000000000003
vt 0.45703 0.08984000000000003
vt 0.45703 0.04688000000000003
vt 0.49219 0.04688000000000003
vt 0.49219 0.08984000000000003
vt 0.45703 0.08984000000000003
vt 0.58203 0.26171999999999995
vt 0.51953 0.3710899999999999
vt 0.51953 0.26171999999999995
vt 0.58203 0.26171999999999995
vt 0.58203 0.3710899999999999
vt 0.51953 0.3710899999999999
vt 0.65234 0.26171999999999995
vt 0.58984 0.3710899999999999
vt 0.58984 0.26171999999999995
vt 0.65234 0.26171999999999995
vt 0.65234 0.3710899999999999
vt 0.58984 0.3710899999999999
vt 0.51953 0.26171999999999995
vt 0.58203 0.3710899999999999
vt 0.58203 0.26171999999999995
vt 0.51953 0.26171999999999995
vt 0.51953 0.3710899999999999
vt 0.58203 0.3710899999999999
vt 0.58984 0.26171999999999995
vt 0.65234 0.3710899999999999
vt 0.65234 0.26171999999999995
vt 0.58984 0.26171999999999995
vt 0.58984 0.3710899999999999
vt 0.65234 0.3710899999999999
vt 0.58203 0.4375
vt 0.51953 0.375
vt 0.51953 0.4375
vt 0.58203 0.4375
vt 0.58203 0.375
vt 0.51953 0.375
vt 0.58203 0.375
vt 0.51953 0.4375
vt 0.51953 0.375
vt 0.58203 0.375
vt 0.58203 0.4375
vt 0.51953 0.4375
vt 0.51953 0.26171999999999995
vt 0.58203 0.3710899999999999
vt 0.58203 0.26171999999999995
vt 0.51953 0.26171999999999995
vt 0.51953 0.3710899999999999
vt 0.58203 0.3710899999999999
vt 0.65234 0.26171999999999995
vt 0.58984 0.3710899999999999
vt 0.58984 0.26171999999999995
vt 0.65234 0.26171999999999995
vt 0.65234 0.3710899999999999
vt 0.58984 0.3710899999999999
vt 0.58203 0.26171999999999995
vt 0.51953 0.3710899999999999
vt 0.51953 0.26171999999999995
vt 0.58203 0.26171999999999995
vt 0.58203 0.3710899999999999
vt 0.51953 0.3710899999999999
vt 0.58984 0.26171999999999995
vt 0.65234 0.3710899999999999
vt 0.65234 0.26171999999999995
vt 0.58984 0.26171999999999995
vt 0.58984 0.3710899999999999
vt 0.65234 0.3710899999999999
vt 0.51953 0.4375
vt 0.58203 0.375
vt 0.58203 0.4375
vt 0.51953 0.4375
vt 0.51953 0.375
vt 0.58203 0.375
vt 0.51953 0.375
vt 0.58203 0.4375
vt 0.58203 0.375
vt 0.51953 0.375
vt 0.51953 0.4375
vt 0.58203 0.4375
vt 0.58203 0.26171999999999995
vt 0.51953 0.3710899999999999
vt 0.51953 0.26171999999999995
vt 0.58203 0.26171999999999995
vt 0.58203 0.3710899999999999
vt 0.51953 0.3710899999999999
vt 0.58984 0.26171999999999995
vt 0.65234 0.3710899999999999
vt 0.65234 0.26171999999999995
vt 0.58984 0.26171999999999995
vt 0.58984 0.3710899999999999
vt 0.65234 0.3710899999999999
vt 0.51953 0.26171999999999995
vt 0.58203 0.3710899999999999
vt 0.58203 0.26171999999999995
vt 0.51953 0.26171999999999995
vt 0.51953 0.3710899999999999
vt 0.58203 0.3710899999999999
vt 0.65234 0.26171999999999995
vt 0.58984 0.3710899999999999
vt 0.58984 0.26171999999999995
vt 0.65234 0.26171999999999995
vt 0.65234 0.3710899999999999
vt 0.58984 0.3710899999999999
vt 0.51953 0.4375
vt 0.58203 0.375
vt 0.58203 0.4375
vt 0.51953 0.4375
vt 0.51953 0.375
vt 0.58203 0.375
vt 0.51953 0.375
vt 0.58203 0.4375
vt 0.58203 0.375
vt 0.51953 0.375
vt 0.51953 0.4375
vt 0.58203 0.4375
vt 0.51953 0.26171999999999995
vt 0.58203 0.3710899999999999
vt 0.58203 0.26171999999999995
vt 0.51953 0.26171999999999995
vt 0.51953 0.3710899999999999
vt 0.58203 0.3710899999999999
vt 0.58984 0.26171999999999995
vt 0.65234 0.3710899999999999
vt 0.65234 0.26171999999999995
vt 0.58984 0.26171999999999995
vt 0.58984 0.3710899999999999
vt 0.65234 0.3710899999999999
vt 0.58203 0.26171999999999995
vt 0.51953 0.3710899999999999
vt 0.51953 0.26171999999999995
vt 0.58203 0.26171999999999995
vt 0.58203 0.3710899999999999
vt 0.51953 0.3710899999999999
vt 0.65234 0.26171999999999995
vt 0.58984 0.3710899999999999
vt 0.58984 0.26171999999999995
vt 0.65234 0.26171999999999995
vt 0.65234 0.3710899999999999
vt 0.58984 0.3710899999999999
vt 0.58203 0.4375
vt 0.51953 0.375
vt 0.51953 0.4375
vt 0.58203 0.4375
vt 0.58203 0.375
vt 0.51953 0.375
vt 0.58203 0.375
vt 0.51953 0.4375
vt 0.51953 0.375
vt 0.58203 0.375
vt 0.58203 0.4375
vt 0.51953 0.4375
vt 0.25 0.70313
vt 0.5 0.75
vt 0.5 0.70313
vt 0.25 0.70313
vt 0.25 0.75
vt 0.5 0.75
vt 0 0.70313
vt 0.25 0.75
vt 0.25 0.70313
vt 0 0.70313
vt 0 0.75
vt 0.25 0.75
vt 0.75 0.70313
vt 1 0.75
vt 1 0.70313
vt 0.75 0.70313
vt 0.75 0.75
vt 1 0.75
vt 0.5 0.70313
vt 0.75 0.75
vt 0.75 0.70313
vt 0.5 0.70313
vt 0.5 0.75
vt 0.75 0.75
vt 0.07813 0.60938
vt 0.00781 0.53906
vt 0.00781 0.60938
vt 0.07813 0.60938
vt 0.07813 0.53906
vt 0.00781 0.53906
vt 0.75 0.75
vt 0.5 1
vt 0.5 0.75
vt 0.75 0.75
vt 0.75 1
vt 0.5 1
vt 0.79297 0.69141
vt 0.79688 0.68359
vt 0.80469 0.68359
vt 0.8125 0.67578
vt 0.80469 0.68359
vt 0.80469 0.67578
vt 0.80859 0.69141
vt 0.79297 0.69141
vt 0.80469 0.68359
vt 0.80859 0.6875
vt 0.80859 0.69141
vt 0.80469 0.68359
vt 0.80859 0.6875
vt 0.80469 0.68359
vt 0.8125 0.67578
vt 0.79297 0.6875
vt 0.79688 0.68359
vt 0.79297 0.69141
vt 0.79688 0.67578
vt 0.79688 0.68359
vt 0.78906 0.67578
vt 0.78906 0.67578
vt 0.79688 0.68359
vt 0.79297 0.6875
vt 0.78906 0.6875
vt 0.78906 0.67578
vt 0.79297 0.6875
vt 0.8125 0.6875
vt 0.80859 0.6875
vt 0.8125 0.67578
vn 0 0 -1
vn 0 0 -1
vn -1 0 0
vn -1 0 0
vn 0 0 1
vn 0 0 1
vn 1 0 0
vn 1 0 0
vn 0 1 0
vn 0 1 0
vn 0 0 -1
vn 0 0 -1
vn -1 0 0
vn -1 0 0
vn 0 0 1
vn 0 0 1
vn 1 0 0
vn 1 0 0
vn 0 1 0
vn 0 1 0
vn -0.6755907080225074 0 -0.737276878271418
vn -0.6755907080225074 0 -0.737276878271418
vn 0.6755984733559909 0 0.7372697625693424
vn 0.6755984733559909 0 0.7372697625693424
vn 0.7372765044761965 0 -0.6755911159476277
vn 0.7372765044761965 0 -0.6755911159476277
vn 0 1 0
vn 0 1 0
vn 0 -1 0
vn 0 -1 0
vn -0.675583592336133 0 -0.7372833985423827
vn -0.675583592336133 0 -0.7372833985423827
vn -0.737276350127956 0 0.6755912843887196
vn -0.737276350127956 0 0.6755912843887196
vn 0.6755907080225079 0 0.7372768782714175
vn 0.6755907080225079 0 0.7372768782714175
vn 0.737278194931719 0 -0.6755892711390749
vn 0.737278194931719 0 -0.6755892711390749
vn 0 1 0
vn 0 1 0
vn 0 -1 0
vn 0 -1 0
vn -0.6755912843887196 0 -0.7372763501279559
vn -0.6755912843887196 0 -0.7372763501279559
vn -0.7372697625693423 0 0.675598473355991
vn -0.7372697625693423 0 0.675598473355991
vn 0.6755892711390749 0 0.737278194931719
vn 0.6755892711390749 0 0.737278194931719
vn 0.7372762829272692 0 -0.675591357725178
vn 0.7372762829272692 0 -0.675591357725178
vn 0 1 0
vn 0 1 0
vn 0 -1 0
vn 0 -1 0
vn -0.6755892711390747 0 -0.737278194931719
vn -0.6755892711390747 0 -0.737278194931719
vn -0.7372762829272694 0 0.6755913577251778
vn -0.7372762829272694 0 0.6755913577251778
vn 0.7372833985423829 0 -0.6755835923361326
vn 0.7372833985423829 0 -0.6755835923361326
vn 0 1 0
vn 0 1 0
vn 0 -1 0
vn 0 -1 0
vn 0 1 0
vn 0 1 0
vn 0 -1 0
vn 0 -1 0
vn 0 0 -1
vn 0 0 -1
vn -1 0 0
vn -1 0 0
vn 0 0 1
vn 0 0 1
vn 1 0 0
vn 1 0 0
vn 0 1 0
vn 0 1 0
vn 0 -1 0
vn 0 -1 0
vn 2.097664457551292e-7 -0.1736474299781257 -0.9848078848496026
vn 2.0976539259035575e-7 -0.17364742997621035 -0.9848078848499403
vn -0.984807550564727 -0.17101114254864472 0.030154228143160527
vn -0.9848072536017957 -0.1710129000899514 0.03015395921123578
vn -5.113035323719012e-7 0.17364911409901349 0.9848075878933744
vn -5.113027417969006e-7 0.1736491141042638 0.9848075878924487
vn 0.984808963694765 0.17100324991331942 -0.0301528364424637
vn 0.9848092606250772 0.17100169042658733 -0.030151982660158994
vn -0.1736476649639415 0.9698466216332308 -0.17100882713819116
vn -0.1736476649639404 0.9698466216332308 -0.17100882713819235
vn 0.17364823499521037 -0.969845961273335 0.1710119933947587
vn 0.17364823499521037 -0.969845961273335 0.1710119933947587
vn 0.0000028544479622120605 -0.17365294141749332 -0.9848069130184379
vn -0.0000013999296980992567 -0.17364610473426478 -0.9848081185229218
vn -0.9848080819971013 -0.17100823211528543 0.030153377621671938
vn -0.9848081222742354 -0.17100799129298297 0.03015342794167465
vn 8.447539096854586e-8 0.17365345175008037 0.984806823034485
vn -0.000001538997401029553 0.17364559440033472 0.9848082085071113
vn 0.9848080819970595 0.17100821624855794 -0.03015346760755031
vn 0.9848081222741571 0.17100800716036096 -0.030153337956033022
vn -0.1736466459390364 0.969846474383069 -0.17101069697786145
vn -0.17364715627946023 0.9698464757510614 -0.17101017101126728
vn 0.17364664594007193 -0.9698465643698931 0.17101018663716475
vn 0.17364715627994773 -0.9698463857639809 0.1710106813518707
vn -0.000009963049995288247 -0.17363934840667733 -0.984809309757804
vn 0.000004297616329850103 -0.1736491821317531 -0.9848075758880532
vn -0.9848075636552942 -0.17101103452780775 0.03015441322680093
vn -0.9848071924483596 -0.17101347893522048 0.030152673587139436
vn -0.00000467454449853571 0.1736512873095295 0.9848072046821612
vn -0.000004674544497906892 0.17365128730953033 0.984807204682161
vn 0.9848071924507931 0.1710131731774879 -0.03015440758750653
vn 0.9848074982045434 0.17101177127022185 -0.030152372495870206
vn -0.17364906386880774 0.9698477244965351 -0.17100115176916164
vn -0.173649063868812 0.9698477244965351 -0.1710011517691573
vn 0.17365116900235675 -0.9698452538068794 0.17101302632368315
vn 0.1736490638359342 -0.9698459905730668 0.171010985606921
vn -0.10571218993652358 0.4526434699238914 -0.885403197438367
vn -0.10570722027033083 0.4526403527258257 -0.8854053843674997
vn -0.9848076674859558 -0.1710106584778129 0.030153154857430507
vn -0.9848076674859558 -0.17101065847781302 0.0301531548574302
vn 0.9848076467156825 0.17101079041907477 -0.03015308492613521
vn 0.9848076467156825 0.1710107904190748 -0.030153084926135217
vn -0.1377664319746306 0.8751410886823777 0.4638410127627811
vn -0.13776643197462934 0.8751410886823787 0.4638410127627797
vn 0.13776414799760023 -0.8751414852924202 -0.463840942831346
vn 0.1377641479976021 -0.8751414852924206 -0.4638409428313446
vn 0 0 -1
vn 0 0 -1
vn -1 0 0
vn -1 0 0
vn 0 0 1
vn 0 0 1
vn 1 0 0
vn 1 0 0
vn 0 1 0
vn 0 1 0
vn 0 0 -1
vn 0 0 -1
vn -1 0 0
vn -1 0 0
vn 0 0 1
vn 0 0 1
vn 1 0 0
vn 1 0 0
vn 0 1 0
vn 0 1 0
vn 0 -1 0
vn 0 -1 0
vn 0.46174799769763963 0 -0.8870111536064361
vn 0.46174799769763963 0 -0.8870111536064361
vn -0.8870121354288483 0 -0.461746111626243
vn -0.8870121354288483 0 -0.461746111626243
vn -0.4617500455747317 0 0.8870100875479
vn -0.4617500455747317 0 0.8870100875479
vn 0.8870100875479 0 0.4617500455747321
vn 0.8870100875479 0 0.4617500455747321
vn 0 1 0
vn 0 1 0
vn 0.46175004557473204 0 -0.8870100875478998
vn 0.46175004557473204 0 -0.8870100875478998
vn -0.8870100875479 0 -0.4617500455747317
vn -0.8870100875479 0 -0.4617500455747317
vn -0.4617500455747321 0 0.8870100875479
vn -0.4617500455747321 0 0.8870100875479
vn 0.8870100875479002 0 0.4617500455747317
vn 0.8870100875479002 0 0.4617500455747317
vn 0 1 0
vn 0 1 0
vn 0 0 -1
vn 0 0 -1
vn -1 0 0
vn -1 0 0
vn 0 0 1
vn 0 0 1
vn 1 0 0
vn 1 0 0
vn 0 1 0
vn 0 1 0
vn 0 -1 0
vn 0 -1 0
vn 0 0 -1
vn 0 0 -1
vn -1 0 0
vn -1 0 0
vn 0 0 1
vn 0 0 1
vn 1 0 0
vn 1 0 0
vn 0 1 0
vn 0 1 0
vn 0 -1 0
vn 0 -1 0
vn 0 0 -1
vn 0 0 -1
vn -1 0 0
vn -1 0 0
vn 0 0 1
vn 0 0 1
vn 1 0 0
vn 1 0 0
vn 0 1 0
vn 0 1 0
vn 0 0 -1
vn 0 0 -1
vn -1 0 0
vn -1 0 0
vn 0 0 1
vn 0 0 1
vn 1 0 0
vn 1 0 0
vn 0 1 0
vn 0 1 0
vn 0 -1 0
vn 0 -1 0
vn 0 0 -1
vn 0 0 -1
vn -1 0 0
vn -1 0 0
vn 0 0 1
vn 0 0 1
vn 1 0 0
vn 1 0 0
vn 0 1 0
vn 0 1 0
vn 0 -1 0
vn 0 -1 0
vn 0 0 -1
vn 0 0 -1
vn -1 0 0
vn -1 0 0
vn 0 0 1
vn 0 0 1
vn 1 0 0
vn 1 0 0
vn 0 1 0
vn 0 1 0
vn 0 -0.9848074229746002 0.17365004939281461
vn 0 -0.9848074229746002 0.17365004939281461
vn -1 0 0
vn -1 0 0
vn 0 0.9848074229746002 -0.17365004939281425
vn 0 0.9848074229746002 -0.17365004939281425
vn 1 0 0
vn 1 0 0
vn 0 -0.17364580478276984 -0.9848081714127601
vn 0 -0.17364580478276984 -0.9848081714127601
vn 0 0.1736458047827698 0.9848081714127601
vn 0 0.1736458047827698 0.9848081714127601
vn 0 -0.9848074337440046 0.17364998831715472
vn 0 -0.9848074337440046 0.17364998831715472
vn -1 0 0
vn -1 0 0
vn 0 0.9848078612706752 -0.17364756370153508
vn 0 0.9848078612706752 -0.17364756370153508
vn 1 0 0
vn 1 0 0
vn 0 -0.17364956078872124 -0.9848075091295174
vn 0 -0.17364956078872124 -0.9848075091295174
vn 0 0.17365127091488988 0.9848072075841259
vn 0 0.17365127091488988 0.9848072075841259
vn 0 -0.9848075091295172 0.17364956078872165
vn 0 -0.9848075091295172 0.17364956078872165
vn -1 0 0
vn -1 0 0
vn 0 0.9848072075841259 -0.1736512709148901
vn 0 0.9848072075841259 -0.1736512709148901
vn 1 0 0
vn 1 0 0
vn 0 -0.17363986232968956 -0.9848092191943203
vn 0 -0.17363986232968956 -0.9848092191943203
vn 0 0.17364956078872124 0.9848075091295174
vn 0 0.17364956078872124 0.9848075091295174
vn -0.1808913912685011 -0.8904152825438247 -0.4176588669923661
vn -0.18088801071953176 -0.8904152147691912 -0.41766047560843744
vn 0.7839125631095917 0.12591526059772984 -0.6079691115077773
vn 0.7839144067102284 0.12591968160824937 -0.607965818723247
vn 0.18089390978994793 0.8904156870827551 0.4176569137436269
vn 0.18089185930615762 0.890414937868207 0.4176593991016109
vn -0.7839135501926038 -0.12591932087090085 0.6079669978344543
vn -0.7839133855227942 -0.1259146549608914 0.6079681765226456
vn 0.5939283082126781 -0.4373903063381143 0.6752324670993515
vn 0.5939365655952932 -0.4373816079420172 0.6752308383678308
vn -0.5939298564062899 0.4373826855883557 -0.6752360417044707
vn -0.5939329885695769 0.43738665648150443 -0.6752307145122632
vn -0.18088653551708883 -0.8904140418671478 -0.4176636150234232
vn -0.18088653551708886 -0.8904140418671478 -0.4176636150234232
vn 0.7839163155513741 0.12592345697423676 -0.6079625754896563
vn 0.7839116432864676 0.125920725156257 -0.6079691657444747
vn 0.18088679986790765 0.8904148256759304 0.4176618295344331
vn 0.18088653551708808 0.8904140418671482 0.41766361502342236
vn -0.7839152247704553 -0.1259180876709497 0.607965094039434
vn -0.7839152247704555 -0.12591808767094884 0.6079650940394337
vn 0.5939315543406859 -0.4373868868582245 0.6752318268290733
vn 0.5939315543406859 -0.4373868868582245 0.6752318268290733
vn -0.5939323807554935 0.43738281881802743 -0.6752337350080403
vn -0.5939351358388085 0.4373863115675032 -0.6752290491896149
vn -0.18088981081208422 -0.8904146220915959 -0.41766095952321036
vn -0.18088981081208427 -0.8904146220915959 -0.4176609595232104
vn 0.7839131727587147 0.12592054273433995 -0.6079672314301611
vn 0.7839131727587147 0.12592054273433995 -0.6079672314301612
vn 0.18088981081208408 0.8904146220915955 0.4176609595232115
vn 0.1808898108120844 0.8904146220915965 0.4176609595232096
vn -0.7839131727587144 -0.12592054273434028 0.6079672314301615
vn -0.7839131727587143 -0.12592054273434003 0.6079672314301613
vn 0.5939329161054884 -0.437384737640496 0.6752320211938898
vn 0.5939329161054888 -0.4373847376404957 0.6752320211938896
vn -0.5939329161054886 0.4373847376404956 -0.6752320211938897
vn -0.5939329161054889 0.43738473764049574 -0.6752320211938894
vn 0 -0.9848074337440046 0.17364998831715472
vn 0 -0.9848074337440046 0.17364998831715472
vn -1 0 0
vn -1 0 0
vn 0 0.9848079366541154 -0.1736471361786999
vn 0 0.9848079366541154 -0.1736471361786999
vn 1 0 0
vn 1 0 0
vn 0 -0.17364956078872124 -0.9848075091295174
vn 0 -0.17364956078872124 -0.9848075091295174
vn 0 0.17364157236628522 0.9848089176820873
vn 0 0.17364157236628522 0.9848089176820873
vn 0 -0.9848072075841259 0.1736512709148901
vn 0 -0.9848072075841259 0.1736512709148901
vn -1 0 0
vn -1 0 0
vn 0 0.9848075091295172 -0.17364956078872165
vn 0 0.9848075091295172 -0.17364956078872165
vn 1 0 0
vn 1 0 0
vn 0 -0.17364956078872124 -0.9848075091295174
vn 0 -0.17364956078872124 -0.9848075091295174
vn 0 0.17363986232968956 0.9848092191943203
vn 0 0.17363986232968956 0.9848092191943203
vn 0 -0.9848074229746002 0.17365004939281456
vn 0 -0.9848074229746002 0.17365004939281456
vn -1 0 0
vn -1 0 0
vn 0 0.9848074229746002 -0.17365004939281425
vn 0 0.9848074229746002 -0.17365004939281425
vn 1 0 0
vn 1 0 0
vn 0 -0.1736498458074467 -0.9848074588725707
vn 0 -0.1736498458074467 -0.9848074588725707
vn 0 0.17364984580744672 0.9848074588725707
vn 0 0.17364984580744672 0.9848074588725707
vn -0.38268033737113377 0 -0.9238808144936854
vn -0.38268033737113377 0 -0.9238808144936854
vn -0.9238790467305428 0 0.38268460514144487
vn -0.9238790467305428 0 0.38268460514144487
vn 0.38268033737113405 0 0.9238808144936852
vn 0.38268033737113405 0 0.9238808144936852
vn 0.923879046730543 0 -0.38268460514144453
vn 0.923879046730543 0 -0.38268460514144453
vn 0 1 0
vn 0 1 0
vn 0 -1 0
vn 0 -1 0
vn -0.38268033737113394 0 -0.9238808144936852
vn -0.38268033737113394 0 -0.9238808144936852
vn -0.9238808144936851 0 0.38268033737113405
vn -0.9238808144936851 0 0.38268033737113405
vn 0.3826803373711339 0 0.9238808144936852
vn 0.3826803373711339 0 0.9238808144936852
vn 0.9238808144936851 0 -0.38268033737113416
vn 0.9238808144936851 0 -0.38268033737113416
vn 0 1 0
vn 0 1 0
vn 0 -1 0
vn 0 -1 0
vn -0.3826843610675814 0 -0.9238791478295725
vn -0.3826843610675814 0 -0.9238791478295725
vn -0.9238808144936852 0 0.38268033737113405
vn -0.9238808144936852 0 0.38268033737113405
vn 0.382683182554063 0 0.9238796359863626
vn 0.382683182554063 0 0.9238796359863626
vn 0.9238772789544514 0 -0.3826888728872567
vn 0.9238772789544514 0 -0.3826888728872567
vn 0 1 0
vn 0 1 0
vn 0 -1 0
vn 0 -1 0
vn -0.3826843610675813 0 -0.9238791478295726
vn -0.3826843610675813 0 -0.9238791478295726
vn -0.9238808144936854 0 0.38268033737113377
vn -0.9238808144936854 0 0.38268033737113377
vn 0.3826831825540632 0 0.9238796359863625
vn 0.3826831825540632 0 0.9238796359863625
vn 0.9238772789544512 0 -0.3826888728872571
vn 0.9238772789544512 0 -0.3826888728872571
vn 0 1 0
vn 0 1 0
vn 0 -1 0
vn 0 -1 0
vn -0.38268571989908895 0 -0.923878584980362
vn -0.38268571989908895 0 -0.923878584980362
vn -0.9238792392466202 0 0.38268414036785786
vn -0.9238792392466202 0 0.38268414036785786
vn 0.38267962307657466 0 0.9238811103610522
vn 0.38267962307657466 0 0.9238811103610522
vn 0.9238794371479899 0 -0.38268366259237363
vn 0.9238794371479899 0 -0.38268366259237363
vn 0 1 0
vn 0 1 0
vn 0 -1 0
vn 0 -1 0
vn -0.38268200404718083 0 -0.9238801241386427
vn -0.38268200404718083 0 -0.9238801241386427
vn 0.3826820040471809 0 0.9238801241386425
vn 0.3826820040471809 0 0.9238801241386425
vn 0.9238801241386426 0 -0.38268200404718056
vn 0.9238801241386426 0 -0.38268200404718056
vn 0 1 0
vn 0 1 0
vn 0 -1 0
vn 0 -1 0
vn -0.3826849503268292 0 -0.9238789037494861
vn -0.3826849503268292 0 -0.9238789037494861
vn 0.382684950326829 0 0.9238789037494862
vn 0.382684950326829 0 0.9238789037494862
vn 0.9238801241386425 0 -0.3826820040471809
vn 0.9238801241386425 0 -0.3826820040471809
vn 0 1 0
vn 0 1 0
vn 0 -1 0
vn 0 -1 0
vn -0.38268200404718067 0 -0.9238801241386427
vn -0.38268200404718067 0 -0.9238801241386427
vn 0.38268200404718067 0 0.9238801241386427
vn 0.38268200404718067 0 0.9238801241386427
vn 0.9238801241386425 0 -0.3826820040471809
vn 0.9238801241386425 0 -0.3826820040471809
vn 0 1 0
vn 0 1 0
vn 0 -1 0
vn 0 -1 0
vn -0.382682004047181 0 -0.9238801241386425
vn -0.382682004047181 0 -0.9238801241386425
vn -0.9238789037494861 0 0.3826849503268292
vn -0.9238789037494861 0 0.3826849503268292
vn 0.382682004047181 0 0.9238801241386425
vn 0.382682004047181 0 0.9238801241386425
vn 0.9238789037494861 0 -0.3826849503268292
vn 0.9238789037494861 0 -0.3826849503268292
vn 0 1 0
vn 0 1 0
vn 0 -1 0
vn 0 -1 0
vn 0 0 -1
vn 0 0 -1
vn 0 0 1
vn 0 0 1
vn 1 0 0
vn 1 0 0
vn 0 -1 0
vn 0 -1 0
vn 0 0 -1
vn 0 0 -1
vn -1 0 0
vn -1 0 0
vn 0 0 1
vn 0 0 1
vn 0 1 0
vn 0 1 0
vn 0 -1 0
vn 0 -1 0
vn 0 1 0
vn 0 1 0
vn -1 0 0
vn -1 0 0
vn 1 0 0
vn 1 0 0
vn -0.07782803416730093 0.29046310439822703 -0.9537158812146299
vn -0.07782874795875179 0.2904632624330909 -0.9537157748343574
vn -0.9659263867289021 -0.25881695347641903 0.0000037460280644912753
vn -0.9659260519670722 -0.25881820284369045 -0.00000284029844906556
vn 0.07782960268430125 -0.29045710025242305 0.953717581812854
vn 0.07782759057288091 -0.29045894297421776 0.953717184804762
vn 0.9659257615694921 0.2588192866194388 0.000003194035868240808
vn 0.9659257615751472 0.258819286598333 0.0000031940568875274902
vn -0.2468383330231001 0.9212208776817803 0.3007040602878314
vn -0.2468383330231001 0.9212208776817803 0.3007040602878314
vn 0.24683578361018918 -0.9212193106389365 -0.3007109536339952
vn 0.24684594330316603 -0.9212196186037274 -0.3007016703883993
vn -0.07782620620850696 0.29045127057853043 -0.9537196344033756
vn -0.07783050394467637 0.29045361794060864 -0.9537185688036742
vn -0.965922702827202 -0.2588307017119377 0.000003781407286163385
vn -0.965922702827202 -0.2588307017119377 0.0000037814072861441102
vn 0.07782708095256764 -0.290454535166851 0.9537185687986846
vn 0.0778261482173868 -0.2904560658179434 0.9537181787526168
vn 0.9659266767055993 0.25881587114033977 -0.000008622299641812905
vn 0.9659280771607501 0.25881064452381486 -0.000005805490444570675
vn -0.246836783511934 0.921223042386346 0.3006987004992325
vn -0.24685041887821735 0.9212146089186042 0.30071334359251817
vn 0 0 -1
vn 0 0 -1
vn -0.9659263655458256 0.25881703256051836 0
vn -0.9659263655458256 0.25881703256051836 0
vn 0 0 1
vn 0 0 1
vn 0.9659253238785047 -0.2588209201169908 0
vn 0.9659253238785047 -0.2588209201169908 0
vn 0.25881391825160166 0.9659272000100492 0
vn 0.25881391825160166 0.9659272000100492 0
vn -0.25881570394239706 -0.9659267215440318 0
vn -0.25881570394239706 -0.9659267215440318 0
vn 0 0 -1
vn 0 0 -1
vn -0.9659263655458253 -0.2588170325605186 0
vn -0.9659263655458253 -0.2588170325605186 0
vn 0 0 1
vn 0 0 1
vn 0.9659253238785047 0.25882092011699104 0
vn 0.9659253238785047 0.25882092011699104 0
vn -0.25881570394239706 0.9659267215440318 0
vn -0.25881570394239706 0.9659267215440318 0
vn 0.25881391825160166 -0.9659272000100492 0
vn 0.25881391825160166 -0.9659272000100492 0
vn 0.07782866063561093 0.290462936535973 -0.953715881215452
vn 0.07783067277558559 0.29046109379216867 -0.9537162782339184
vn -0.9659254254869206 0.2588205408666772 -0.000004836535482318621
vn -0.9659254254869206 0.2588205408666773 -0.000004836535482287084
vn -0.07782833474013759 -0.29046172026737205 0.9537162782352496
vn -0.07783099868014691 -0.2904623100555226 0.9537158812149772
vn 0.9659251350893738 -0.2588216246423 0.000004482767658030374
vn 0.965925135089374 -0.2588216246422994 0.000004482767657420584
vn 0.24684558817458588 0.9212182932774496 0.3007060221041898
vn 0.24684558817458305 0.9212182932774498 0.30070602210419245
vn -0.2468381729328027 -0.9212202802116666 -0.30070602207128205
vn -0.24683817293280277 -0.9212202802116666 -0.3007060220712821
vn 0.07782708095256592 0.29045453516685144 -0.9537185687986844
vn 0.07782614821738507 0.2904560658179438 -0.9537181787526168
vn -0.9659270124420398 0.2588146182395236 -0.000004508351989861737
vn -0.9659242914164647 0.25882477278177424 0.000015686409613016193
vn -0.07782582804434787 -0.2904548708956276 0.9537185687938639
vn -0.07782740113591541 -0.2904557301070226 0.953718178751158
vn 0.9659282652873166 -0.258809942238343 -0.000010845336725647962
vn 0.9659230385814993 -0.25882944874448266 -3.3277778660646697e-7
vn 0.24683988255519462 0.921218712955517 0.30070942000662154
vn 0.24683558857750737 0.9212185827547348 0.30071334356651636
vn -0.24683956236402563 -0.9212175179861776 -0.30071334358043184
vn -0.24683590875836728 -0.9212197777062179 -0.30070942005587015
vn 0 0 -1
vn 0 0 -1
vn -1 0 0
vn -1 0 0
vn 0 0 1
vn 0 0 1
vn 1 0 0
vn 1 0 0
vn 0 1 0
vn 0 1 0
vn 0 -1 0
vn 0 -1 0
vn 0 0 -1
vn 0 0 -1
vn -1 0 0
vn -1 0 0
vn 0 0 1
vn 0 0 1
vn 1 0 0
vn 1 0 0
vn 0 1 0
vn 0 1 0
vn 0 -1 0
vn 0 -1 0
vn 0 0 -1
vn 0 0 -1
vn -1 0 0
vn -1 0 0
vn 0 0 1
vn 0 0 1
vn 1 0 0
vn 1 0 0
vn 0 1 0
vn 0 1 0
vn 0 -1 0
vn 0 -1 0
vn 0 0 -1
vn 0 0 -1
vn -1 0 0
vn -1 0 0
vn 0 0 1
vn 0 0 1
vn 1 0 0
vn 1 0 0
vn 0 1 0
vn 0 1 0
vn 0 -1 0
vn 0 -1 0
vn 0 0 -1
vn 0 0 -1
vn -1 0 0
vn -1 0 0
vn 0 0 1
vn 0 0 1
vn 1 0 0
vn 1 0 0
vn 0 1 0
vn 0 1 0
vn -1 0 0
vn -1 0 0
vn 0 0 1
vn 0 0 1
vn 1 0 0
vn 1 0 0
vn 0 1 0
vn 0 1 0
vn 0 0 -1
vn 0 0 -1
vn -1 0 0
vn -1 0 0
vn 0 0 1
vn 0 0 1
vn 1 0 0
vn 1 0 0
vn 0 1 0
vn 0 1 0
vn 0 -1 0
vn 0 -1 0
vn 0 0 -1
vn 0 0 -1
vn -1 0 0
vn -1 0 0
vn 0 0 1
vn 0 0 1
vn 1 0 0
vn 1 0 0
vn 0 1 0
vn 0 1 0
vn 0 -1 0
vn 0 -1 0
vn 0 0 -1
vn 0 0 -1
vn -1 0 0
vn -1 0 0
vn 0 0 1
vn 0 0 1
vn 1 0 0
vn 1 0 0
vn 0 1 0
vn 0 1 0
vn 0 -1 0
vn 0 -1 0
vn 0 0 -1
vn 0 0 -1
vn -1 0 0
vn -1 0 0
vn 0 0 1
vn 0 0 1
vn 1 0 0
vn 1 0 0
vn 0 1 0
vn 0 1 0
vn 0 -1 0
vn 0 -1 0
vn 0 0 -1
vn 0 0 -1
vn 0 0 -1
vn 0 0 -1
vn -1 0 0
vn -1 0 0
vn -1 0 0
vn -1 0 0
vn 0 0 1
vn 0 0 1
vn 0 0 1
vn 0 0 1
vn 1 0 0
vn 1 0 0
vn 1 0 0
vn 1 0 0
vn 0 1 0
vn 0 1 0
vn 0 1 0
vn 0 1 0
vn 0 -1 0
vn 0 -1 0
vn 0 -1 0
vn 0 -1 0
vn 0 0 -1
vn 0 0 -1
vn -1 0 0
vn -1 0 0
vn 0 0 1
vn 0 0 1
vn 1 0 0
vn 1 0 0
vn 0 1 0
vn 0 1 0
vn 0 0 -1
vn 0 0 -1
vn -1 0 0
vn -1 0 0
vn 0 0 1
vn 0 0 1
vn 1 0 0
vn 1 0 0
vn 0 1 0
vn 0 1 0
vn 0 -1 0
vn 0 -1 0
vn 0 0 -1
vn 0 0 -1
vn -1 0 0
vn -1 0 0
vn 0 0 1
vn 0 0 1
vn 1 0 0
vn 1 0 0
vn 0 1 0
vn 0 1 0
vn 0 -1 0
vn 0 -1 0
vn 0 0 -1
vn 0 0 -1
vn -1 0 0
vn -1 0 0
vn 0 0 1
vn 0 0 1
vn 1 0 0
vn 1 0 0
vn 0 1 0
vn 0 1 0
vn 0 -1 0
vn 0 -1 0
vn 0 0 -1
vn 0 0 -1
vn -1 0 0
vn -1 0 0
vn 0 0 1
vn 0 0 1
vn 1 0 0
vn 1 0 0
vn 0 1 0
vn 0 1 0
vn 0 -1 0
vn 0 -1 0
vn 0 0 -1
vn 0 0 -1
vn -1 0 0
vn -1 0 0
vn 0 0 1
vn 0 0 1
vn 1 0 0
vn 1 0 0
vn 0 1 0
vn 0 1 0
vn 0 -1 0
vn 0 -1 0
vn 0 0 -1
vn 0 0 -1
vn -1 0 0
vn -1 0 0
vn 0 0 1
vn 0 0 1
vn 1 0 0
vn 1 0 0
vn 0 1 0
vn 0 1 0
vn 0 -1 0
vn 0 -1 0
vn 0 0 -1
vn 0 0 -1
vn -1 0 0
vn -1 0 0
vn 0 0 1
vn 0 0 1
vn 1 0 0
vn 1 0 0
vn 0 1 0
vn 0 1 0
vn 0 -1 0
vn 0 -1 0
vn 0 0 -1
vn 0 0 -1
vn -1 0 0
vn -1 0 0
vn 0 0 1
vn 0 0 1
vn 1 0 0
vn 1 0 0
vn 0 1 0
vn 0 1 0
vn 0 -1 0
vn 0 -1 0
vn 0 0 -1
vn 0 0 -1
vn -1 0 0
vn -1 0 0
vn 0 0 1
vn 0 0 1
vn 1 0 0
vn 1 0 0
vn 0 1 0
vn 0 1 0
vn 0 -1 0
vn 0 -1 0
vn 0 0 -1
vn 0 0 -1
vn -1 0 0
vn -1 0 0
vn 0 0 1
vn 0 0 1
vn 1 0 0
vn 1 0 0
vn 0 1 0
vn 0 1 0
vn 0 -1 0
vn 0 -1 0
vn 0 0 -1
vn 0 0 -1
vn -1 0 0
vn -1 0 0
vn 0 0 1
vn 0 0 1
vn 1 0 0
vn 1 0 0
vn 0 1 0
vn 0 1 0
vn 0 -1 0
vn 0 -1 0
vn 0 0 -1
vn 0 0 -1
vn -1 0 0
vn -1 0 0
vn 0 0 1
vn 0 0 1
vn 1 0 0
vn 1 0 0
vn 0 1 0
vn 0 1 0
vn 0 -1 0
vn 0 -1 0
vn 0 0 -1
vn 0 0 -1
vn -1 0 0
vn -1 0 0
vn 0 0 1
vn 0 0 1
vn 1 0 0
vn 1 0 0
vn 0 1 0
vn 0 1 0
vn 0 -1 0
vn 0 -1 0
vn 0 0 -1
vn 0 0 -1
vn -1 0 0
vn -1 0 0
vn 0 0 1
vn 0 0 1
vn 1 0 0
vn 1 0 0
vn 0 1 0
vn 0 1 0
vn 0 -1 0
vn 0 -1 0
vn 0 0 -1
vn 0 0 -1
vn -1 0 0
vn -1 0 0
vn 0 0 1
vn 0 0 1
vn 1 0 0
vn 1 0 0
vn 0 1 0
vn 0 1 0
vn 0 -1 0
vn 0 -1 0
vn 0.08716718462918366 0.8160302052097393 -0.5713987977841506
vn 0.08714414850606192 0.8160451192471836 -0.5713810118773666
vn -0.9961946698425168 0.07139488866651998 -0.049989495393074616
vn -0.9961946037209394 0.0713943473751514 -0.04999158609363028
vn -0.08716573738139935 -0.8160303089413058 0.5713988704188292
vn -0.08716573738140103 -0.8160303089413068 0.5713988704188275
vn -0.000004495001602244368 0.5735742442486247 0.8191535791989278
vn -2.838572503262101e-7 0.5735752045477734 0.8191529068054997
vn 0.0000043612861450596964 -0.5735754967602926 -0.8191527021851072
vn 0.000004361216109903376 -0.5735754967328601 -0.8191527022043159
vn -0.0871657372740159 0.8160435720519177 -0.571379928557369
vn -0.08715625048873038 0.8160387898644044 -0.571388205546268
vn 0.08716573738139942 -0.816030308941307 0.5713988704188278
vn 0.08715625045220934 -0.81603645115676 0.5713915456065066
vn 0.9961946698433469 0.07139420617184694 -0.0499904700997783
vn 0.9961946309516916 0.07139525280128345 -0.04998975035408683
vn -0.00000955174808155367 0.5735774473926757 0.8191513362934022
vn -0.000009551748080491137 0.5735774473926762 0.819151336293402
vn -0.000004361213734008447 -0.5735754967551033 -0.819152702188741
vn -0.000004361213733979542 -0.5735754967551033 -0.819152702188741
vn 0.9961952124754773 -0.07138864750545504 0.04998759494395081
vn 0.9961952124754774 -0.07138864750545512 0.049987594943950615
vn -0.9961946698430886 -0.07139372828470084 0.0499911525955354
vn -0.9961946309526811 -0.07139477491408297 0.04999043284488481
vn -1 0 0
vn -1 0 0
vn 0 0 1
vn 0 0 1
vn 1 0 0
vn 1 0 0
vn 0 1 0
vn 0 1 0
vn 0 -1 0
vn 0 -1 0
vn 0 0.7660467930834771 -0.6427848090975087
vn 0 0.7660467930834771 -0.6427848090975087
vn -1 0 0
vn -1 0 0
vn 0 -0.7660529481125655 0.6427774736936936
vn 0 -0.7660529481125655 0.6427774736936936
vn 1 0 0
vn 1 0 0
vn 0 0.6427883596997022 0.7660438137825842
vn 0 0.6427883596997022 0.7660438137825842
vn 0 -0.6427910952830301 -0.7660415183427348
vn 0 -0.6427910952830301 -0.7660415183427348
vn 0 0 -1
vn 0 0 -1
vn -1 0 0
vn -1 0 0
vn 0 0 1
vn 0 0 1
vn 1 0 0
vn 1 0 0
vn 0 1 0
vn 0 1 0
vn 0 -1 0
vn 0 -1 0
vn 0 0 -1
vn 0 0 -1
vn -1 0 0
vn -1 0 0
vn 0 0 1
vn 0 0 1
vn 1 0 0
vn 1 0 0
vn 0 1 0
vn 0 1 0
vn 0 -1 0
vn 0 -1 0
vn 0 0 -1
vn 0 0 -1
vn -1 0 0
vn -1 0 0
vn 0 0 1
vn 0 0 1
vn 1 0 0
vn 1 0 0
vn 0 1 0
vn 0 1 0
vn 0 0 -1
vn 0 0 -1
vn -1 0 0
vn -1 0 0
vn 0 0 1
vn 0 0 1
vn 1 0 0
vn 1 0 0
vn 0 1 0
vn 0 1 0
vn 0 -1 0
vn 0 -1 0
vn 0 0 -1
vn 0 0 -1
vn -1 0 0
vn -1 0 0
vn 0 0 1
vn 0 0 1
vn 1 0 0
vn 1 0 0
vn 0 1 0
vn 0 1 0
vn 0 0 -1
vn 0 0 -1
vn -1 0 0
vn -1 0 0
vn 0 0 1
vn 0 0 1
vn 1 0 0
vn 1 0 0
vn 0 1 0
vn 0 1 0
vn 0 -1 0
vn 0 -1 0
vn 0 0 -1
vn 0 0 -1
vn 0 0 -1
vn 0 0 -1
vn 0 0 -1
vn 0 0 -1
vn 0 0 -1
vn 0 0 -1
vn 0 0 -1
vn 0 0 -1
vn 0 0 -1
vn 0 0 -1
vn 0 0 -1
vn 0 0 -1
vn 0 0 -1
vn 0 0 -1
vn 0 0 -1
vn 0 0 -1
vn 0 0 -1
vn 0 0 -1
vn 0 0 -1
vn 0 0 -1
vn 0 0 -1
vn 0 0 1
vn 0 0 1
vn 0 0 1
vn 0 0 1
vn 0 0 1
vn 0 0 1
vn 0 0 1
vn 0 0 1
vn 0 0 1
vn 0 0 1
vn 0 0 1
vn 0 0 1
vn 0 0 1
vn 0 0 1
vn 0 0 1
vn 0 0 1
vn 0 0 1
vn 1 0 0
vn 1 0 0
vn 1 0 0
vn 1 0 0
vn 1 0 0
vn 1 0 0
vn 1 0 0
vn 1 0 0
vn 1 0 0
vn 1 0 0
vn 1 0 0
vn 1 0 0
vn 1 0 0
vn 1 0 0
vn 1 0 0
vn 1 0 0
vn -1 0 0
vn -1 0 0
vn -1 0 0
vn -1 0 0
vn 0 -1 0
vn 0 -1 0
vn 1 0 0
vn 1 0 0
vn 0 1 0
vn 0 1 0
vn 0 1 0
vn 0 1 0
vn 0 1 0
vn 0 1 0
vn 0 0 -1
vn 0 0 -1
vn 0 0 1
vn 0 0 1
vn 0 0 -1
vn 0 0 -1
vn 0 0 -1
vn 0 0 -1
vn 0 0 -1
vn 0 0 -1
vn 0 0 -1
vn 0 0 -1
vn 0 0 -1
vn 0 0 -1
vn 0 0 -1
vn 0 0 -1
vn -1 0 0
vn -1 0 0
vn -1 0 0
vn -1 0 0
vn -1 0 0
vn -1 0 0
vn -1 0 0
vn -1 0 0
vn -1 0 0
vn -1 0 0
vn -1 0 0
vn -1 0 0
vn 0 -1 0
vn 0 -1 0
vn 0 0 1
vn 0 0 1
vn 0 0 1
vn 0 0 1
vn 0 0 1
vn 0 0 1
vn 0 0 1
vn 0 0 1
vn 0 0 1
vn 0 0 1
vn 0 0 1
vn 0 0 1
vn 1 0 0
vn 1 0 0
vn 1 0 0
vn 1 0 0
vn 1 0 0
vn 1 0 0
vn 1 0 0
vn 1 0 0
vn 1 0 0
vn 1 0 0
vn 1 0 0
vn 1 0 0
vn 1 0 0
vn 1 0 0
vn 1 0 0
vn 1 0 0
vn 1 0 0
vn 1 0 0
vn 1 0 0
vn 1 0 0
vn 1 0 0
vn 1 0 0
vn 1 0 0
vn 1 0 0
vn 1 0 0
vn 1 0 0
vn 0 0 0
vn 1 0 0
vn 0 0 0
vn 1 0 0
vn 0 0 0
vn 1 0 0
vn 0 0 -1
vn 0 0 -1
vn 0 1 0
vn 0 1 0
vn 0 1 0
vn 0 1 0
vn 0 1 0
vn 0 1 0
vn 0 1 0
vn 0 1 0
vn -1 0 0
vn -1 0 0
vn -1 0 0
vn -1 0 0
vn 1 0 0
vn 1 0 0
vn 0 0 -1
vn 0 0 -1
vn 0 0 -1
vn 0 0 -1
vn 0 0 -1
vn 0 0 -1
vn 0 0 -1
vn 0 0 -1
vn 0 0 -1
vn 0 0 -1
vn 0 0 -1
vn 0 0 -1
vn 0 0 -1
vn 0 0 1
vn 0 0 1
vn 0 0 1
vn 0 0 1
vn 0 0 1
vn 0 0 1
vn 0 0 1
vn 0 0 1
vn 0 0 1
vn 0 0 1
vn 0 0 1
vn 0 0 1
vn 0 0 1
vn 0 0 1
vn 0 0 1
vn 0 0 1
vn 0 0 1
vn -1 0 0
vn -1 0 0
vn -1 0 0
vn -1 0 0
vn -1 0 0
vn -1 0 0
vn -1 0 0
vn -1 0 0
vn -1 0 0
vn -1 0 0
vn -1 0 0
vn -1 0 0
vn -1 0 0
vn -1 0 0
vn -1 0 0
vn -1 0 0
vn 1 0 0
vn 1 0 0
vn 1 0 0
vn 1 0 0
vn 0 -1 0
vn 0 -1 0
vn -1 0 0
vn -1 0 0
vn 0 1 0
vn 0 1 0
vn 0 1 0
vn 0 1 0
vn 0 1 0
vn 0 1 0
vn 0 0 -1
vn 0 0 -1
vn 0 0 1
vn 0 0 1
vn 0 0 -1
vn 0 0 -1
vn 0 0 -1
vn 0 0 -1
vn 0 0 -1
vn 0 0 -1
vn 0 0 -1
vn 0 0 -1
vn 0 0 -1
vn 0 0 -1
vn 0 0 -1
vn 0 0 -1
vn 1 0 0
vn 1 0 0
vn 1 0 0
vn 1 0 0
vn 1 0 0
vn 1 0 0
vn 1 0 0
vn 1 0 0
vn 1 0 0
vn 1 0 0
vn 1 0 0
vn 1 0 0
vn 0 -1 0
vn 0 -1 0
vn 0 0 1
vn 0 0 1
vn 0 0 1
vn 0 0 1
vn 0 0 1
vn 0 0 1
vn 0 0 1
vn 0 0 1
vn 0 0 1
vn 0 0 1
vn 0 0 1
vn 0 0 1
vn -1 0 0
vn -1 0 0
vn -1 0 0
vn -1 0 0
vn -1 0 0
vn -1 0 0
vn -1 0 0
vn -1 0 0
vn -1 0 0
vn -1 0 0
vn -1 0 0
vn -1 0 0
vn -1 0 0
vn -1 0 0
vn -1 0 0
vn -1 0 0
vn -1 0 0
vn -1 0 0
vn -1 0 0
vn -1 0 0
vn -1 0 0
vn -1 0 0
vn -1 0 0
vn 0 0 0
vn -1 0 0
vn -1 0 0
vn -1 0 0
vn 0 0 0
vn -1 0 0
vn -1 0 0
vn -1 0 0
vn 0 0 0
vn 0 0 -1
vn 0 0 -1
vn 0 1 0
vn 0 1 0
vn 0 1 0
vn 0 1 0
vn 0 1 0
vn 0 1 0
vn 0 1 0
vn 0 1 0
vn 1 0 0
vn 1 0 0
vn 1 0 0
vn 1 0 0
vn -1 0 0
vn -1 0 0
vn 0 0 -1
vn 0 0 -1
vn 0 0 1
vn 0 0 1
vn 0 0 1
vn 0 0 1
vn 0 0 1
vn 0 0 1
vn 0 0 1
vn 0 0 1
vn 0 0 1
vn 0 0 1
vn 0 0 1
vn 0 0 1
vn 0 0 1
vn 0 0 1
vn 0 0 1
vn 0 0 1
vn 0 0 1
vn 0 0 1
vn 0 0 1
vn 0 0 1
vn 0 0 1
vn 0 0 1
vn 0 0 1
vn 0 0 1
vn 0 0 0
vn -1 0 0
vn -1 0 0
vn -1 0 0
vn -1 0 0
vn -1 0 0
vn -1 0 0
vn -1 0 0
vn -1 0 0
vn -1 0 0
vn -1 0 0
vn 1 0 0
vn 1 0 0
vn 1 0 0
vn 1 0 0
vn 1 0 0
vn 1 0 0
vn 1 0 0
vn 1 0 0
vn 1 0 0
vn 1 0 0
vn 0 1 0
vn 0 1 0
vn 0 1 0
vn 0 0 -1
vn 0 0 -1
vn -1 0 0
vn -1 0 0
vn 0 0 1
vn 0 0 1
vn 1 0 0
vn 1 0 0
vn 0 1 0
vn 0 1 0
vn 0 -1 0
vn 0 -1 0
vn 0 0 -1
vn 0 0 -1
vn 0 0 -1
vn 0 0 -1
vn 0 0 -1
vn 0 0 -1
vn 0 0 -1
vn 0 0 -1
vn 0 0 1
vn 0 0 1
vn 0.8660253028382765 -0.5000001748438411 0
vn 0.8660253028382765 -0.5000001748438411 0
vn 0 0 -1
vn 0 0 -1
vn 0 0 -1
vn 0 0 -1
vn 0 0 -1
vn 0 0 -1
vn 0 0 -1
vn 0 0 -1
vn -0.8660253028382762 -0.5000001748438415 0
vn -0.8660253028382762 -0.5000001748438415 0
vn 0 0 1
vn 0 0 1
vn -0.5000001748438407 0.8660253028382766 0
vn -0.5000001748438422 0.8660253028382758 0
vn -0.5000001748438423 0.8660253028382758 0
vn -0.5000001748438426 0.8660253028382755 7.324390570928123e-16
vn -0.8660253028382754 0.500000174843843 0
vn -0.8660253028382765 0.5000001748438411 0
vn -0.8660253028382754 0.500000174843843 0
vn -0.8660253028382765 0.5000001748438411 0
vn -0.8660253028382765 0.5000001748438411 0
vn -0.8660253028382765 0.5000001748438411 0
vn 0 0 1
vn 0 0 1
vn 0.8660253028382756 -0.5000001748438426 0
vn 0.8660253028382756 -0.5000001748438426 0
vn -0.8660253028382752 -0.5000001748438435 0
vn -0.8660253028382752 -0.5000001748438435 0
vn 0 0 1
vn 0 0 1
vn 0.8660253028382761 0.5000001748438416 0
vn 0.8660253028382761 0.5000001748438416 0
vn 0.8660253028382754 0.5000001748438432 0
vn 0.8660253028382754 0.5000001748438432 0
vn 0.8660253028382772 0.5000001748438397 0
vn 0.8660253028382772 0.5000001748438397 0
vn 0.8660253028382753 0.5000001748438432 0
vn 0.8660253028382753 0.5000001748438432 0
vn -0.8660253028382764 0.5000001748438413 0
vn -0.8660253028382764 0.5000001748438413 0
vn 0.5000001748438426 0.8660253028382755 0
vn 0.5000001748438401 0.8660253028382771 0
vn 0.5000001748438421 0.8660253028382758 5.204172247764722e-16
vn 0.5000001748438403 0.8660253028382768 0
vn 0 0 -1
vn 0 0 -1
vn 0 0 -1
vn 0 0 -1
vn 0 0 -1
vn 0 0 -1
vn 0 0 -1
vn 0 0 -1
vn 0 0 1
vn 0 0 1
vn 0 0 1
vn 0 0 1
vn 0 0 1
vn 0 0 1
vn 0 0 1
vn 0 0 1
vn 0 1 0
vn 0 1 0
vn 0 1 0
vn 0 1 0
vn 0 1 0
vn 0 1 0
vn 0 1 0
vn 0 1 0
vn 0 1 0
vn 0 1 0
vn 0 1 0
vn 0 1 0
vn 0 0 -1
vn 0 0 -1
vn 0 0 -1
vn 0 0 -1
vn -1 0 0
vn -1 0 0
vn -1 0 0
vn -1 0 0
vn -1 0 0
vn -1 0 0
vn -1 0 0
vn -1 0 0
vn 0 0 1
vn 0 0 1
vn 0 0 1
vn 0 0 1
vn 1 0 0
vn 1 0 0
vn 1 0 0
vn 1 0 0
vn 1 0 0
vn 1 0 0
vn 1 0 0
vn 1 0 0
vn 0 0 -1
vn 0 0 -1
vn 0 0 -1
vn 0 0 -1
vn 0 0 1
vn 0 0 1
vn 0 0 1
vn 0 0 1
vn -1 0 0
vn -1 0 0
vn -1 0 0
vn -1 0 0
vn -1 0 0
vn -1 0 0
vn -1 0 0
vn -1 0 0
vn 1 0 0
vn 1 0 0
vn 1 0 0
vn 1 0 0
vn 1 0 0
vn 1 0 0
vn 1 0 0
vn 1 0 0
vn 0 0 -1
vn 0 0 -1
vn 0 0 -1
vn 0 0 -1
vn 0 0 -1
vn 0 0 -1
vn 0 0 -1
vn 0 0 -1
vn 0 0 1
vn 0 0 1
vn 0 0 1
vn 0 0 1
vn 0 0 1
vn 0 0 1
vn 0 0 1
vn 0 0 1
vn 0 1 0
vn 0 1 0
vn 0 1 0
vn 0 1 0
vn 0 1 0
vn 0 1 0
vn 0 1 0
vn 0 1 0
vn 0 1 0
vn 0 1 0
vn 0 1 0
vn 0 1 0
vn 0 0 -1
vn 0 0 -1
vn 0 0 -1
vn 0 0 -1
vn -1 0 0
vn -1 0 0
vn -1 0 0
vn -1 0 0
vn -1 0 0
vn -1 0 0
vn -1 0 0
vn -1 0 0
vn 0 0 1
vn 0 0 1
vn 0 0 1
vn 0 0 1
vn 1 0 0
vn 1 0 0
vn 1 0 0
vn 1 0 0
vn 1 0 0
vn 1 0 0
vn 1 0 0
vn 1 0 0
vn 0 0 -1
vn 0 0 -1
vn 0 0 -1
vn 0 0 -1
vn 0 0 1
vn 0 0 1
vn 0 0 1
vn 0 0 1
vn -1 0 0
vn -1 0 0
vn -1 0 0
vn -1 0 0
vn -1 0 0
vn -1 0 0
vn -1 0 0
vn -1 0 0
vn 1 0 0
vn 1 0 0
vn 1 0 0
vn 1 0 0
vn 1 0 0
vn 1 0 0
vn 1 0 0
vn 1 0 0
vn 0 0 -1
vn 0 0 -1
vn 0 0 -1
vn 0 0 -1
vn 0 0 -1
vn 0 0 -1
vn 0 0 -1
vn 0 0 -1
vn -1 0 0
vn -1 0 0
vn -1 0 0
vn -1 0 0
vn -1 0 0
vn -1 0 0
vn -1 0 0
vn -1 0 0
vn 0 0 1
vn 0 0 1
vn 0 0 1
vn 0 0 1
vn 0 0 1
vn 0 0 1
vn 0 0 1
vn 0 0 1
vn 1 0 0
vn 1 0 0
vn 1 0 0
vn 1 0 0
vn 1 0 0
vn 1 0 0
vn 1 0 0
vn 1 0 0
vn 0 1 0
vn 0 1 0
vn 0 1 0
vn 0 1 0
vn 0 1 0
vn 0 1 0
vn 0 1 0
vn 0 1 0
vn -1 0 0
vn -1 0 0
vn -1 0 0
vn -1 0 0
vn 1 0 0
vn 1 0 0
vn 1 0 0
vn 1 0 0
vn 0 0 -1
vn 0 0 -1
vn 0 0 -1
vn 0 0 -1
vn 0 0 1
vn 0 0 1
vn 0 0 1
vn 0 0 1
vn 0.46174684159663737 0.00000419769855568632 -0.8870117554226151
vn 0.46174311820751246 0 -0.887013693686858
vn 0.4617431182075124 0 -0.8870136936868581
vn 0.46174808273607415 -0.000005596946454571117 -0.8870111093206408
vn 0.4617431182075102 0 -0.8870136936868592
vn 0.46174311820751024 0 -0.8870136936868592
vn 0.46174808273607415 -0.000005596946452063125 -0.8870111093206409
vn 0.46174684159663737 0.000004197698558255412 -0.8870117554226151
vn -0.8870099192177121 0.000008174304775982983 -0.46175036886024096
vn -0.8870136936868601 0 -0.4617431182075087
vn -0.8870098936850441 0.000008561330060186437 -0.46175041790078597
vn -0.88701369368686 0 -0.46174311820750863
vn -0.8870059403797984 0 -0.46175801209177686
vn -0.8870059403797985 0 -0.46175801209177686
vn -0.8870099192177123 -0.000008174304775982932 -0.461750368860241
vn -0.8870098936850441 -0.000008561330060186381 -0.4617504179007859
vn -0.46175041790078625 -0.0000085613300638566 0.8870098936850439
vn -0.4617580120917804 0 0.8870059403797965
vn -0.4617580120917804 0 0.8870059403797965
vn -0.46175036886024096 -0.000008174304777389873 0.8870099192177121
vn -0.4617431182075073 0 0.8870136936868607
vn -0.46174311820750746 0 0.8870136936868608
vn -0.4617503688585264 0.000008616617729536216 0.8870099192144184
vn -0.46175041790207233 0.000008229594226167736 0.8870098936875144
vn 0.8870124015176435 0.0000027984581837817576 0.4617456004620633
vn 0.8870136936868598 0 0.46174311820750896
vn 0.8870108625619246 0.00002612421582618469 0.46174855605045073
vn 0.88701369368686 0 0.461743118207509
vn 0.8869988000065728 0 0.4617717280073568
vn 0.8869988000065728 0 0.46177172800735666
vn 0.8870124015176435 -0.0000027984581837817394 0.4617456004620633
vn 0.8870108625619246 -0.000026124215826184516 0.4617485560504506
vn 0 1 0
vn 0 1 0
vn 0 1 0
vn 0 1 0
vn 0 1 0
vn 0 1 0
vn 0 1 0
vn 0 1 0
vn -0.887005940379797 0 -0.46175801209177986
vn -0.887005940379797 0 -0.46175801209177986
vn -0.8870136936868607 0 -0.4617431182075073
vn -0.8870136936868607 0 -0.4617431182075073
vn 0.8870136936868606 0 0.46174311820750763
vn 0.8870136936868606 0 0.46174311820750763
vn 0.8870136936868599 0 0.4617431182075089
vn 0.8870136936868599 0 0.4617431182075089
vn 0.4617431182075099 0 -0.8870136936868595
vn 0.4617431182075099 0 -0.8870136936868595
vn 0.46174311820750735 0 -0.8870136936868608
vn 0.46174311820750735 0 -0.8870136936868608
vn -0.4617717280073576 0 0.8869988000065722
vn -0.4617717280073576 0 0.8869988000065722
vn -0.461743118207507 0 0.8870136936868608
vn -0.461743118207507 0 0.8870136936868608
vn -0.06838923663879859 0.0015320609655454186 0.9976575389887856
vn 0 0.0699139726481142 0.9975530243694112
vn 0 0.06991397264811419 0.9975530243694111
vn -0.049571662376340794 0 0.9987705693948166
vn 0 -0.04427653596582023 0.99901931330824
vn 0 -0.04427653596582023 0.9990193133082401
vn 0.049571662376340794 0 0.9987705693948166
vn 0.06838923663879859 0.0015320609655454182 0.9976575389887856
vn 0.06838923663879859 0.0015320609655454186 -0.9976575389887856
vn 0 0.0699139726481142 -0.9975530243694112
vn 0 0.06991397264811419 -0.9975530243694111
vn 0.049571662376340794 0 -0.9987705693948166
vn 0 -0.04427653596582023 -0.99901931330824
vn 0 -0.04427653596582023 -0.9990193133082401
vn -0.049571662376340794 0 -0.9987705693948166
vn -0.06838923663879859 0.0015320609655454182 -0.9976575389887856
vn 0.06991397264811434 -0.9975530243694112 0
vn 0 -0.9975530243694112 -0.0699139726481142
vn 0.06991397264811433 -0.9975530243694111 0
vn 0 -0.9975530243694112 0.0699139726481142
vn 0 -0.9975530243694111 0.06991397264811419
vn 0 -0.9975530243694111 -0.06991397264811419
vn -0.06991397264811434 -0.9975530243694112 0
vn -0.06991397264811433 -0.9975530243694111 0
vn 0 -1 0
vn 0 -1 0
vn 0 -1 0
vn 0 -1 0
vn 0 0 1
vn 0 0 1
vn 0 0 1
vn 0 0 1
vn 0.9975530243694112 0.06991397264811226 0
vn 0.9976575389887857 0.001532060965545103 -0.06838923663879683
vn 0.9975530243694112 0.06991397264811226 0
vn 0.9976575389887857 0.001532060965545103 0.06838923663879683
vn 0.9987705693948166 0 -0.04957166237634289
vn 0.99901931330824 -0.044276535965822 0
vn 0.9990193133082401 -0.044276535965822005 0
vn 0.9987705693948166 0 0.04957166237634289
vn 0 0 -1
vn 0 0 -1
vn 0 0 -1
vn 0 0 -1
vn -0.9975530243694112 0.06991397264811226 0
vn -0.9976575389887857 0.001532060965545103 -0.06838923663879683
vn -0.9975530243694112 0.06991397264811226 0
vn -0.9987705693948166 0 -0.04957166237634289
vn -0.9976575389887857 0.001532060965545103 0.06838923663879683
vn -0.9987705693948166 0 0.04957166237634289
vn -0.99901931330824 -0.044276535965822 0
vn -0.9990193133082401 -0.044276535965822005 0
vn 0 0 1
vn 0 0 1
vn 0 0 1
vn 0 0 1
vn 0 0 -1
vn 0 0 -1
vn 0 0 -1
vn 0 0 -1
vn 1 0 0
vn 1 0 0
vn 1 0 0
vn 1 0 0
vn 1 0 0
vn 1 0 0
vn 1 0 0
vn 1 0 0
vn -1 0 0
vn -1 0 0
vn -1 0 0
vn -1 0 0
vn -1 0 0
vn -1 0 0
vn -1 0 0
vn -1 0 0
vn -0.06838923663879859 0.0015320609655454186 0.9976575389887856
vn 0 0.0699139726481142 0.9975530243694112
vn 0 0.06991397264811419 0.9975530243694111
vn -0.049571662376340794 0 0.9987705693948166
vn 0 -0.04427653596582023 0.99901931330824
vn 0 -0.04427653596582023 0.9990193133082401
vn 0.049571662376340794 0 0.9987705693948166
vn 0.06838923663879859 0.0015320609655454182 0.9976575389887856
vn 0.06838923663879859 0.0015320609655454186 -0.9976575389887856
vn 0 0.0699139726481142 -0.9975530243694112
vn 0 0.06991397264811419 -0.9975530243694111
vn 0.049571662376340794 0 -0.9987705693948166
vn 0 -0.04427653596582023 -0.99901931330824
vn 0 -0.04427653596582023 -0.9990193133082401
vn -0.049571662376340794 0 -0.9987705693948166
vn -0.06838923663879859 0.0015320609655454182 -0.9976575389887856
vn 0.06991397264811434 -0.9975530243694112 0
vn 0 -0.9975530243694112 -0.0699139726481142
vn 0.06991397264811433 -0.9975530243694111 0
vn 0 -0.9975530243694112 0.0699139726481142
vn 0 -0.9975530243694111 0.06991397264811419
vn 0 -0.9975530243694111 -0.06991397264811419
vn -0.06991397264811434 -0.9975530243694112 0
vn -0.06991397264811433 -0.9975530243694111 0
vn 0 -1 0
vn 0 -1 0
vn 0 -1 0
vn 0 -1 0
vn 0 0 1
vn 0 0 1
vn 0 0 1
vn 0 0 1
vn 0.9975530243694112 0.06991397264811226 0
vn 0.9976575389887857 0.001532060965545103 -0.06838923663879683
vn 0.9975530243694112 0.06991397264811226 0
vn 0.9976575389887857 0.001532060965545103 0.06838923663879683
vn 0.9987705693948166 0 -0.04957166237634289
vn 0.99901931330824 -0.044276535965822 0
vn 0.9990193133082401 -0.044276535965822005 0
vn 0.9987705693948166 0 0.04957166237634289
vn 0 0 -1
vn 0 0 -1
vn 0 0 -1
vn 0 0 -1
vn -0.9975530243694112 0.06991397264811226 0
vn -0.9976575389887857 0.001532060965545103 -0.06838923663879683
vn -0.9975530243694112 0.06991397264811226 0
vn -0.9987705693948166 0 -0.04957166237634289
vn -0.9976575389887857 0.001532060965545103 0.06838923663879683
vn -0.9987705693948166 0 0.04957166237634289
vn -0.99901931330824 -0.044276535965822 0
vn -0.9990193133082401 -0.044276535965822005 0
vn 0 0 1
vn 0 0 1
vn 0 0 1
vn 0 0 1
vn 0 0 -1
vn 0 0 -1
vn 0 0 -1
vn 0 0 -1
vn 1 0 0
vn 1 0 0
vn 1 0 0
vn 1 0 0
vn 1 0 0
vn 1 0 0
vn 1 0 0
vn 1 0 0
vn -1 0 0
vn -1 0 0
vn -1 0 0
vn -1 0 0
vn -1 0 0
vn -1 0 0
vn -1 0 0
vn -1 0 0
vn 0 0.05739221218709012 0.998351708557797
vn 0.042681410232841346 0.0019746232893899252 0.9990867820581959
vn 0.05739221218709011 0 0.9983517085577969
vn 0 0.05739221218709011 0.9983517085577969
vn -0.04268141023284136 0.001974623289389942 0.9990867820581959
vn -0.05739221218709029 0 0.9983517085577969
vn 0 -0.03690816922811123 0.9993186614109782
vn 0 -0.036908169228111236 0.9993186614109782
vn 0.998351708557797 0.05739221218708853 0
vn 0.999086782058196 0.0019746232893897483 -0.04268141023284108
vn 0.9983517085577969 0 -0.05739221218708852
vn 0.9983517085577969 0.05739221218708852 0
vn 0.9990867820581959 0.0019746232893897517 0.04268141023284107
vn 0.9983517085577969 0 0.057392212187088544
vn 0.9993186614109782 -0.03690816922811123 0
vn 0.9993186614109782 -0.03690816922811123 0
vn 0 0.057392212187090307 -0.9983517085577968
vn 0.04268141023284215 0.001974623289389842 -0.9990867820581958
vn 0.05739221218709031 0 -0.9983517085577969
vn 0 0.05739221218709031 -0.9983517085577969
vn -0.04268141023284217 0.0019746232893898584 -0.9990867820581958
vn -0.057392212187090494 0 -0.9983517085577969
vn 0 -0.03690816922811207 -0.9993186614109782
vn 0 -0.03690816922811206 -0.9993186614109782
vn -0.9983517085577969 0.0573922121870917 0
vn -0.9990867820581959 0.0019746232893901247 0.04268141023284148
vn -0.9983517085577969 0 0.05739221218709173
vn -0.9983517085577969 0.0573922121870917 0
vn -0.9990867820581958 0.00197462328939012 -0.04268141023284148
vn -0.9983517085577969 0 -0.05739221218709171
vn -0.9993186614109782 -0.03690816922811123 0
vn -0.9993186614109782 -0.03690816922811122 0
vn 0 -0.9983517085577963 -0.05739221218709804
vn 0.05739221218709804 -0.9983517085577963 0
vn 0.05739221218709806 -0.9983517085577964 0
vn 0 -0.9983517085577963 -0.05739221218709804
vn -0.05739221218709823 -0.9983517085577963 0
vn -0.05739221218709824 -0.9983517085577964 0
vn 0 -0.9983517085577964 0.057392212187098085
vn 0 -0.9983517085577963 0.057392212187098064
vn 1 0 0
vn 1 0 0
vn 1 0 0
vn 1 0 0
vn -1 0 0
vn -1 0 0
vn -1 0 0
vn -1 0 0
vn 0 0 1
vn 0 0 1
vn 0 0 1
vn 0 0 1
vn 0 0 -1
vn 0 0 -1
vn 0 0 -1
vn 0 0 -1
vn -0.46083038306230234 0.06306135573847997 0.8852449511062328
vn -0.5029243283316975 0.0021443601667743522 0.8643277860230958
vn -0.5167666120745342 0 0.8561263158232013
vn -0.4608310929337873 0.0630693068559789 0.8852440151269917
vn -0.41955728780788837 0.002146141110136578 0.9077263223712443
vn -0.4048870767028861 0 0.9143666961996108
vn -0.4613754508453417 -0.04028945210481408 0.8862897118924218
vn -0.4613761108917087 -0.04028497200528864 0.8862895719396539
vn 0.885246606724038 0.06304942186029744 0.4608288355633344
vn 0.9077181014456431 0.002146187277133552 0.41957507336362204
vn 0.9143585639356991 0 0.4049054415014031
vn 0.8852466978926772 0.06306564187909626 0.4608264409563417
vn 0.864327786023097 0.0021443601667744242 0.5029243283316952
vn 0.8561263158232023 0 0.5167666120745326
vn 0.8862920190005539 -0.040294292969394956 0.46137059616973697
vn 0.8862911852713569 -0.04026760843196893 0.4613745274952479
vn 0.4608303830623021 0.06306135573847721 -0.8852449511062331
vn 0.5029090809319303 0.002146710624954661 -0.8643366519763547
vn 0.5167666120745317 0 -0.8561263158232029
vn 0.4608310929337876 0.06306930685598257 -0.8852440151269911
vn 0.4195572878078859 0.0021461411101366032 -0.9077263223712455
vn 0.40488707670288343 0 -0.9143666961996121
vn 0.4613757626464395 -0.04027270203227356 -0.8862903108538625
vn 0.4613742403752621 -0.0402830348780714 -0.8862906337196406
vn -0.8852476226104274 0.06303129040758806 -0.460829364398733
vn -0.9077244004455596 0.0021419845582829433 -0.4195614671748371
vn -0.9143521003785517 0 -0.4049200372089915
vn -0.8852474871577242 0.06300733623935502 -0.4608329003673196
vn -0.8643553847352597 0.002144489562002271 -0.5028768935273121
vn -0.8561542839799978 0 -0.5167202744451757
vn -0.8862914607460246 -0.04024052550255844 -0.461376361245303
vn -0.8862926733532241 -0.04027931370122861 -0.46137064714625386
vn 0.02910812017880591 -0.9980110782368469 -0.0559160536535146
vn -0.05591483317729891 -0.9980111695850171 -0.02910733265521036
vn 0.029107494300609212 -0.9980111933943309 -0.05591432406069066
vn 0.055916784621472794 -0.9980110306227248 0.029108348509707286
vn 0.05591593901428248 -0.998011095337858 0.029107754064514543
vn -0.05591608194144078 -0.9980110740170458 -0.029108210519732114
vn -0.02910741895526219 -0.9980111822964877 0.055914561367589904
vn -0.02910759135945027 -0.998011150575339 0.05591503780325427
vn 0.8870136936868607 0 0.4617431182075073
vn 0.8870136936868607 0 0.4617431182075073
vn 0.8870136936868602 0 0.4617431182075087
vn 0.8870136936868602 0 0.4617431182075087
vn -0.8870059403797974 0 -0.46175801209177886
vn -0.8870136936868599 0 -0.4617431182075089
vn -0.8870059403797974 0 -0.46175801209177886
vn -0.8870136936868599 0 -0.4617431182075089
vn -0.4617717280073576 0 0.8869988000065722
vn -0.461743118207507 0 0.8870136936868608
vn -0.4617717280073576 0 0.8869988000065722
vn -0.461743118207507 0 0.8870136936868608
vn 0.4617431182075099 0 -0.8870136936868595
vn 0.4617431182075099 0 -0.8870136936868595
vn 0.4617580120917779 0 -0.8870059403797979
vn 0.4617580120917779 0 -0.8870059403797979
vn 0 0 1
vn 0 0 1
vn 1 0 0
vn 1 0 0
vn 0 -0.000004256641424748714 -0.9999999999909406
vn 0 -0.000004256641424748714 -0.9999999999909406
vn -1 0 0
vn -1 0 0
vn 0 1 0
vn 0 1 0
vn 0 -1 0
vn 0 -1 0
vn 0 -0.866025816113675 0.49999928582413344
vn 0 -0.866025816113675 0.49999928582413344
vn 1 0 0
vn 1 0 0
vn 0 0.8660246782793488 -0.5000012566095717
vn 0 0.8660246782793488 -0.5000012566095717
vn -1 0 0
vn -1 0 0
vn 0 0.5000032611835332 0.8660235209310608
vn 0 0.5000032611835332 0.8660235209310608
vn 0 -0.499987959165598 -0.8660323554518159
vn 0 -0.499987959165598 -0.8660323554518159
vn 0 -0.8433916183796989 -0.5372993374710902
vn 0 -0.8433916183796989 -0.5372993374710902
vn 1 0 0
vn 1 0 0
vn 0 0.843390833634249 0.5373005692735925
vn 0 0.843390833634249 0.5373005692735925
vn -1 0 0
vn -1 0 0
vn 0 -0.5373057998478281 0.8433875013597759
vn 0 -0.5373057998478281 0.8433875013597759
vn 0 0.5372820416349738 -0.8434026367853935
vn 0 0.5372820416349738 -0.8434026367853935
vn 0 0 -1
vn 0 0 -1
vn 1 0 0
vn 1 0 0
vn 0 0 1
vn 0 0 1
vn -1 0 0
vn -1 0 0
vn 0 -1 0
vn 0 -1 0
vn 0 1 0
vn 0 1 0
vn 0 0.8660265424526243 -0.4999980277636635
vn 0 0.8660265424526243 -0.4999980277636635
vn 1 0 0
vn 1 0 0
vn 0 -0.8660253098027924 0.5000001627809509
vn 0 -0.8660253098027924 0.5000001627809509
vn -1 0 0
vn -1 0 0
vn 0 -0.5000032611835332 -0.8660235209310608
vn 0 -0.5000032611835332 -0.8660235209310608
vn 0 0.49998795916559957 0.866032355451815
vn 0 0.49998795916559957 0.866032355451815
vn 0 0.8433899072397385 0.5373020234152721
vn 0 0.8433899072397384 0.5373020234152721
vn 1 0 0
vn 1 0 0
vn 0 -0.8433921603374411 -0.537298486766289
vn 0 -0.8433921603374411 -0.537298486766289
vn -1 0 0
vn -0.9999999997795117 0.00001987861003854239 0.000006768863412507623
vn 0 0.5372965543364275 -0.8433933914243118
vn 0 0.5372965543364275 -0.8433933914243118
vn 0 -0.5373057998478282 0.8433875013597757
vn 0 -0.5373057998478282 0.8433875013597757
vn 0 -0.8660231747752768 0.5000038607372453
vn 0 -0.8660231747752768 0.5000038607372453
vn 1 0 0
vn 1 0 0
vn 0 0.8660231747752768 -0.5000038607372455
vn 0 0.8660231747752768 -0.5000038607372455
vn -1 0 0
vn -1 0 0
vn 0 0.4999996782921491 0.8660255895224733
vn 0 0.4999996782921491 0.8660255895224733
vn 0 -0.499999678292149 -0.8660255895224734
vn 0 -0.499999678292149 -0.8660255895224734
vn 0 0.8433917636495583 0.5372991094428574
vn 0 0.8433917636495583 0.5372991094428574
vn 1 0 0
vn 1 0 0
vn 0 -0.8433917636495583 -0.5372991094428574
vn 0 -0.8433917636495583 -0.5372991094428574
vn -1 0 0
vn -1 0 0
vn 0 0.5373029279641856 -0.8433893309742028
vn 0 0.5373029279641856 -0.8433893309742028
vn 0 -0.5373029279641856 0.8433893309742028
vn 0 -0.5373029279641856 0.8433893309742028
vn 0 -0.707115233588078 0.7070983286839801
vn 0 -0.707115233588078 0.7070983286839801
vn 1 0 0
vn 1 0 0
vn 0 0.7071067811865482 -0.7071067811865469
vn 0 0.7071067811865482 -0.7071067811865469
vn -1 0 0
vn -1 0 0
vn 0 0.707106781186548 0.7071067811865471
vn 0 0.707106781186548 0.7071067811865471
vn 0 -0.70709856345798 -0.707114998819613
vn 0 -0.70709856345798 -0.707114998819613
vn 0 -0.21644490869743482 0.9762948332849863
vn 0 -0.21644490869743482 0.9762948332849863
vn 1 0 0
vn 1 0 0
vn 0 0.2164428248931666 -0.9762952952627941
vn 0.00002888197433965807 0.21643342557373207 -0.976297378599498
vn -1 0 0
vn -1 0 0
vn -0.000006403553471533645 0.9762916386056679 0.21645931799683418
vn 0 0.9762927475007255 0.21645431660626396
vn 0 -0.9762966398984185 -0.21643675963906425
vn 0 -0.9762966398984185 -0.21643675963906425
vn 0 -0.9238791101957614 -0.38268445192336775
vn 0 -0.9238791101957614 -0.38268445192336775
vn 1 0 0
vn 1 0 0
vn 0 0.9238791101957614 0.3826844519233678
vn 0 0.9238791101957614 0.3826844519233678
vn -1 0 0
vn -1 0 0
vn 0 -0.38267020403799923 0.9238850117528242
vn 0 -0.38267020403799923 0.9238850117528242
vn 0 0.3826702040379997 -0.923885011752824
vn 0 0.3826702040379997 -0.923885011752824
vn 0 -0.9063097960762324 0.42261395331467483
vn 0 -0.9063097960762324 0.42261395331467483
vn 1 0 0
vn 1 0 0
vn 0 0.9063037542269631 -0.42262691002125335
vn 0 0.9063037542269631 -0.42262691002125335
vn -1 0 0
vn -1 0 0
vn 0 0.42262632333205224 0.9063040278112151
vn 0 0.42262632333205224 0.9063040278112151
vn 0 -0.422616716989241 -0.9063085073644822
vn 0 -0.422616716989241 -0.9063085073644822
vn 0 -0.21643550938667555 -0.9762969170680252
vn 0 -0.21643550938667555 -0.9762969170680252
vn 1 0 0
vn 1 0 0
vn 0 0.21644282489316682 0.9762952952627939
vn 0 0.21644282489316682 0.9762952952627939
vn -1 0 0
vn -1 0 0
vn 0 -0.9762988827538105 0.21642664238411455
vn 0 -0.9762988827538105 0.21642664238411455
vn 0 0.9762925184068744 -0.21645534990561657
vn 0 0.9762925184068744 -0.21645534990561657
vn 0 -0.8433917636495586 -0.5372991094428569
vn 0 -0.8433917636495586 -0.5372991094428569
vn 1 0 0
vn 1 0 0
vn 0 0.8433917636495583 0.5372991094428574
vn 0 0.8433917636495583 0.5372991094428574
vn -1 0 0
vn -1 0 0
vn 0 -0.5372853921001967 0.8434005023923913
vn 0 -0.5372853921001967 0.8434005023923913
vn 0 0.5372853921001957 -0.843400502392392
vn 0 0.5372853921001957 -0.843400502392392
vn 0 0.7933533661836651 -0.6087613952650474
vn 0 0.7933533661836651 -0.6087613952650474
vn 1 0 0
vn 1 0 0
vn 0 -0.7933533661836651 0.6087613952650474
vn 0 -0.7933533661836651 0.6087613952650474
vn -1 0 0
vn -1 0 0
vn 0 -0.6087717216061528 -0.7933454423973713
vn 0 -0.6087717216061528 -0.7933454423973713
vn 0 0.6087717216061527 0.7933454423973714
vn 0 0.6087717216061527 0.7933454423973714
vn 0 0.17365154636886615 -0.9848071590132262
vn 0 0.17365154636886615 -0.9848071590132262
vn 1 0 0
vn 1 0 0
vn 0 -0.17363927339656707 0.9848093230338106
vn 0 -0.17363927339656707 0.9848093230338106
vn -1 0 0
vn -1 0 0
vn 0 -0.9848066311384511 -0.17365454000899222
vn 0 -0.9848066311384511 -0.17365454000899222
vn 0 0.9848101036444518 0.17363484604135263
vn 0 0.9848101036444518 0.17363484604135263
vn 0 0.9238782990560279 0.3826864101759311
vn 0 0.9238782990560279 0.3826864101759311
vn 1 0 0
vn 1 0 0
vn 0 -0.9238819690026258 -0.38267755010169
vn 0 -0.9238819690026258 -0.38267755010169
vn -1 0 0
vn -1 0 0
vn 0 0.3826788723946154 -0.9238814212997175
vn 0 0.3826788723946154 -0.9238814212997175
vn 0 -0.3826866201230404 0.9238782120922671
vn 0 -0.3826866201230404 0.9238782120922671
vn 0 0.1736514261394003 0.9848071802133415
vn 0 0.1736514261394003 0.9848071802133415
vn 1 0 0
vn 1 0 0
vn 0 -0.17365142613940035 -0.9848071802133412
vn 0 -0.17365142613940035 -0.9848071802133412
vn -1 0 0
vn -1 0 0
vn 0 0.9848066311384511 -0.17365454000899222
vn 0 0.9848066311384511 -0.17365454000899222
vn 0 -0.9848066311384511 0.17365454000899228
vn 0 -0.9848066311384511 0.17365454000899228
vn 0 0.9238819690026258 -0.38267755010169
vn 0 0.9238819690026258 -0.38267755010169
vn 1 0 0
vn 1 0 0
vn 0 -0.9238782990560278 0.38268641017593086
vn 0 -0.9238782990560278 0.38268641017593086
vn -1 0 0
vn -1 0 0
vn 0 -0.38267068221120987 -0.9238848136948714
vn 0 -0.38267068221120987 -0.9238848136948714
vn 0 0.38267872772639 0.9238814812224087
vn 0 0.38267872772639 0.9238814812224087
vn 0 -0.7071067811865476 0.7071067811865475
vn 0 -0.7071067811865476 0.7071067811865475
vn 1 0 0
vn 1 0 0
vn 0 0.7071067811865476 -0.7071067811865475
vn 0 0.7071067811865476 -0.7071067811865475
vn -1 0 0
vn -1 0 0
vn 0 0.707106781186548 0.707106781186547
vn 0 0.707106781186548 0.707106781186547
vn 0 -0.707106781186548 -0.707106781186547
vn 0 -0.707106781186548 -0.707106781186547
vn 0 0 1
vn 0 0 1
vn 1 0 0
vn 1 0 0
vn 0 0 -1
vn 0.000029583173076838693 -0.000009699509200143342 -0.9999999995153779
vn -1 0 0
vn -1 0 0
vn 0 1 0
vn 0 1 0
vn 0 -1 0
vn 0 -1 0
vn 0 0 1
vn 0 0 1
vn 1 0 0
vn 1 0 0
vn 0 0 -1
vn 0 0 -1
vn -1 0 0
vn -1 0 0
vn 0 1 0
vn 0 1 0
vn 0 -1 0
vn 0 -1 0
vn 0 1 0
vn 0 1 0
vn 1 0 0
vn 1 0 0
vn 0 -1 0
vn 0 -1 0
vn -1 0 0
vn -1 0 0
vn 0 0 -1
vn 0 0 -1
vn 0 0 1
vn 0 0 1
vn 0 -1 0
vn 0 -1 0
vn 1 0 0
vn 1 0 0
vn 0 1 0
vn 0 1 0
vn -1 0 0
vn -1 0 0
vn 0 0 1
vn 0 0 1
vn 0 0 -1
vn 0 0 -1
vn 0 -0.9659273008272947 -0.2588135419882375
vn 0 -0.9659273008272946 -0.25881354198823747
vn 1 0 0
vn 1 0 0
vn 0 0.9659273008272947 0.25881354198823764
vn 0 0.9659273008272946 0.2588135419882376
vn -0.9999999998571127 0.000004375394817473687 -0.00001632882453757593
vn -0.9999999998571127 0.0000043753948174736776 -0.000016328824537575922
vn 0 -0.25882453500206076 0.965924355258199
vn 0 -0.25882453500206076 0.965924355258199
vn 0 0.2588245350020611 -0.9659243552581988
vn 0 0.2588245350020611 -0.9659243552581988
vn 0 -0.21643461635788042 -0.9762971150433752
vn 0 -0.21643461635788042 -0.9762971150433752
vn 1 0 0
vn 1 0 0
vn 0 0.21645072936524368 0.9762935428226769
vn 0 0.21645072936524368 0.9762935428226769
vn -0.9999999998649387 -0.0000035574570345023643 -0.00001604578714906127
vn -0.9999999998649429 -0.0000035571351330527118 -0.000016045588393662474
vn 0 -0.9762971463728358 0.21643447503634416
vn 0 -0.9762971463728357 0.2164344750363441
vn 0 0.9762963764681335 -0.21643794790930865
vn 0 0.9762963764681335 -0.21643794790930865
vn 0 0.7071067811865481 -0.707106781186547
vn 0 0.7071067811865481 -0.707106781186547
vn 1 0 0
vn 1 0 0
vn 0 -0.7070983286839793 0.7071152335880788
vn 0 -0.7070983286839793 0.7071152335880788
vn -1 0 0
vn -1 0 0
vn 0 -0.7070985634579805 -0.7071149988196123
vn 0 -0.7070985634579805 -0.7071149988196123
vn 0 0.7071067811865477 0.7071067811865475
vn 0 0.7071067811865477 0.7071067811865475
vn 0 0.9762935428226774 0.2164507293652415
vn 0 0.9762935428226776 0.21645072936524157
vn 1 0 0
vn 1 0 0
vn 0 -0.9762935428226768 -0.21645072936524423
vn 0 -0.9762935428226768 -0.21645072936524423
vn -0.9999999998571117 -0.0000036588684541545475 0.000016504222333790633
vn -0.9999999998571117 -0.0000036588684541545754 0.000016504222333790647
vn 0 0.2164379479093112 -0.976296376468133
vn 0 0.2164379479093112 -0.976296376468133
vn 0 -0.21643794790930987 0.9762963764681333
vn 0 -0.21643794790930987 0.9762963764681333
vn 0 0.30070739137514585 0.9537164488318082
vn 0 0.30070739137514585 0.9537164488318082
vn 1 0 0
vn 1 0 0
vn 0 -0.300702543251308 -0.9537179774347317
vn 0 -0.300702543251308 -0.9537179774347317
vn -0.999999999864939 0.000004942164461663753 0.000015674729729800054
vn -0.9999999998649377 0.000004942268568028553 0.000015674782074089188
vn 0 0.9537176960490161 -0.30070343570194996
vn 0 0.9537176960490161 -0.30070343570194996
vn 0 -0.9537129824881608 0.30071838492772107
vn 0 -0.9537129824881609 0.3007183849277211
vn 0 0 1
vn 0 0 1
vn -1 0 0
vn -1 0 0
vn 0 0 -1
vn 0 0 -1
vn 1 0 0
vn 1 0 0
vn 0 1 0
vn 0 1 0
vn 0 -1 0
vn 0 -1 0
vn 0 -0.8660246782793488 0.5000012566095717
vn 0 -0.8660246782793488 0.5000012566095717
vn -1 0 0
vn -1 0 0
vn 0 0.866025816113675 -0.49999928582413344
vn 0 0.866025816113675 -0.49999928582413344
vn 0.9999999999896428 0.0000022756765414633855 0.0000039415531136204586
vn 0.9999999999896427 0.000002275615866754083 0.0000039416088588962255
vn 0 0.4999879591655977 0.866032355451816
vn 0 0.4999879591655977 0.866032355451816
vn 0 -0.5000032611835334 -0.8660235209310608
vn 0 -0.5000032611835334 -0.8660235209310608
vn 0 -0.8433929958824518 -0.5372971752172374
vn 0 -0.8433929958824518 -0.5372971752172374
vn -1 0 0
vn -1 0 0
vn 0 0.843390833634249 0.5373005692735925
vn 0 0.8433908336342492 0.5373005692735925
vn 0.9999999999886162 -0.0000025637382398895083 0.000004024295096280711
vn 0.9999999997918644 0.000017207516542657937 0.000010962327261445024
vn 0 -0.5373057998478281 0.8433875013597758
vn 0 -0.5373057998478281 0.8433875013597759
vn 0 0.5372965543364278 -0.8433933914243118
vn 0 0.5372965543364278 -0.8433933914243118
vn 0 0 -1
vn 0 0 -1
vn -1 0 0
vn -1 0 0
vn 0 0 1
vn 0 0 1
vn 1 0 0
vn 1 0 0
vn 0 -1 0
vn 0 -1 0
vn 0 1 0
vn 0 1 0
vn 0 0.8660253098027928 -0.5000001627809503
vn 0 0.8660253098027928 -0.5000001627809503
vn -1 0 0
vn -1 0 0
vn 0 -0.8660265424526239 0.4999980277636641
vn 0 -0.8660265424526239 0.4999980277636641
vn 1 0 0
vn 1 0 0
vn 0 -0.4999879591655977 -0.866032355451816
vn 0 -0.4999879591655977 -0.866032355451816
vn 0 0.500003261183535 0.8660235209310598
vn 0 0.500003261183535 0.8660235209310598
vn 0 0.8433884718392088 0.5373042765219018
vn 0 0.8433884718392087 0.5373042765219018
vn -1 0 0
vn -1 0 0
vn 0 -0.8433907249519732 -0.5373007398701265
vn 0 -0.8433907249519732 -0.5373007398701265
vn 1 0 0
vn 0.9999999997795119 0.000019878591955768774 0.000006768891797003402
vn 0 0.5372965543364275 -0.8433933914243118
vn 0 0.5372965543364276 -0.8433933914243119
vn 0 -0.5373057998478282 0.8433875013597757
vn 0 -0.5373057998478282 0.8433875013597757
vn 0 -0.8660231747752768 0.5000038607372455
vn 0 -0.8660231747752768 0.5000038607372455
vn -1 0 0
vn -1 0 0
vn 0 0.8660256400895378 -0.4999995907073389
vn 0 0.8660256400895378 -0.4999995907073389
vn 1 0 0
vn 1 0 0
vn 0 0.49999967829214925 0.8660255895224734
vn 0 0.49999967829214925 0.8660255895224734
vn 0 -0.5000208093636751 -0.8660133891593684
vn 0 -0.5000208093636751 -0.8660133891593684
vn -0.00001589548279305363 0.8433917635430099 0.5372991093749787
vn 0 0.8433889167715725 0.5373035781258799
vn -1 0 0
vn -1 0 0
vn 0 -0.8433917636495584 -0.5372991094428574
vn 0 -0.8433917636495584 -0.5372991094428574
vn 1 0 0
vn 1 0 0
vn 0 0.5373029279641856 -0.8433893309742028
vn 0 0.5373029279641856 -0.8433893309742028
vn -0.000024951201175354287 -0.5372853919329489 0.8434005021298572
vn 0 -0.5373029279641857 0.8433893309742028
vn 0 -0.7071067811865467 0.7071067811865485
vn 0 -0.7071067811865467 0.7071067811865485
vn -1 0 0
vn -1 0 0
vn 0 0.7071067811865481 -0.707106781186547
vn 0 0.7071067811865481 -0.707106781186547
vn 1 0 0
vn 1 0 0
vn 0 0.7070985634579813 0.7071149988196117
vn 0 0.7070985634579813 0.7071149988196117
vn 0 -0.7070985634579798 -0.707114998819613
vn 0 -0.7070985634579798 -0.707114998819613
vn 0 -0.21644490869743485 0.9762948332849862
vn 0 -0.21644490869743485 0.9762948332849862
vn -1 0 0
vn -1 0 0
vn 0 0.2164334256640031 -0.9762973790066962
vn 0 0.2164334256640031 -0.9762973790066962
vn 1 0 0
vn 1 0 0
vn 0 0.9762927475007256 0.216454316606264
vn 0 0.9762927475007256 0.216454316606264
vn 0 -0.9762966398984185 -0.21643675963906425
vn 0 -0.9762966398984185 -0.21643675963906425
vn 0 -0.9238791101957615 -0.38268445192336775
vn 0 -0.9238791101957615 -0.38268445192336775
vn -1 0 0
vn -1 0 0
vn 0 0.9238791101957613 0.38268445192336775
vn 0 0.9238791101957613 0.38268445192336775
vn 1 0 0
vn 1 0 0
vn 0 -0.3826702040379993 0.9238850117528243
vn 0 -0.3826702040379993 0.9238850117528243
vn 0 0.3826702040379996 -0.923885011752824
vn 0 0.3826702040379996 -0.923885011752824
vn 0 -0.9063097960762324 0.4226139533146749
vn 0 -0.9063097960762324 0.4226139533146749
vn -1 0 0
vn -1 0 0
vn 0 0.9063037542269631 -0.42262691002125335
vn 0 0.9063037542269631 -0.42262691002125335
vn 1 0 0
vn 1 0 0
vn 0 0.4226263233320523 0.9063040278112151
vn 0 0.4226263233320523 0.9063040278112151
vn 0 -0.42261671698924097 -0.9063085073644823
vn 0 -0.42261671698924097 -0.9063085073644823
vn 0 -0.21643550938667555 -0.9762969170680252
vn 0 -0.21643550938667555 -0.9762969170680252
vn -1 0 0
vn -1 0 0
vn 0 0.2164428248931668 0.9762952952627939
vn 0 0.2164428248931668 0.9762952952627939
vn 1 0 0
vn 1 0 0
vn 0 -0.9762988827538105 0.21642664238411455
vn 0 -0.9762988827538105 0.21642664238411455
vn 0 0.9762925184068745 -0.21645534990561657
vn 0 0.9762925184068745 -0.21645534990561657
vn 0 -0.8433917636495588 -0.5372991094428569
vn 0 -0.8433917636495588 -0.5372991094428569
vn -1 0 0
vn -1 0 0
vn 0 0.8433917636495584 0.5372991094428574
vn 0 0.8433917636495584 0.5372991094428574
vn 1 0 0
vn 1 0 0
vn 0 -0.5372853921001967 0.8434005023923913
vn 0 -0.5372853921001967 0.8434005023923913
vn 0 0.5372853921001957 -0.8434005023923918
vn 0 0.5372853921001957 -0.8434005023923918
vn 0 0.7933533661836651 -0.6087613952650475
vn 0 0.7933533661836651 -0.6087613952650475
vn -1 0 0
vn -1 0 0
vn 0 -0.793353366183665 0.6087613952650476
vn 0 -0.793353366183665 0.6087613952650476
vn 1 0 0
vn 1 0 0
vn 0 -0.6087555302649104 -0.7933578665217154
vn 0 -0.6087555302649104 -0.7933578665217154
vn 0 0.6087555302649102 0.7933578665217156
vn 0 0.6087555302649102 0.7933578665217156
vn 0 0.17365154636886612 -0.9848071590132261
vn 0 0.17365154636886612 -0.9848071590132261
vn -1 0 0
vn -1 0 0
vn 0 -0.17364970667044927 0.9848074834064102
vn 0 -0.17364970667044927 0.9848074834064102
vn 1 0 0
vn 1 0 0
vn 0 -0.9848058876830951 -0.17365875614178355
vn 0 -0.9848058876830951 -0.17365875614178355
vn 0 0.9848101036444518 0.1736348460413526
vn 0 0.9848101036444518 0.1736348460413526
vn 0 0.9238782990560278 0.382686410175931
vn 0 0.9238782990560279 0.3826864101759311
vn -1 0 0
vn -1 0 0
vn 0 -0.9238804488780387 -0.3826812200525578
vn 0 -0.9238804488780387 -0.3826812200525578
vn 0.9999999999461244 -0.000003972607297640594 0.00000959007965307087
vn 0.9999999999461259 -0.000003972278838292132 0.000009590063323735678
vn 0 0.3826788723946154 -0.9238814212997175
vn 0 0.3826788723946154 -0.9238814212997175
vn 0 -0.38270532472244945 0.9238704640960684
vn 0 -0.38270532472244945 0.9238704640960684
vn 0 0.17364201903307627 0.9848088389256654
vn 0 0.17364201903307627 0.9848088389256654
vn -1 0 0
vn -1 0 0
vn 0 -0.17365142613940038 -0.9848071802133413
vn 0 -0.17365142613940038 -0.9848071802133413
vn 1 0 0
vn 1 0 0
vn 0 0.9848066311384512 -0.17365454000899228
vn 0 0.9848066311384512 -0.17365454000899228
vn 0 -0.9848058876830951 0.17365875614178355
vn 0 -0.9848058876830951 0.17365875614178355
vn 0 0.9238819690026258 -0.3826775501016901
vn -0.000011320924770894332 0.9238804488188348 -0.3826812200280349
vn -1 0 0
vn -1 0 0
vn 0 -0.9238782990560278 0.3826864101759309
vn 0 -0.9238782990560278 0.38268641017593086
vn 0.999999999946126 0.000003972478961488149 0.00000958998042923804
vn 0.9999999999461254 0.00000397241122443867 0.000009590053118926446
vn 0 -0.38267068221120987 -0.9238848136948714
vn -0.000027331206338526028 -0.3826901057912738 -0.9238767678551447
vn 0 0.38269815171762755 0.9238734354184623
vn 0 0.38269815171762755 0.9238734354184623
vn 0 -0.7071067811865476 0.7071067811865475
vn 0 -0.7071067811865476 0.7071067811865475
vn -1 0 0
vn -1 0 0
vn 0 0.7071106737567212 -0.7071028885949454
vn 0 0.7071106737567212 -0.7071028885949454
vn 1 0 0
vn 1 0 0
vn 0 0.707106781186548 0.707106781186547
vn 0 0.707106781186548 0.707106781186547
vn 0 -0.7071106232081198 -0.7071029391440999
vn 0 -0.7071106232081198 -0.7071029391440999
vn 0 0 1
vn 0 0 1
vn -1 0 0
vn -1 0 0
vn 0 0 -1
vn 0 0 -1
vn 1 0 0
vn 1 0 0
vn 0 1 0
vn 0 1 0
vn 0 -1 0
vn 0 -1 0
vn 0 0 1
vn 0 0 1
vn -1 0 0
vn -1 0 0
vn 0 0 -1
vn 0 0 -1
vn 1 0 0
vn 1 0 0
vn 0 1 0
vn 0 1 0
vn 0 -1 0
vn 0 -1 0
vn 0 1 0
vn 0 1 0
vn -1 0 0
vn -1 0 0
vn 0 -1 0
vn 0 -1 0
vn 1 0 0
vn 1 0 0
vn 0 0 -1
vn 0 0 -1
vn 0 0 1
vn 0 0 1
vn 0 -1 0
vn 0 -1 0
vn -1 0 0
vn -1 0 0
vn 0 1 0
vn 0 1 0
vn 1 0 0
vn 1 0 0
vn 0 0 1
vn 0 0 1
vn 0 0 -1
vn 0 0 -1
vn 0 -0.9659273008272947 -0.2588135419882375
vn 0 -0.9659273008272947 -0.2588135419882375
vn -1 0 0
vn -1 0 0
vn 0 0.9659261684362251 0.25881776818857216
vn 0 0.9659261684362251 0.25881776818857216
vn 1 0 0
vn 1 0 0
vn 0 -0.2588092005225049 0.9659284640825645
vn 0 -0.2588092005225049 0.9659284640825645
vn 0 0.2588245350020611 -0.9659243552581988
vn 0 0.2588245350020611 -0.9659243552581988
vn 0 -0.21643461635788042 -0.9762971150433752
vn 0 -0.21643461635788042 -0.9762971150433752
vn -1 0 0
vn -1 0 0
vn 0 0.2164346163578806 0.976297115043375
vn 0 0.2164346163578806 0.976297115043375
vn 1 0 0
vn 1 0 0
vn 0 -0.976296376468133 0.2164379479093115
vn 0 -0.976296376468133 0.2164379479093115
vn 0 0.9762963764681335 -0.21643794790930865
vn 0 0.9762963764681335 -0.21643794790930865
vn 0 0.7071152335880795 -0.7070983286839786
vn 0 0.7071152335880795 -0.7070983286839786
vn -1 0 0
vn -1 0 0
vn 0 -0.7070983286839794 0.7071152335880788
vn 0 -0.7070983286839794 0.7071152335880788
vn 1 0 0
vn 1 0 0
vn 0 -0.7071067811865472 -0.7071067811865478
vn 0 -0.7071067811865472 -0.7071067811865478
vn 0 0.7071067811865476 0.7071067811865475
vn 0 0.7071067811865476 0.7071067811865475
vn 0 0.9762943348145846 0.21644715708215687
vn 0.000006403299392427348 0.9762935428026625 0.2164507293608041
vn -1 0 0
vn -1 0 0
vn 0 -0.9762935428226768 -0.2164507293652444
vn 0 -0.9762935428226768 -0.21645072936524443
vn 0.9999999998571116 -0.000003659133276451109 0.000016504163620937664
vn 0.9999999998571164 -0.0000036588080683727365 0.000016503949948931357
vn 0 0.21645361331503937 -0.9762929034274825
vn -0.000028881944681458158 0.21643794781903786 -0.9762963760609362
vn 0 -0.2164536133150387 0.9762929034274827
vn 0 -0.2164536133150387 0.9762929034274827
vn 0 0.30070739137514585 0.9537164488318082
vn 0 0.30070739137514585 0.9537164488318082
vn -1 0 0
vn -1 0 0
vn 0 -0.300702543251308 -0.9537179774347317
vn 0 -0.300702543251308 -0.9537179774347317
vn 0.9999999998649433 0.000004942086995785807 0.00001567448403649917
vn 0.9999999998649418 0.000004942191100260101 0.000015674536379147372
vn 0 0.9537191821516633 -0.30069872230517125
vn 0 0.9537191821516633 -0.30069872230517125
vn 0 -0.9537144687312274 0.3007136713432109
vn 0 -0.9537144687312276 0.3007136713432109
vn -1 0 0
vn -1 0 0
vn 0 0 1
vn 0 0 1
vn 1 0 0
vn 1 0 0
vn 0 1 0
vn 0 1 0
vn 0 -1 0
vn 0 -1 0
vn 0 0.7660467930834771 -0.6427848090975087
vn 0 0.7660467930834771 -0.6427848090975087
vn -1 0 0
vn -1 0 0
vn 0 -0.7660529481125655 0.6427774736936936
vn 0 -0.7660529481125655 0.6427774736936936
vn 1 0 0
vn 1 0 0
vn 0 0.6427883596997022 0.7660438137825842
vn 0 0.6427883596997022 0.7660438137825842
vn 0 -0.6427910952830301 -0.7660415183427348
vn 0 -0.6427910952830301 -0.7660415183427348
vn -0.38267607927709896 0 -0.9238825782257762
vn -0.38267607927709896 0 -0.9238825782257762
vn -0.9238797032939405 0 0.38268302005903065
vn -0.9238797032939405 0 0.38268302005903065
vn 0.3826826450722321 0 0.923879858618273
vn 0.3826826450722321 0 0.923879858618273
vn 0.9238793627206904 0 -0.3826838422755936
vn 0.9238793627206904 0 -0.3826838422755936
vn 0 1 0
vn 0 1 0
vn 0 -1 0
vn 0 -1 0
vn -0.38268900600851585 0 -0.9238772238128907
vn -0.38268900600851585 0 -0.9238772238128907
vn -0.9238794939577808 0 0.38268352544147377
vn -0.9238794939577808 0 0.38268352544147377
vn 0.923879851144158 0 -0.3826826631163846
vn 0.923879851144158 0 -0.3826826631163846
vn 0 1 0
vn 0 1 0
vn 0 -1 0
vn 0 -1 0
vn 0 0 -1
vn 0 0 -1
vn -1 0 0
vn -1 0 0
vn 0 0 1
vn 0 0 1
vn 1 0 0
vn 1 0 0
vn 0 1 0
vn 0 1 0
vn 0 -1 0
vn 0 -1 0
vn 0 0 -1
vn 0 0 -1
vn -1 0 0
vn -1 0 0
vn 0 0 1
vn 0 0 1
vn 1 0 0
vn 1 0 0
vn 0 1 0
vn 0 1 0
vn 0 -1 0
vn 0 -1 0
vn 0 0 -1
vn 0 0 -1
vn -1 0 0
vn -1 0 0
vn 0 0 1
vn 0 0 1
vn 1 0 0
vn 1 0 0
vn 0 1 0
vn 0 1 0
vn 0 -1 0
vn 0 -1 0
vn 0 0 -1
vn 0 0 -1
vn -1 0 0
vn -1 0 0
vn 0 0 1
vn 0 0 1
vn 1 0 0
vn 1 0 0
vn 0 1 0
vn 0 1 0
vn 0 -1 0
vn 0 -1 0
vn 0 0 -1
vn 0 0 -1
vn -1 0 0
vn -1 0 0
vn 0 0 1
vn 0 0 1
vn 1 0 0
vn 1 0 0
vn 0 1 0
vn 0 1 0
vn 0 -1 0
vn 0 -1 0
vn 0 0 -1
vn 0 0 -1
vn -1 0 0
vn -1 0 0
vn 0 0 1
vn 0 0 1
vn 1 0 0
vn 1 0 0
vn 0 1 0
vn 0 1 0
vn 0 -1 0
vn 0 -1 0
vn 0 0 -1
vn 0 0 -1
vn -1 0 0
vn -1 0 0
vn 0 0 1
vn 0 0 1
vn 1 0 0
vn 1 0 0
vn 0 1 0
vn 0 1 0
vn 0 -1 0
vn 0 -1 0
vn 0 0 1
vn 0 0 1
vn 0 0 1
vn 0 0 1
vn 0 0 1
vn 0 0 1
vn 0 0 1
vn 0 0 1
vn 0 0 1
vn 0 0 1
usemtl m_95464200-f067-14de-333f-616baf877d3f
f 1/1/1 2/2/1 3/3/1
f 1/4/2 4/5/2 2/6/2
f 5/7/3 6/8/3 7/9/3
f 5/10/4 8/11/4 6/12/4
f 9/13/5 10/14/5 11/15/5
f 9/16/6 12/17/6 10/18/6
f 13/19/7 14/20/7 15/21/7
f 13/22/8 16/23/8 14/24/8
f 17/25/9 18/26/9 19/27/9
f 17/28/10 20/29/10 18/30/10
f 21/31/11 22/32/11 23/33/11
f 21/34/12 24/35/12 22/36/12
f 25/37/13 26/38/13 27/39/13
f 25/40/14 28/41/14 26/42/14
f 29/43/15 30/44/15 31/45/15
f 29/46/16 32/47/16 30/48/16
f 33/49/17 34/50/17 35/51/17
f 33/52/18 36/53/18 34/54/18
f 37/55/19 38/56/19 39/57/19
f 37/58/20 40/59/20 38/60/20
f 41/61/21 42/62/21 43/63/21
f 41/64/22 44/65/22 42/66/22
f 45/67/23 46/68/23 47/69/23
f 45/70/24 48/71/24 46/72/24
f 49/73/25 50/74/25 51/75/25
f 49/76/26 52/77/26 50/78/26
f 53/79/27 54/80/27 55/81/27
f 53/82/28 56/83/28 54/84/28
f 57/85/29 58/86/29 59/87/29
f 57/88/30 60/89/30 58/90/30
f 61/91/31 62/92/31 63/93/31
f 61/94/32 64/95/32 62/96/32
f 65/97/33 66/98/33 67/99/33
f 65/100/34 68/101/34 66/102/34
f 69/103/35 70/104/35 71/105/35
f 69/106/36 72/107/36 70/108/36
f 73/109/37 74/110/37 75/111/37
f 73/112/38 76/113/38 74/114/38
f 77/115/39 78/116/39 79/117/39
f 77/118/40 80/119/40 78/120/40
f 81/121/41 82/122/41 83/123/41
f 81/124/42 84/125/42 82/126/42
f 85/127/43 86/128/43 87/129/43
f 85/130/44 88/131/44 86/132/44
f 89/133/45 90/134/45 91/135/45
f 89/136/46 92/137/46 90/138/46
f 93/139/47 94/140/47 95/141/47
f 93/142/48 96/143/48 94/144/48
f 97/145/49 98/146/49 99/147/49
f 97/148/50 100/149/50 98/150/50
f 101/151/51 102/152/51 103/153/51
f 101/154/52 104/155/52 102/156/52
f 105/157/53 106/158/53 107/159/53
f 105/160/54 108/161/54 106/162/54
f 109/163/55 110/164/55 111/165/55
f 109/166/56 112/167/56 110/168/56
f 113/169/57 114/170/57 115/171/57
f 113/172/58 116/173/58 114/174/58
f 117/175/59 118/176/59 119/177/59
f 117/178/60 120/179/60 118/180/60
f 121/181/61 122/182/61 123/183/61
f 121/184/62 124/185/62 122/186/62
f 125/187/63 126/188/63 127/189/63
f 125/190/64 128/191/64 126/192/64
f 129/193/65 130/194/65 131/195/65
f 129/196/66 132/197/66 130/198/66
f 133/199/67 134/200/67 135/201/67
f 133/202/68 136/203/68 134/204/68
f 137/205/69 138/206/69 139/207/69
f 137/208/70 140/209/70 138/210/70
f 141/211/71 142/212/71 143/213/71
f 141/214/72 144/215/72 142/216/72
f 145/217/73 146/218/73 147/219/73
f 145/220/74 148/221/74 146/222/74
f 149/223/75 150/224/75 151/225/75
f 149/226/76 152/227/76 150/228/76
f 153/229/77 154/230/77 155/231/77
f 153/232/78 156/233/78 154/234/78
f 157/235/79 158/236/79 159/237/79
f 157/238/80 160/239/80 158/240/80
f 161/241/81 162/242/81 163/243/81
f 161/244/82 164/245/82 162/246/82
f 165/247/83 166/248/83 167/249/83
f 165/250/84 168/251/84 166/252/84
f 169/253/85 170/254/85 171/255/85
f 169/256/86 172/257/86 170/258/86
f 173/259/87 174/260/87 175/261/87
f 173/262/88 176/263/88 174/264/88
f 177/265/89 178/266/89 179/267/89
f 177/268/90 180/269/90 178/270/90
f 181/271/91 182/272/91 183/273/91
f 181/274/92 184/275/92 182/276/92
f 185/277/93 186/278/93 187/279/93
f 185/280/94 188/281/94 186/282/94
f 189/283/95 190/284/95 191/285/95
f 189/286/96 192/287/96 190/288/96
f 193/289/97 194/290/97 195/291/97
f 193/292/98 196/293/98 194/294/98
f 197/295/99 198/296/99 199/297/99
f 197/298/100 200/299/100 198/300/100
f 201/301/101 202/302/101 203/303/101
f 201/304/102 204/305/102 202/306/102
f 205/307/103 206/308/103 207/309/103
f 205/310/104 208/311/104 206/312/104
f 209/313/105 210/314/105 211/315/105
f 209/316/106 212/317/106 210/318/106
f 213/319/107 214/320/107 215/321/107
f 213/322/108 216/323/108 214/324/108
f 217/325/109 218/326/109 219/327/109
f 217/328/110 220/329/110 218/330/110
f 221/331/111 222/332/111 223/333/111
f 221/334/112 224/335/112 222/336/112
f 225/337/113 226/338/113 227/339/113
f 225/340/114 228/341/114 226/342/114
f 229/343/115 230/344/115 231/345/115
f 229/346/116 232/347/116 230/348/116
f 233/349/117 234/350/117 235/351/117
f 233/352/118 236/353/118 234/354/118
f 237/355/119 238/356/119 239/357/119
f 237/358/120 240/359/120 238/360/120
f 241/361/121 242/362/121 243/363/121
f 241/364/122 244/365/122 242/366/122
f 245/367/123 246/368/123 247/369/123
f 245/370/124 248/371/124 246/372/124
f 249/373/125 250/374/125 251/375/125
f 249/376/126 252/377/126 250/378/126
f 253/379/127 254/380/127 255/381/127
f 253/382/128 256/383/128 254/384/128
f 257/385/129 258/386/129 259/387/129
f 257/388/130 260/389/130 258/390/130
f 261/391/131 262/392/131 263/393/131
f 261/394/132 264/395/132 262/396/132
f 265/397/133 266/398/133 267/399/133
f 265/400/134 268/401/134 266/402/134
f 269/403/135 270/404/135 271/405/135
f 269/406/136 272/407/136 270/408/136
f 273/409/137 274/410/137 275/411/137
f 273/412/138 276/413/138 274/414/138
f 277/415/139 278/416/139 279/417/139
f 277/418/140 280/419/140 278/420/140
f 281/421/141 282/422/141 283/423/141
f 281/424/142 284/425/142 282/426/142
f 285/427/143 286/428/143 287/429/143
f 285/430/144 288/431/144 286/432/144
f 289/433/145 290/434/145 291/435/145
f 289/436/146 292/437/146 290/438/146
f 293/439/147 294/440/147 295/441/147
f 293/442/148 296/443/148 294/444/148
f 297/445/149 298/446/149 299/447/149
f 297/448/150 300/449/150 298/450/150
f 301/451/151 302/452/151 303/453/151
f 301/454/152 304/455/152 302/456/152
f 305/457/153 306/458/153 307/459/153
f 305/460/154 308/461/154 306/462/154
f 309/463/155 310/464/155 311/465/155
f 309/466/156 312/467/156 310/468/156
f 313/469/157 314/470/157 315/471/157
f 313/472/158 316/473/158 314/474/158
f 317/475/159 318/476/159 319/477/159
f 317/478/160 320/479/160 318/480/160
f 321/481/161 322/482/161 323/483/161
f 321/484/162 324/485/162 322/486/162
f 325/487/163 326/488/163 327/489/163
f 325/490/164 328/491/164 326/492/164
f 329/493/165 330/494/165 331/495/165
f 329/496/166 332/497/166 330/498/166
f 333/499/167 334/500/167 335/501/167
f 333/502/168 336/503/168 334/504/168
f 337/505/169 338/506/169 339/507/169
f 337/508/170 340/509/170 338/510/170
f 341/511/171 342/512/171 343/513/171
f 341/514/172 344/515/172 342/516/172
f 345/517/173 346/518/173 347/519/173
f 345/520/174 348/521/174 346/522/174
f 349/523/175 350/524/175 351/525/175
f 349/526/176 352/527/176 350/528/176
f 353/529/177 354/530/177 355/531/177
f 353/532/178 356/533/178 354/534/178
f 357/535/179 358/536/179 359/537/179
f 357/538/180 360/539/180 358/540/180
f 361/541/181 362/542/181 363/543/181
f 361/544/182 364/545/182 362/546/182
f 365/547/183 366/548/183 367/549/183
f 365/550/184 368/551/184 366/552/184
f 369/553/185 370/554/185 371/555/185
f 369/556/186 372/557/186 370/558/186
f 373/559/187 374/560/187 375/561/187
f 373/562/188 376/563/188 374/564/188
f 377/565/189 378/566/189 379/567/189
f 377/568/190 380/569/190 378/570/190
f 381/571/191 382/572/191 383/573/191
f 381/574/192 384/575/192 382/576/192
f 385/577/193 386/578/193 387/579/193
f 385/580/194 388/581/194 386/582/194
f 389/583/195 390/584/195 391/585/195
f 389/586/196 392/587/196 390/588/196
f 393/589/197 394/590/197 395/591/197
f 393/592/198 396/593/198 394/594/198
f 397/595/199 398/596/199 399/597/199
f 397/598/200 400/599/200 398/600/200
f 401/601/201 402/602/201 403/603/201
f 401/604/202 404/605/202 402/606/202
f 405/607/203 406/608/203 407/609/203
f 405/610/204 408/611/204 406/612/204
f 409/613/205 410/614/205 411/615/205
f 409/616/206 412/617/206 410/618/206
f 413/619/207 414/620/207 415/621/207
f 413/622/208 416/623/208 414/624/208
f 417/625/209 418/626/209 419/627/209
f 417/628/210 420/629/210 418/630/210
f 421/631/211 422/632/211 423/633/211
f 421/634/212 424/635/212 422/636/212
f 425/637/213 426/638/213 427/639/213
f 425/640/214 428/641/214 426/642/214
f 429/643/215 430/644/215 431/645/215
f 429/646/216 432/647/216 430/648/216
f 433/649/217 434/650/217 435/651/217
f 433/652/218 436/653/218 434/654/218
f 437/655/219 438/656/219 439/657/219
f 437/658/220 440/659/220 438/660/220
f 441/661/221 442/662/221 443/663/221
f 441/664/222 444/665/222 442/666/222
f 445/667/223 446/668/223 447/669/223
f 445/670/224 448/671/224 446/672/224
f 449/673/225 450/674/225 451/675/225
f 449/676/226 452/677/226 450/678/226
f 453/679/227 454/680/227 455/681/227
f 453/682/228 456/683/228 454/684/228
f 457/685/229 458/686/229 459/687/229
f 457/688/230 460/689/230 458/690/230
f 461/691/231 462/692/231 463/693/231
f 461/694/232 464/695/232 462/696/232
f 465/697/233 466/698/233 467/699/233
f 465/700/234 468/701/234 466/702/234
f 469/703/235 470/704/235 471/705/235
f 469/706/236 472/707/236 470/708/236
f 473/709/237 474/710/237 475/711/237
f 473/712/238 476/713/238 474/714/238
f 477/715/239 478/716/239 479/717/239
f 477/718/240 480/719/240 478/720/240
f 481/721/241 482/722/241 483/723/241
f 481/724/242 484/725/242 482/726/242
f 485/727/243 486/728/243 487/729/243
f 485/730/244 488/731/244 486/732/244
f 489/733/245 490/734/245 491/735/245
f 489/736/246 492/737/246 490/738/246
f 493/739/247 494/740/247 495/741/247
f 493/742/248 496/743/248 494/744/248
f 497/745/249 498/746/249 499/747/249
f 497/748/250 500/749/250 498/750/250
f 501/751/251 502/752/251 503/753/251
f 501/754/252 504/755/252 502/756/252
f 505/757/253 506/758/253 507/759/253
f 505/760/254 508/761/254 506/762/254
f 509/763/255 510/764/255 511/765/255
f 509/766/256 512/767/256 510/768/256
f 513/769/257 514/770/257 515/771/257
f 513/772/258 516/773/258 514/774/258
f 517/775/259 518/776/259 519/777/259
f 517/778/260 520/779/260 518/780/260
f 521/781/261 522/782/261 523/783/261
f 521/784/262 524/785/262 522/786/262
f 525/787/263 526/788/263 527/789/263
f 525/790/264 528/791/264 526/792/264
f 529/793/265 530/794/265 531/795/265
f 529/796/266 532/797/266 530/798/266
f 533/799/267 534/800/267 535/801/267
f 533/802/268 536/803/268 534/804/268
f 537/805/269 538/806/269 539/807/269
f 537/808/270 540/809/270 538/810/270
f 541/811/271 542/812/271 543/813/271
f 541/814/272 544/815/272 542/816/272
f 545/817/273 546/818/273 547/819/273
f 545/820/274 548/821/274 546/822/274
f 549/823/275 550/824/275 551/825/275
f 549/826/276 552/827/276 550/828/276
f 553/829/277 554/830/277 555/831/277
f 553/832/278 556/833/278 554/834/278
f 557/835/279 558/836/279 559/837/279
f 557/838/280 560/839/280 558/840/280
f 561/841/281 562/842/281 563/843/281
f 561/844/282 564/845/282 562/846/282
f 565/847/283 566/848/283 567/849/283
f 565/850/284 568/851/284 566/852/284
f 569/853/285 570/854/285 571/855/285
f 569/856/286 572/857/286 570/858/286
f 573/859/287 574/860/287 575/861/287
f 573/862/288 576/863/288 574/864/288
f 577/865/289 578/866/289 579/867/289
f 577/868/290 580/869/290 578/870/290
f 581/871/291 582/872/291 583/873/291
f 581/874/292 584/875/292 582/876/292
f 585/877/293 586/878/293 587/879/293
f 585/880/294 588/881/294 586/882/294
f 589/883/295 590/884/295 591/885/295
f 589/886/296 592/887/296 590/888/296
f 593/889/297 594/890/297 595/891/297
f 593/892/298 596/893/298 594/894/298
f 597/895/299 598/896/299 599/897/299
f 597/898/300 600/899/300 598/900/300
f 601/901/301 602/902/301 603/903/301
f 601/904/302 604/905/302 602/906/302
f 605/907/303 606/908/303 607/909/303
f 605/910/304 608/911/304 606/912/304
f 609/913/305 610/914/305 611/915/305
f 609/916/306 612/917/306 610/918/306
f 613/919/307 614/920/307 615/921/307
f 613/922/308 616/923/308 614/924/308
f 617/925/309 618/926/309 619/927/309
f 617/928/310 620/929/310 618/930/310
f 621/931/311 622/932/311 623/933/311
f 621/934/312 624/935/312 622/936/312
f 625/937/313 626/938/313 627/939/313
f 625/940/314 628/941/314 626/942/314
f 629/943/315 630/944/315 631/945/315
f 629/946/316 632/947/316 630/948/316
f 633/949/317 634/950/317 635/951/317
f 633/952/318 636/953/318 634/954/318
f 637/955/319 638/956/319 639/957/319
f 637/958/320 640/959/320 638/960/320
f 641/961/321 642/962/321 643/963/321
f 641/964/322 644/965/322 642/966/322
f 645/967/323 646/968/323 647/969/323
f 645/970/324 648/971/324 646/972/324
f 649/973/325 650/974/325 651/975/325
f 649/976/326 652/977/326 650/978/326
f 653/979/327 654/980/327 655/981/327
f 653/982/328 656/983/328 654/984/328
f 657/985/329 658/986/329 659/987/329
f 657/988/330 660/989/330 658/990/330
f 661/991/331 662/992/331 663/993/331
f 661/994/332 664/995/332 662/996/332
f 665/997/333 666/998/333 667/999/333
f 665/1000/334 668/1001/334 666/1002/334
f 669/1003/335 670/1004/335 671/1005/335
f 669/1006/336 672/1007/336 670/1008/336
f 673/1009/337 674/1010/337 675/1011/337
f 673/1012/338 676/1013/338 674/1014/338
f 677/1015/339 678/1016/339 679/1017/339
f 677/1018/340 680/1019/340 678/1020/340
f 681/1021/341 682/1022/341 683/1023/341
f 681/1024/342 684/1025/342 682/1026/342
f 685/1027/343 686/1028/343 687/1029/343
f 685/1030/344 688/1031/344 686/1032/344
f 689/1033/345 690/1034/345 691/1035/345
f 689/1036/346 692/1037/346 690/1038/346
f 693/1039/347 694/1040/347 695/1041/347
f 693/1042/348 696/1043/348 694/1044/348
f 697/1045/349 698/1046/349 699/1047/349
f 697/1048/350 700/1049/350 698/1050/350
f 701/1051/351 702/1052/351 703/1053/351
f 701/1054/352 704/1055/352 702/1056/352
f 705/1057/353 706/1058/353 707/1059/353
f 705/1060/354 708/1061/354 706/1062/354
f 709/1063/355 710/1064/355 711/1065/355
f 709/1066/356 712/1067/356 710/1068/356
f 713/1069/357 714/1070/357 715/1071/357
f 713/1072/358 716/1073/358 714/1074/358
f 717/1075/359 718/1076/359 719/1077/359
f 717/1078/360 720/1079/360 718/1080/360
f 721/1081/361 722/1082/361 723/1083/361
f 721/1084/362 724/1085/362 722/1086/362
f 725/1087/363 726/1088/363 727/1089/363
f 725/1090/364 728/1091/364 726/1092/364
f 729/1093/365 730/1094/365 731/1095/365
f 729/1096/366 732/1097/366 730/1098/366
f 733/1099/367 734/1100/367 735/1101/367
f 733/1102/368 736/1103/368 734/1104/368
f 737/1105/369 738/1106/369 739/1107/369
f 737/1108/370 740/1109/370 738/1110/370
f 741/1111/371 742/1112/371 743/1113/371
f 741/1114/372 744/1115/372 742/1116/372
f 745/1117/373 746/1118/373 747/1119/373
f 745/1120/374 748/1121/374 746/1122/374
f 749/1123/375 750/1124/375 751/1125/375
f 749/1126/376 752/1127/376 750/1128/376
f 753/1129/377 754/1130/377 755/1131/377
f 753/1132/378 756/1133/378 754/1134/378
f 757/1135/379 758/1136/379 759/1137/379
f 757/1138/380 760/1139/380 758/1140/380
f 761/1141/381 762/1142/381 763/1143/381
f 761/1144/382 764/1145/382 762/1146/382
f 765/1147/383 766/1148/383 767/1149/383
f 765/1150/384 768/1151/384 766/1152/384
f 769/1153/385 770/1154/385 771/1155/385
f 769/1156/386 772/1157/386 770/1158/386
f 773/1159/387 774/1160/387 775/1161/387
f 773/1162/388 776/1163/388 774/1164/388
f 777/1165/389 778/1166/389 779/1167/389
f 777/1168/390 780/1169/390 778/1170/390
f 781/1171/391 782/1172/391 783/1173/391
f 781/1174/392 784/1175/392 782/1176/392
f 785/1177/393 786/1178/393 787/1179/393
f 785/1180/394 788/1181/394 786/1182/394
f 789/1183/395 790/1184/395 791/1185/395
f 789/1186/396 792/1187/396 790/1188/396
f 793/1189/397 794/1190/397 795/1191/397
f 793/1192/398 796/1193/398 794/1194/398
f 797/1195/399 798/1196/399 799/1197/399
f 797/1198/400 800/1199/400 798/1200/400
f 801/1201/401 802/1202/401 803/1203/401
f 801/1204/402 804/1205/402 802/1206/402
f 805/1207/403 806/1208/403 807/1209/403
f 805/1210/404 808/1211/404 806/1212/404
f 809/1213/405 810/1214/405 811/1215/405
f 809/1216/406 812/1217/406 810/1218/406
f 813/1219/407 814/1220/407 815/1221/407
f 813/1222/408 816/1223/408 814/1224/408
f 817/1225/409 818/1226/409 819/1227/409
f 817/1228/410 820/1229/410 818/1230/410
f 821/1231/411 822/1232/411 823/1233/411
f 821/1234/412 824/1235/412 822/1236/412
f 825/1237/413 826/1238/413 827/1239/413
f 825/1240/414 828/1241/414 826/1242/414
f 829/1243/415 830/1244/415 831/1245/415
f 829/1246/416 832/1247/416 830/1248/416
f 833/1249/417 834/1250/417 835/1251/417
f 833/1252/418 836/1253/418 834/1254/418
f 837/1255/419 838/1256/419 839/1257/419
f 837/1258/420 840/1259/420 838/1260/420
f 841/1261/421 842/1262/421 843/1263/421
f 841/1264/422 844/1265/422 842/1266/422
f 845/1267/423 846/1268/423 847/1269/423
f 845/1270/424 848/1271/424 846/1272/424
f 849/1273/425 850/1274/425 851/1275/425
f 849/1276/426 852/1277/426 850/1278/426
f 853/1279/427 854/1280/427 855/1281/427
f 853/1282/428 856/1283/428 854/1284/428
f 857/1285/429 858/1286/429 859/1287/429
f 857/1288/430 860/1289/430 858/1290/430
f 861/1291/431 862/1292/431 863/1293/431
f 861/1294/432 864/1295/432 862/1296/432
f 865/1297/433 866/1298/433 867/1299/433
f 865/1300/434 868/1301/434 866/1302/434
f 869/1303/435 870/1304/435 871/1305/435
f 869/1306/436 872/1307/436 870/1308/436
f 873/1309/437 874/1310/437 875/1311/437
f 873/1312/438 876/1313/438 874/1314/438
f 877/1315/439 878/1316/439 879/1317/439
f 877/1318/440 880/1319/440 878/1320/440
f 881/1321/441 882/1322/441 883/1323/441
f 881/1324/442 884/1325/442 882/1326/442
f 885/1327/443 886/1328/443 887/1329/443
f 885/1330/444 888/1331/444 886/1332/444
f 889/1333/445 890/1334/445 891/1335/445
f 889/1336/446 892/1337/446 890/1338/446
f 893/1339/447 894/1340/447 895/1341/447
f 893/1342/448 896/1343/448 894/1344/448
f 897/1345/449 898/1346/449 899/1347/449
f 897/1348/450 900/1349/450 898/1350/450
f 901/1351/451 902/1352/451 903/1353/451
f 901/1354/452 904/1355/452 902/1356/452
f 905/1357/453 906/1358/453 907/1359/453
f 905/1360/454 908/1361/454 906/1362/454
f 909/1363/455 910/1364/455 911/1365/455
f 909/1366/456 912/1367/456 910/1368/456
f 913/1369/457 914/1370/457 915/1371/457
f 913/1372/458 916/1373/458 914/1374/458
f 917/1375/459 918/1376/459 919/1377/459
f 917/1378/460 920/1379/460 918/1380/460
f 921/1381/461 922/1382/461 923/1383/461
f 921/1384/462 924/1385/462 922/1386/462
f 925/1387/463 926/1388/463 927/1389/463
f 925/1390/464 928/1391/464 926/1392/464
f 929/1393/465 930/1394/465 931/1395/465
f 929/1396/466 932/1397/466 930/1398/466
f 933/1399/467 934/1400/467 935/1401/467
f 933/1402/468 936/1403/468 934/1404/468
f 937/1405/469 938/1406/469 939/1407/469
f 937/1408/470 940/1409/470 938/1410/470
f 941/1411/471 942/1412/471 943/1413/471
f 941/1414/472 944/1415/472 942/1416/472
f 945/1417/473 946/1418/473 947/1419/473
f 945/1420/474 948/1421/474 946/1422/474
f 949/1423/475 950/1424/475 951/1425/475
f 949/1426/476 952/1427/476 950/1428/476
f 953/1429/477 954/1430/477 955/1431/477
f 953/1432/478 956/1433/478 954/1434/478
f 957/1435/479 958/1436/479 959/1437/479
f 957/1438/480 960/1439/480 958/1440/480
f 961/1441/481 962/1442/481 963/1443/481
f 961/1444/482 964/1445/482 962/1446/482
f 965/1447/483 966/1448/483 967/1449/483
f 965/1450/484 968/1451/484 966/1452/484
f 969/1453/485 970/1454/485 971/1455/485
f 969/1456/486 972/1457/486 970/1458/486
f 973/1459/487 974/1460/487 975/1461/487
f 973/1462/488 976/1463/488 974/1464/488
f 977/1465/489 978/1466/489 979/1467/489
f 977/1468/490 980/1469/490 978/1470/490
f 981/1471/491 982/1472/491 983/1473/491
f 981/1474/492 984/1475/492 982/1476/492
f 985/1477/493 986/1478/493 987/1479/493
f 985/1480/494 988/1481/494 986/1482/494
f 989/1483/495 990/1484/495 991/1485/495
f 989/1486/496 992/1487/496 990/1488/496
f 993/1489/497 994/1490/497 995/1491/497
f 993/1492/498 996/1493/498 994/1494/498
f 997/1495/499 998/1496/499 999/1497/499
f 997/1498/500 1000/1499/500 998/1500/500
f 1001/1501/501 1002/1502/501 1003/1503/501
f 1001/1504/502 1004/1505/502 1002/1506/502
f 1005/1507/503 1006/1508/503 1007/1509/503
f 1005/1510/504 1008/1511/504 1006/1512/504
f 1009/1513/505 1010/1514/505 1011/1515/505
f 1009/1516/506 1012/1517/506 1010/1518/506
f 1013/1519/507 1014/1520/507 1015/1521/507
f 1013/1522/508 1016/1523/508 1014/1524/508
f 1017/1525/509 1018/1526/509 1019/1527/509
f 1017/1528/510 1020/1529/510 1018/1530/510
f 1021/1531/511 1022/1532/511 1023/1533/511
f 1021/1534/512 1024/1535/512 1022/1536/512
f 1025/1537/513 1026/1538/513 1027/1539/513
f 1025/1540/514 1028/1541/514 1026/1542/514
f 1029/1543/515 1030/1544/515 1031/1545/515
f 1029/1546/516 1032/1547/516 1030/1548/516
f 1033/1549/517 1034/1550/517 1035/1551/517
f 1033/1552/518 1036/1553/518 1034/1554/518
f 1037/1555/519 1038/1556/519 1039/1557/519
f 1037/1558/520 1040/1559/520 1038/1560/520
f 1041/1561/521 1042/1562/521 1043/1563/521
f 1041/1564/522 1044/1565/522 1042/1566/522
f 1045/1567/523 1046/1568/523 1047/1569/523
f 1045/1570/524 1048/1571/524 1046/1572/524
f 1049/1573/525 1050/1574/525 1051/1575/525
f 1049/1576/526 1052/1577/526 1050/1578/526
f 1053/1579/527 1054/1580/527 1055/1581/527
f 1053/1582/528 1056/1583/528 1054/1584/528
f 1057/1585/529 1058/1586/529 1059/1587/529
f 1057/1588/530 1060/1589/530 1058/1590/530
f 1061/1591/531 1062/1592/531 1063/1593/531
f 1061/1594/532 1064/1595/532 1062/1596/532
f 1065/1597/533 1066/1598/533 1067/1599/533
f 1065/1600/534 1068/1601/534 1066/1602/534
f 1069/1603/535 1070/1604/535 1071/1605/535
f 1069/1606/536 1072/1607/536 1070/1608/536
f 1073/1609/537 1074/1610/537 1075/1611/537
f 1073/1612/538 1076/1613/538 1074/1614/538
f 1077/1615/539 1078/1616/539 1079/1617/539
f 1077/1618/540 1080/1619/540 1078/1620/540
f 1081/1621/541 1082/1622/541 1083/1623/541
f 1081/1624/542 1084/1625/542 1082/1626/542
f 1085/1627/543 1086/1628/543 1087/1629/543
f 1085/1630/544 1088/1631/544 1086/1632/544
f 1089/1633/545 1090/1634/545 1091/1635/545
f 1089/1636/546 1092/1637/546 1090/1638/546
f 1093/1639/547 1094/1640/547 1095/1641/547
f 1093/1642/548 1096/1643/548 1094/1644/548
f 1097/1645/549 1098/1646/549 1099/1647/549
f 1097/1648/550 1100/1649/550 1098/1650/550
f 1101/1651/551 1102/1652/551 1103/1653/551
f 1101/1654/552 1104/1655/552 1102/1656/552
f 1105/1657/553 1106/1658/553 1107/1659/553
f 1105/1660/554 1108/1661/554 1106/1662/554
f 1109/1663/555 1110/1664/555 1111/1665/555
f 1109/1666/556 1112/1667/556 1110/1668/556
f 1113/1669/557 1114/1670/557 1115/1671/557
f 1113/1672/558 1116/1673/558 1114/1674/558
f 1117/1675/559 1118/1676/559 1119/1677/559
f 1117/1678/560 1120/1679/560 1118/1680/560
f 1121/1681/561 1122/1682/561 1123/1683/561
f 1121/1684/562 1124/1685/562 1122/1686/562
f 1125/1687/563 1126/1688/563 1127/1689/563
f 1125/1690/564 1128/1691/564 1126/1692/564
f 1129/1693/565 1130/1694/565 1131/1695/565
f 1129/1696/566 1132/1697/566 1130/1698/566
f 1133/1699/567 1134/1700/567 1135/1701/567
f 1133/1702/568 1136/1703/568 1134/1704/568
f 1137/1705/569 1138/1706/569 1139/1707/569
f 1137/1708/570 1140/1709/570 1138/1710/570
f 1141/1711/571 1142/1712/571 1143/1713/571
f 1141/1714/572 1144/1715/572 1142/1716/572
f 1145/1717/573 1146/1718/573 1147/1719/573
f 1145/1720/574 1148/1721/574 1146/1722/574
f 1149/1723/575 1150/1724/575 1151/1725/575
f 1149/1726/576 1152/1727/576 1150/1728/576
f 1153/1729/577 1154/1730/577 1155/1731/577
f 1153/1732/578 1156/1733/578 1154/1734/578
f 1157/1735/579 1158/1736/579 1159/1737/579
f 1157/1738/580 1160/1739/580 1158/1740/580
f 1161/1741/581 1162/1742/581 1163/1743/581
f 1161/1744/582 1164/1745/582 1162/1746/582
f 1165/1747/583 1166/1748/583 1167/1749/583
f 1165/1750/584 1168/1751/584 1166/1752/584
f 1169/1753/585 1170/1754/585 1171/1755/585
f 1169/1756/586 1172/1757/586 1170/1758/586
f 1173/1759/587 1174/1760/587 1175/1761/587
f 1173/1762/588 1176/1763/588 1174/1764/588
f 1177/1765/589 1178/1766/589 1179/1767/589
f 1177/1768/590 1180/1769/590 1178/1770/590
f 1181/1771/591 1182/1772/591 1183/1773/591
f 1181/1774/592 1184/1775/592 1182/1776/592
f 1185/1777/593 1186/1778/593 1187/1779/593
f 1185/1780/594 1188/1781/594 1186/1782/594
f 1189/1783/595 1190/1784/595 1191/1785/595
f 1189/1786/596 1192/1787/596 1190/1788/596
f 1193/1789/597 1194/1790/597 1195/1791/597
f 1193/1792/598 1196/1793/598 1194/1794/598
f 1197/1795/599 1198/1796/599 1199/1797/599
f 1197/1798/600 1200/1799/600 1198/1800/600
f 1201/1801/601 1202/1802/601 1203/1803/601
f 1201/1804/602 1204/1805/602 1202/1806/602
f 1205/1807/603 1206/1808/603 1207/1809/603
f 1205/1810/604 1208/1811/604 1206/1812/604
f 1209/1813/605 1210/1814/605 1211/1815/605
f 1209/1816/606 1212/1817/606 1210/1818/606
f 1213/1819/607 1214/1820/607 1215/1821/607
f 1213/1822/608 1216/1823/608 1214/1824/608
f 1217/1825/609 1218/1826/609 1219/1827/609
f 1217/1828/610 1220/1829/610 1218/1830/610
f 1221/1831/611 1222/1832/611 1223/1833/611
f 1221/1834/612 1224/1835/612 1222/1836/612
f 1225/1837/613 1226/1838/613 1227/1839/613
f 1225/1840/614 1228/1841/614 1226/1842/614
f 1229/1843/615 1230/1844/615 1231/1845/615
f 1229/1846/616 1232/1847/616 1230/1848/616
f 1233/1849/617 1234/1850/617 1235/1851/617
f 1233/1852/618 1236/1853/618 1234/1854/618
f 1237/1855/619 1238/1856/619 1239/1857/619
f 1237/1858/620 1240/1859/620 1238/1860/620
f 1241/1861/621 1242/1862/621 1243/1863/621
f 1241/1864/622 1244/1865/622 1242/1866/622
f 1245/1867/623 1246/1868/623 1247/1869/623
f 1245/1870/624 1248/1871/624 1246/1872/624
f 1249/1873/625 1250/1874/625 1251/1875/625
f 1249/1876/626 1252/1877/626 1250/1878/626
f 1253/1879/627 1254/1880/627 1255/1881/627
f 1253/1882/628 1256/1883/628 1254/1884/628
f 1257/1885/629 1258/1886/629 1259/1887/629
f 1257/1888/630 1260/1889/630 1258/1890/630
f 1261/1891/631 1262/1892/631 1263/1893/631
f 1261/1894/632 1264/1895/632 1262/1896/632
f 1265/1897/633 1266/1898/633 1267/1899/633
f 1265/1900/634 1268/1901/634 1266/1902/634
f 1269/1903/635 1270/1904/635 1271/1905/635
f 1269/1906/636 1272/1907/636 1270/1908/636
f 1273/1909/637 1274/1910/637 1275/1911/637
f 1273/1912/638 1276/1913/638 1274/1914/638
f 1277/1915/639 1278/1916/639 1279/1917/639
f 1277/1918/640 1280/1919/640 1278/1920/640
f 1281/1921/641 1282/1922/641 1283/1923/641
f 1281/1924/642 1284/1925/642 1282/1926/642
f 1285/1927/643 1286/1928/643 1287/1929/643
f 1285/1930/644 1288/1931/644 1286/1932/644
f 1289/1933/645 1290/1934/645 1291/1935/645
f 1289/1936/646 1292/1937/646 1290/1938/646
f 1293/1939/647 1294/1940/647 1295/1941/647
f 1293/1942/648 1296/1943/648 1294/1944/648
f 1297/1945/649 1298/1946/649 1299/1947/649
f 1297/1948/650 1300/1949/650 1298/1950/650
f 1301/1951/651 1302/1952/651 1303/1953/651
f 1301/1954/652 1304/1955/652 1302/1956/652
f 1305/1957/653 1306/1958/653 1307/1959/653
f 1305/1960/654 1308/1961/654 1306/1962/654
f 1309/1963/655 1310/1964/655 1311/1965/655
f 1309/1966/656 1310/1967/656 1311/1968/656
f 1309/1969/657 1312/1970/657 1310/1971/657
f 1309/1972/658 1312/1973/658 1310/1974/658
f 1313/1975/659 1314/1976/659 1315/1977/659
f 1313/1978/660 1314/1979/660 1315/1980/660
f 1313/1981/661 1316/1982/661 1314/1983/661
f 1313/1984/662 1316/1985/662 1314/1986/662
f 1317/1987/663 1318/1988/663 1319/1989/663
f 1317/1990/664 1318/1991/664 1319/1992/664
f 1317/1993/665 1320/1994/665 1318/1995/665
f 1317/1996/666 1320/1997/666 1318/1998/666
f 1321/1999/667 1322/2000/667 1323/2001/667
f 1321/2002/668 1322/2003/668 1323/2004/668
f 1321/2005/669 1324/2006/669 1322/2007/669
f 1321/2008/670 1324/2009/670 1322/2010/670
f 1325/2011/671 1326/2012/671 1327/2013/671
f 1325/2014/672 1326/2015/672 1327/2016/672
f 1325/2017/673 1328/2018/673 1326/2019/673
f 1325/2020/674 1328/2021/674 1326/2022/674
f 1329/2023/675 1330/2024/675 1331/2025/675
f 1329/2026/676 1330/2027/676 1331/2028/676
f 1329/2029/677 1332/2030/677 1330/2031/677
f 1329/2032/678 1332/2033/678 1330/2034/678
f 1333/2035/679 1334/2036/679 1335/2037/679
f 1333/2038/680 1336/2039/680 1334/2040/680
f 1337/2041/681 1338/2042/681 1339/2043/681
f 1337/2044/682 1340/2045/682 1338/2046/682
f 1341/2047/683 1342/2048/683 1343/2049/683
f 1341/2050/684 1344/2051/684 1342/2052/684
f 1345/2053/685 1346/2054/685 1347/2055/685
f 1345/2056/686 1348/2057/686 1346/2058/686
f 1349/2059/687 1350/2060/687 1351/2061/687
f 1349/2062/688 1352/2063/688 1350/2064/688
f 1353/2065/689 1354/2066/689 1355/2067/689
f 1353/2068/690 1356/2069/690 1354/2070/690
f 1357/2071/691 1358/2072/691 1359/2073/691
f 1357/2074/692 1360/2075/692 1358/2076/692
f 1361/2077/693 1362/2078/693 1363/2079/693
f 1361/2080/694 1364/2081/694 1362/2082/694
f 1365/2083/695 1366/2084/695 1367/2085/695
f 1365/2086/696 1368/2087/696 1366/2088/696
f 1369/2089/697 1370/2090/697 1371/2091/697
f 1369/2092/698 1372/2093/698 1370/2094/698
f 1373/2095/699 1374/2096/699 1375/2097/699
f 1373/2098/700 1376/2099/700 1374/2100/700
f 1377/2101/701 1378/2102/701 1379/2103/701
f 1377/2104/702 1380/2105/702 1378/2106/702
f 1381/2107/703 1382/2108/703 1383/2109/703
f 1381/2110/704 1384/2111/704 1382/2112/704
f 1385/2113/705 1386/2114/705 1387/2115/705
f 1385/2116/706 1388/2117/706 1386/2118/706
f 1389/2119/707 1390/2120/707 1391/2121/707
f 1389/2122/708 1392/2123/708 1390/2124/708
f 1393/2125/709 1394/2126/709 1395/2127/709
f 1393/2128/710 1396/2129/710 1394/2130/710
f 1397/2131/711 1398/2132/711 1399/2133/711
f 1397/2134/712 1400/2135/712 1398/2136/712
f 1401/2137/713 1402/2138/713 1403/2139/713
f 1401/2140/714 1404/2141/714 1402/2142/714
f 1405/2143/715 1406/2144/715 1407/2145/715
f 1405/2146/716 1408/2147/716 1406/2148/716
f 1409/2149/717 1410/2150/717 1411/2151/717
f 1409/2152/718 1412/2153/718 1410/2154/718
f 1413/2155/719 1414/2156/719 1415/2157/719
f 1413/2158/720 1416/2159/720 1414/2160/720
f 1417/2161/721 1418/2162/721 1419/2163/721
f 1417/2164/722 1420/2165/722 1418/2166/722
f 1421/2167/723 1422/2168/723 1423/2169/723
f 1421/2170/724 1424/2171/724 1422/2172/724
f 1425/2173/725 1426/2174/725 1427/2175/725
f 1425/2176/726 1428/2177/726 1426/2178/726
f 1429/2179/727 1430/2180/727 1431/2181/727
f 1429/2182/728 1432/2183/728 1430/2184/728
f 1433/2185/729 1434/2186/729 1435/2187/729
f 1433/2188/730 1436/2189/730 1434/2190/730
f 1437/2191/731 1438/2192/731 1439/2193/731
f 1437/2194/732 1440/2195/732 1438/2196/732
f 1441/2197/733 1442/2198/733 1443/2199/733
f 1441/2200/734 1444/2201/734 1442/2202/734
f 1445/2203/735 1446/2204/735 1447/2205/735
f 1445/2206/736 1448/2207/736 1446/2208/736
f 1449/2209/737 1450/2210/737 1451/2211/737
f 1449/2212/738 1452/2213/738 1450/2214/738
f 1453/2215/739 1454/2216/739 1455/2217/739
f 1453/2218/740 1456/2219/740 1454/2220/740
f 1457/2221/741 1458/2222/741 1459/2223/741
f 1457/2224/742 1460/2225/742 1458/2226/742
f 1461/2227/743 1462/2228/743 1463/2229/743
f 1461/2230/744 1464/2231/744 1462/2232/744
f 1465/2233/745 1466/2234/745 1467/2235/745
f 1465/2236/746 1468/2237/746 1466/2238/746
f 1469/2239/747 1470/2240/747 1471/2241/747
f 1469/2242/748 1472/2243/748 1470/2244/748
f 1473/2245/749 1474/2246/749 1475/2247/749
f 1473/2248/750 1476/2249/750 1474/2250/750
f 1477/2251/751 1478/2252/751 1479/2253/751
f 1477/2254/752 1480/2255/752 1478/2256/752
f 1481/2257/753 1482/2258/753 1483/2259/753
f 1481/2260/754 1484/2261/754 1482/2262/754
f 1485/2263/755 1486/2264/755 1487/2265/755
f 1485/2266/756 1488/2267/756 1486/2268/756
f 1489/2269/757 1490/2270/757 1491/2271/757
f 1489/2272/758 1492/2273/758 1490/2274/758
f 1493/2275/759 1494/2276/759 1495/2277/759
f 1493/2278/760 1496/2279/760 1494/2280/760
f 1497/2281/761 1498/2282/761 1499/2283/761
f 1497/2284/762 1500/2285/762 1498/2286/762
f 1501/2287/763 1502/2288/763 1503/2289/763
f 1501/2290/764 1504/2291/764 1502/2292/764
f 1505/2293/765 1506/2294/765 1507/2295/765
f 1505/2296/766 1508/2297/766 1506/2298/766
f 1509/2299/767 1510/2300/767 1511/2301/767
f 1509/2302/768 1512/2303/768 1510/2304/768
f 1513/2305/769 1514/2306/769 1515/2307/769
f 1513/2308/770 1516/2309/770 1514/2310/770
f 1517/2311/771 1518/2312/771 1519/2313/771
f 1517/2314/772 1520/2315/772 1518/2316/772
f 1521/2317/773 1522/2318/773 1523/2319/773
f 1521/2320/774 1524/2321/774 1522/2322/774
f 1525/2323/775 1526/2324/775 1527/2325/775
f 1525/2326/776 1528/2327/776 1526/2328/776
f 1529/2329/777 1530/2330/777 1531/2331/777
f 1529/2332/778 1532/2333/778 1530/2334/778
f 1533/2335/779 1534/2336/779 1535/2337/779
f 1533/2338/780 1536/2339/780 1534/2340/780
f 1537/2341/781 1538/2342/781 1539/2343/781
f 1537/2344/782 1540/2345/782 1538/2346/782
f 1541/2347/783 1542/2348/783 1543/2349/783
f 1541/2350/784 1544/2351/784 1542/2352/784
f 1545/2353/785 1546/2354/785 1547/2355/785
f 1545/2356/786 1548/2357/786 1546/2358/786
f 1549/2359/787 1550/2360/787 1551/2361/787
f 1549/2362/788 1552/2363/788 1550/2364/788
f 1553/2365/789 1554/2366/789 1555/2367/789
f 1553/2368/790 1556/2369/790 1554/2370/790
f 1557/2371/791 1558/2372/791 1559/2373/791
f 1557/2374/792 1560/2375/792 1558/2376/792
f 1561/2377/793 1562/2378/793 1563/2379/793
f 1561/2380/794 1564/2381/794 1562/2382/794
f 1565/2383/795 1566/2384/795 1567/2385/795
f 1565/2386/796 1568/2387/796 1566/2388/796
f 1569/2389/797 1570/2390/797 1571/2391/797
f 1569/2392/798 1572/2393/798 1570/2394/798
f 1573/2395/799 1574/2396/799 1575/2397/799
f 1573/2398/800 1576/2399/800 1574/2400/800
f 1577/2401/801 1578/2402/801 1579/2403/801
f 1577/2404/802 1580/2405/802 1578/2406/802
f 1581/2407/803 1582/2408/803 1583/2409/803
f 1581/2410/804 1584/2411/804 1582/2412/804
f 1585/2413/805 1586/2414/805 1587/2415/805
f 1585/2416/806 1588/2417/806 1586/2418/806
f 1589/2419/807 1590/2420/807 1591/2421/807
f 1589/2422/808 1592/2423/808 1590/2424/808
f 1593/2425/809 1594/2426/809 1595/2427/809
f 1593/2428/810 1596/2429/810 1594/2430/810
f 1597/2431/811 1598/2432/811 1599/2433/811
f 1597/2434/812 1600/2435/812 1598/2436/812
f 1601/2437/813 1602/2438/813 1603/2439/813
f 1601/2440/814 1604/2441/814 1602/2442/814
f 1605/2443/815 1606/2444/815 1607/2445/815
f 1605/2446/816 1608/2447/816 1606/2448/816
f 1609/2449/817 1610/2450/817 1611/2451/817
f 1609/2452/818 1612/2453/818 1610/2454/818
f 1613/2455/819 1614/2456/819 1615/2457/819
f 1613/2458/820 1616/2459/820 1614/2460/820
f 1617/2461/821 1618/2462/821 1619/2463/821
f 1617/2464/822 1620/2465/822 1618/2466/822
f 1621/2467/823 1622/2468/823 1623/2469/823
f 1621/2470/824 1624/2471/824 1622/2472/824
f 1625/2473/825 1626/2474/825 1627/2475/825
f 1625/2476/826 1628/2477/826 1626/2478/826
f 1629/2479/827 1630/2480/827 1631/2481/827
f 1629/2482/828 1632/2483/828 1630/2484/828
f 1633/2485/829 1634/2486/829 1635/2487/829
f 1633/2488/830 1636/2489/830 1634/2490/830
f 1637/2491/831 1638/2492/831 1639/2493/831
f 1637/2494/832 1640/2495/832 1638/2496/832
f 1641/2497/833 1642/2498/833 1643/2499/833
f 1641/2500/834 1644/2501/834 1642/2502/834
f 1645/2503/835 1646/2504/835 1647/2505/835
f 1645/2506/836 1648/2507/836 1646/2508/836
f 1649/2509/837 1650/2510/837 1651/2511/837
f 1649/2512/838 1652/2513/838 1650/2514/838
f 1653/2515/839 1654/2516/839 1655/2517/839
f 1653/2518/840 1656/2519/840 1654/2520/840
f 1657/2521/841 1658/2522/841 1659/2523/841
f 1657/2524/842 1660/2525/842 1658/2526/842
f 1661/2527/843 1662/2528/843 1663/2529/843
f 1661/2530/844 1664/2531/844 1662/2532/844
f 1665/2533/845 1666/2534/845 1667/2535/845
f 1665/2536/846 1668/2537/846 1666/2538/846
f 1669/2539/847 1670/2540/847 1671/2541/847
f 1669/2542/848 1672/2543/848 1670/2544/848
f 1673/2545/849 1674/2546/849 1675/2547/849
f 1673/2548/850 1676/2549/850 1674/2550/850
f 1677/2551/851 1678/2552/851 1679/2553/851
f 1677/2554/852 1680/2555/852 1678/2556/852
f 1681/2557/853 1682/2558/853 1683/2559/853
f 1681/2560/854 1684/2561/854 1682/2562/854
f 1685/2563/855 1686/2564/855 1687/2565/855
f 1685/2566/856 1688/2567/856 1686/2568/856
f 1689/2569/857 1690/2570/857 1691/2571/857
f 1689/2572/858 1692/2573/858 1690/2574/858
f 1693/2575/859 1694/2576/859 1695/2577/859
f 1693/2578/860 1696/2579/860 1694/2580/860
f 1697/2581/861 1698/2582/861 1699/2583/861
f 1697/2584/862 1700/2585/862 1698/2586/862
f 1701/2587/863 1702/2588/863 1703/2589/863
f 1701/2590/864 1704/2591/864 1702/2592/864
f 1705/2593/865 1706/2594/865 1707/2595/865
f 1705/2596/866 1708/2597/866 1706/2598/866
f 1709/2599/867 1710/2600/867 1711/2601/867
f 1709/2602/868 1712/2603/868 1710/2604/868
f 1713/2605/869 1714/2606/869 1715/2607/869
f 1713/2608/870 1716/2609/870 1714/2610/870
f 1717/2611/871 1718/2612/871 1719/2613/871
f 1717/2614/872 1720/2615/872 1718/2616/872
f 1721/2617/873 1722/2618/873 1723/2619/873
f 1721/2620/874 1724/2621/874 1722/2622/874
f 1725/2623/875 1726/2624/875 1727/2625/875
f 1725/2626/876 1728/2627/876 1726/2628/876
f 1729/2629/877 1730/2630/877 1731/2631/877
f 1729/2632/878 1732/2633/878 1730/2634/878
f 1733/2635/879 1734/2636/879 1735/2637/879
f 1733/2638/880 1736/2639/880 1734/2640/880
f 1737/2641/881 1738/2642/881 1739/2643/881
f 1737/2644/882 1740/2645/882 1738/2646/882
f 1741/2647/883 1742/2648/883 1743/2649/883
f 1741/2650/884 1744/2651/884 1742/2652/884
f 1745/2653/885 1746/2654/885 1747/2655/885
f 1745/2656/886 1748/2657/886 1746/2658/886
f 1749/2659/887 1750/2660/887 1751/2661/887
f 1749/2662/888 1752/2663/888 1750/2664/888
f 1753/2665/889 1754/2666/889 1755/2667/889
f 1753/2668/890 1756/2669/890 1754/2670/890
f 1757/2671/891 1758/2672/891 1759/2673/891
f 1757/2674/892 1760/2675/892 1758/2676/892
f 1761/2677/893 1762/2678/893 1763/2679/893
f 1761/2680/894 1764/2681/894 1762/2682/894
f 1765/2683/895 1766/2684/895 1767/2685/895
f 1765/2686/896 1768/2687/896 1766/2688/896
f 1769/2689/897 1770/2690/897 1771/2691/897
f 1769/2692/898 1772/2693/898 1770/2694/898
f 1773/2695/899 1774/2696/899 1775/2697/899
f 1773/2698/900 1776/2699/900 1774/2700/900
f 1777/2701/901 1778/2702/901 1779/2703/901
f 1777/2704/902 1780/2705/902 1778/2706/902
f 1781/2707/903 1782/2708/903 1783/2709/903
f 1781/2710/904 1784/2711/904 1782/2712/904
f 1785/2713/905 1786/2714/905 1787/2715/905
f 1785/2716/906 1788/2717/906 1786/2718/906
f 1789/2719/907 1790/2720/907 1791/2721/907
f 1789/2722/908 1792/2723/908 1790/2724/908
f 1793/2725/909 1794/2726/909 1795/2727/909
f 1793/2728/910 1796/2729/910 1794/2730/910
f 1797/2731/911 1798/2732/911 1799/2733/911
f 1797/2734/912 1800/2735/912 1798/2736/912
f 1801/2737/913 1802/2738/913 1803/2739/913
f 1801/2740/914 1804/2741/914 1802/2742/914
f 1805/2743/915 1806/2744/915 1807/2745/915
f 1805/2746/916 1808/2747/916 1806/2748/916
f 1809/2749/917 1810/2750/917 1811/2751/917
f 1809/2752/918 1812/2753/918 1810/2754/918
f 1813/2755/919 1814/2756/919 1815/2757/919
f 1813/2758/920 1816/2759/920 1814/2760/920
f 1817/2761/921 1818/2762/921 1819/2763/921
f 1817/2764/922 1820/2765/922 1818/2766/922
f 1821/2767/923 1822/2768/923 1823/2769/923
f 1821/2770/924 1824/2771/924 1822/2772/924
f 1825/2773/925 1826/2774/925 1827/2775/925
f 1825/2776/926 1828/2777/926 1826/2778/926
f 1829/2779/927 1830/2780/927 1831/2781/927
f 1829/2782/928 1832/2783/928 1830/2784/928
f 1833/2785/929 1834/2786/929 1835/2787/929
f 1833/2788/930 1836/2789/930 1834/2790/930
f 1837/2791/931 1838/2792/931 1839/2793/931
f 1837/2794/932 1840/2795/932 1838/2796/932
f 1841/2797/933 1842/2798/933 1843/2799/933
f 1841/2800/934 1844/2801/934 1842/2802/934
f 1845/2803/935 1846/2804/935 1847/2805/935
f 1845/2806/936 1848/2807/936 1846/2808/936
f 1849/2809/937 1850/2810/937 1851/2811/937
f 1849/2812/938 1852/2813/938 1850/2814/938
f 1853/2815/939 1854/2816/939 1855/2817/939
f 1853/2818/940 1856/2819/940 1854/2820/940
f 1857/2821/941 1858/2822/941 1859/2823/941
f 1857/2824/942 1860/2825/942 1858/2826/942
f 1861/2827/943 1862/2828/943 1863/2829/943
f 1861/2830/944 1864/2831/944 1862/2832/944
f 1865/2833/945 1866/2834/945 1867/2835/945
f 1865/2836/946 1868/2837/946 1866/2838/946
f 1869/2839/947 1870/2840/947 1871/2841/947
f 1869/2842/948 1872/2843/948 1870/2844/948
f 1873/2845/949 1874/2846/949 1875/2847/949
f 1873/2848/950 1876/2849/950 1874/2850/950
f 1877/2851/951 1878/2852/951 1879/2853/951
f 1877/2854/952 1880/2855/952 1878/2856/952
f 1881/2857/953 1882/2858/953 1883/2859/953
f 1881/2860/954 1884/2861/954 1882/2862/954
f 1885/2863/955 1886/2864/955 1887/2865/955
f 1885/2866/956 1888/2867/956 1886/2868/956
f 1889/2869/957 1890/2870/957 1891/2871/957
f 1889/2872/958 1892/2873/958 1890/2874/958
f 1893/2875/959 1894/2876/959 1895/2877/959
f 1893/2878/960 1896/2879/960 1894/2880/960
f 1897/2881/961 1898/2882/961 1899/2883/961
f 1897/2884/962 1900/2885/962 1898/2886/962
f 1901/2887/963 1902/2888/963 1903/2889/963
f 1901/2890/964 1904/2891/964 1902/2892/964
f 1905/2893/965 1906/2894/965 1907/2895/965
f 1905/2896/966 1908/2897/966 1906/2898/966
f 1909/2899/967 1910/2900/967 1911/2901/967
f 1909/2902/968 1912/2903/968 1910/2904/968
f 1913/2905/969 1914/2906/969 1915/2907/969
f 1913/2908/970 1916/2909/970 1914/2910/970
f 1917/2911/971 1918/2912/971 1919/2913/971
f 1917/2914/972 1920/2915/972 1918/2916/972
f 1921/2917/973 1922/2918/973 1923/2919/973
f 1921/2920/974 1924/2921/974 1922/2922/974
f 1925/2923/975 1926/2924/975 1927/2925/975
f 1925/2926/976 1928/2927/976 1926/2928/976
f 1929/2929/977 1930/2930/977 1931/2931/977
f 1929/2932/978 1932/2933/978 1930/2934/978
f 1933/2935/979 1934/2936/979 1935/2937/979
f 1933/2938/980 1936/2939/980 1934/2940/980
f 1937/2941/981 1938/2942/981 1939/2943/981
f 1937/2944/982 1940/2945/982 1938/2946/982
f 1941/2947/983 1942/2948/983 1943/2949/983
f 1943/2950/984 1944/2951/984 1945/2952/984
f 1942/2953/985 1946/2954/985 1943/2955/985
f 1946/2956/986 1947/2957/986 1943/2958/986
f 1943/2959/987 1947/2960/987 1944/2961/987
f 1941/2962/988 1948/2963/988 1942/2964/988
f 1941/2965/989 1949/2966/989 1950/2967/989
f 1941/2968/990 1950/2969/990 1948/2970/990
f 1950/2971/991 1951/2972/991 1948/2973/991
f 1947/2974/992 1952/2975/992 1944/2976/992
f 1953/2977/993 1954/2978/993 1955/2979/993
f 1956/2980/994 1953/2981/994 1955/2982/994
f 1955/2983/995 1957/2984/995 1956/2985/995
f 1954/2986/996 1958/2987/996 1955/2988/996
f 1956/2989/997 1959/2990/997 1953/2991/997
f 1953/2992/998 1960/2993/998 1954/2994/998
f 1954/2995/999 1961/2996/999 1958/2997/999
f 1960/2998/1000 1962/2999/1000 1954/3000/1000
f 1958/3001/1001 1963/3002/1001 1964/3003/1001
f 1958/3004/1002 1964/3005/1002 1965/3006/1002
f 1961/3007/1003 1963/3008/1003 1958/3009/1003
f 1960/3010/1004 1966/3011/1004 1962/3012/1004
f 1967/3013/1005 1966/3014/1005 1960/3015/1005
f 1968/3016/1006 1969/3017/1006 1970/3018/1006
f 1968/3019/1007 1970/3020/1007 1971/3021/1007
f 1971/3022/1008 1972/3023/1008 1968/3024/1008
f 1972/3025/1009 1973/3026/1009 1968/3027/1009
f 1969/3028/1010 1974/3029/1010 1975/3030/1010
f 1969/3031/1011 1975/3032/1011 1970/3033/1011
f 1975/3034/1012 1976/3035/1012 1970/3036/1012
f 1975/3037/1013 1977/3038/1013 1976/3039/1013
f 1978/3040/1014 1979/3041/1014 1974/3042/1014
f 1974/3043/1015 1980/3044/1015 1978/3045/1015
f 1978/3046/1016 1981/3047/1016 1979/3048/1016
f 1981/3049/1017 1978/3050/1017 1982/3051/1017
f 1981/3052/1018 1982/3053/1018 1983/3054/1018
f 1972/3055/1019 1984/3056/1019 1973/3057/1019
f 1971/3058/1020 1985/3059/1020 1972/3060/1020
f 1971/3061/1021 1986/3062/1021 1985/3063/1021
f 1985/3064/1022 1986/3065/1022 1987/3066/1022
f 1988/3067/1023 1989/3068/1023 1990/3069/1023
f 1989/3070/1024 1991/3071/1024 1990/3072/1024
f 1990/3073/1025 1991/3074/1025 1992/3075/1025
f 1993/3076/1026 1990/3077/1026 1992/3078/1026
f 1991/3079/1027 1994/3080/1027 1992/3081/1027
f 1994/3082/1028 1995/3083/1028 1996/3084/1028
f 1994/3085/1029 1996/3086/1029 1992/3087/1029
f 1996/3088/1030 1997/3089/1030 1998/3090/1030
f 1996/3091/1031 1998/3092/1031 1992/3093/1031
f 1999/3094/1032 2000/3095/1032 1992/3096/1032
f 1999/3097/1033 1992/3098/1033 2001/3099/1033
f 2000/3100/1034 1993/3101/1034 1992/3102/1034
f 2000/3103/1035 2002/3104/1035 1993/3105/1035
f 2000/3106/1036 2003/3107/1036 2002/3108/1036
f 2000/3109/1037 1999/3110/1037 2004/3111/1037
f 1999/3112/1038 2001/3113/1038 2005/3114/1038
f 2006/3115/1039 2007/3116/1039 2008/3117/1039
f 2007/3118/1040 2009/3119/1040 2008/3120/1040
f 2006/3121/1041 2010/3122/1041 2007/3123/1041
f 2007/3124/1042 2011/3125/1042 2009/3126/1042
f 2012/3127/1043 2013/3128/1043 2014/3129/1043
f 2012/3130/1044 2015/3131/1044 2013/3132/1044
f 2016/3133/1045 2017/3134/1045 2018/3135/1045
f 2016/3136/1046 2019/3137/1046 2017/3138/1046
f 2020/3139/1047 2021/3140/1047 2022/3141/1047
f 2020/3142/1048 2023/3143/1048 2021/3144/1048
f 2024/3145/1049 2025/3146/1049 2026/3147/1049
f 2024/3148/1050 2027/3149/1050 2025/3150/1050
f 2028/3151/1051 2029/3152/1051 2030/3153/1051
f 2028/3154/1052 2031/3155/1052 2029/3156/1052
f 2032/3157/1053 2033/3158/1053 2034/3159/1053
f 2032/3160/1054 2035/3161/1054 2033/3162/1054
f 2036/3163/1055 2037/3164/1055 2038/3165/1055
f 2036/3166/1056 2039/3167/1056 2037/3168/1056
f 2040/3169/1057 2041/3170/1057 2042/3171/1057
f 2042/3172/1058 2043/3173/1058 2044/3174/1058
f 2045/3175/1059 2046/3176/1059 2042/3177/1059
f 2041/3178/1060 2045/3179/1060 2042/3180/1060
f 2046/3181/1061 2043/3182/1061 2042/3183/1061
f 2040/3184/1062 2047/3185/1062 2048/3186/1062
f 2040/3187/1063 2048/3188/1063 2041/3189/1063
f 2041/3190/1064 2048/3191/1064 2049/3192/1064
f 2041/3193/1065 2049/3194/1065 2050/3195/1065
f 2043/3196/1066 2051/3197/1066 2044/3198/1066
f 2052/3199/1067 2053/3200/1067 2046/3201/1067
f 2052/3202/1068 2046/3203/1068 2045/3204/1068
f 2054/3205/1069 2055/3206/1069 2056/3207/1069
f 2056/3208/1070 2057/3209/1070 2058/3210/1070
f 2056/3211/1071 2058/3212/1071 2059/3213/1071
f 2055/3214/1072 2057/3215/1072 2056/3216/1072
f 2054/3217/1073 2060/3218/1073 2055/3219/1073
f 2054/3220/1074 2061/3221/1074 2060/3222/1074
f 2060/3223/1075 2062/3224/1075 2055/3225/1075
f 2055/3226/1076 2063/3227/1076 2057/3228/1076
f 2063/3229/1077 2064/3230/1077 2057/3231/1077
f 2064/3232/1078 2063/3233/1078 2065/3234/1078
f 2064/3235/1079 2065/3236/1079 2066/3237/1079
f 2061/3238/1080 2067/3239/1080 2060/3240/1080
f 2068/3241/1081 2069/3242/1081 2070/3243/1081
f 2068/3244/1082 2071/3245/1082 2069/3246/1082
f 2072/3247/1083 2073/3248/1083 2074/3249/1083
f 2073/3250/1084 2075/3251/1084 2074/3252/1084
f 2075/3253/1085 2076/3254/1085 2074/3255/1085
f 2072/3256/1086 2077/3257/1086 2073/3258/1086
f 2073/3259/1087 2078/3260/1087 2075/3261/1087
f 2079/3262/1088 2075/3263/1088 2078/3264/1088
f 2080/3265/1089 2078/3266/1089 2081/3267/1089
f 2080/3268/1090 2079/3269/1090 2078/3270/1090
f 2082/3271/1091 2079/3272/1091 2080/3273/1091
f 2082/3274/1092 2083/3275/1092 2079/3276/1092
f 2082/3277/1093 2080/3278/1093 2084/3279/1093
f 2085/3280/1094 2082/3281/1094 2084/3282/1094
f 2086/3283/1095 2087/3284/1095 2088/3285/1095
f 2089/3286/1096 2090/3287/1096 2088/3288/1096
f 2090/3289/1097 2086/3290/1097 2088/3291/1097
f 2086/3292/1098 2091/3293/1098 2087/3294/1098
f 2092/3295/1099 2093/3296/1099 2087/3297/1099
f 2091/3298/1100 2092/3299/1100 2087/3300/1100
f 2091/3301/1101 2094/3302/1101 2095/3303/1101
f 2091/3304/1102 2096/3305/1102 2097/3306/1102
f 2096/3307/1103 2091/3308/1103 2095/3309/1103
f 2091/3310/1104 2097/3311/1104 2092/3312/1104
f 2092/3313/1105 2098/3314/1105 2099/3315/1105
f 2092/3316/1106 2099/3317/1106 2093/3318/1106
f 2100/3319/1107 2089/3320/1107 2093/3321/1107
f 2099/3322/1108 2100/3323/1108 2093/3324/1108
f 2099/3325/1109 2101/3326/1109 2100/3327/1109
f 2100/3328/1110 2102/3329/1110 2103/3330/1110
f 2100/3331/1111 2103/3332/1111 2104/3333/1111
f 2100/3334/1112 2104/3335/1112 2090/3336/1112
f 2100/3337/1113 2090/3338/1113 2089/3339/1113
f 2104/3340/1114 2105/3341/1114 2090/3342/1114
f 2096/3343/1115 2106/3344/1115 2097/3345/1115
f 2107/3346/1116 2106/3347/1116 2108/3348/1116
f 2106/3349/1117 2096/3350/1117 2108/3351/1117
f 2109/3352/1118 2108/3353/1118 2110/3354/1118
f 2108/3355/1119 2111/3356/1119 2110/3357/1119
f 2108/3358/1120 2096/3359/1120 2111/3360/1120
f 2096/3361/1121 2095/3362/1121 2112/3363/1121
f 2095/3364/1122 2094/3365/1122 2113/3366/1122
f 2095/3367/1123 2113/3368/1123 2114/3369/1123
f 2115/3370/1124 2113/3371/1124 2094/3372/1124
f 2115/3373/1125 2094/3374/1125 2116/3375/1125
f 2117/3376/1126 2113/3377/1126 2115/3378/1126
f 2118/3379/1127 2119/3380/1127 2120/3381/1127
f 2118/3382/1128 2121/3383/1128 2119/3384/1128
f 2122/3385/1129 2123/3386/1129 2124/3387/1129
f 2122/3388/1130 2125/3389/1130 2123/3390/1130
f 2123/3391/1131 2126/3392/1131 2127/3393/1131
f 2125/3394/1132 2126/3395/1132 2123/3396/1132
f 2128/3397/1133 2129/3398/1133 2130/3399/1133
f 2128/3400/1134 2131/3401/1134 2129/3402/1134
f 2132/3403/1135 2133/3404/1135 2134/3405/1135
f 2132/3406/1136 2135/3407/1136 2133/3408/1136
f 2136/3409/1137 2137/3410/1137 2138/3411/1137
f 2136/3412/1138 2139/3413/1138 2137/3414/1138
f 2139/3415/1139 2140/3416/1139 2137/3417/1139
f 2140/3418/1140 2141/3419/1140 2137/3420/1140
f 2142/3421/1141 2143/3422/1141 2144/3423/1141
f 2142/3424/1142 2145/3425/1142 2143/3426/1142
f 2146/3427/1143 2147/3428/1143 2148/3429/1143
f 2149/3430/1144 2150/3431/1144 2148/3432/1144
f 2149/3433/1145 2148/3434/1145 2147/3435/1145
f 2151/3436/1146 2146/3437/1146 2148/3438/1146
f 2152/3439/1147 2146/3440/1147 2151/3441/1147
f 2153/3442/1148 2147/3443/1148 2146/3444/1148
f 2154/3445/1149 2153/3446/1149 2146/3447/1149
f 2147/3448/1150 2155/3449/1150 2149/3450/1150
f 2156/3451/1151 2157/3452/1151 2153/3453/1151
f 2156/3454/1152 2153/3455/1152 2154/3456/1152
f 2158/3457/1153 2159/3458/1153 2151/3459/1153
f 2158/3460/1154 2151/3461/1154 2160/3462/1154
f 2159/3463/1155 2152/3464/1155 2151/3465/1155
f 2161/3466/1156 2162/3467/1156 2163/3468/1156
f 2161/3469/1157 2163/3470/1157 2164/3471/1157
f 2164/3472/1158 2165/3473/1158 2161/3474/1158
f 2166/3475/1159 2162/3476/1159 2161/3477/1159
f 2167/3478/1160 2162/3479/1160 2166/3480/1160
f 2168/3481/1161 2163/3482/1161 2162/3483/1161
f 2169/3484/1162 2163/3485/1162 2168/3486/1162
f 2169/3487/1163 2168/3488/1163 2170/3489/1163
f 2171/3490/1164 2172/3491/1164 2165/3492/1164
f 2171/3493/1165 2165/3494/1165 2164/3495/1165
f 2173/3496/1166 2171/3497/1166 2164/3498/1166
f 2174/3499/1167 2171/3500/1167 2173/3501/1167
f 2175/3502/1168 2176/3503/1168 2172/3504/1168
f 2175/3505/1169 2172/3506/1169 2177/3507/1169
f 2177/3508/1170 2178/3509/1170 2175/3510/1170
f 2178/3511/1171 2179/3512/1171 2175/3513/1171
f 2178/3514/1172 2180/3515/1172 2179/3516/1172
f 2181/3517/1173 2182/3518/1173 2183/3519/1173
f 2184/3520/1174 2181/3521/1174 2183/3522/1174
f 2184/3523/1175 2183/3524/1175 2185/3525/1175
f 2183/3526/1176 2186/3527/1176 2185/3528/1176
f 2187/3529/1177 2184/3530/1177 2185/3531/1177
f 2188/3532/1178 2187/3533/1178 2189/3534/1178
f 2189/3535/1179 2187/3536/1179 2185/3537/1179
f 2190/3538/1180 2189/3539/1180 2191/3540/1180
f 2191/3541/1181 2189/3542/1181 2185/3543/1181
f 2192/3544/1182 2193/3545/1182 2185/3546/1182
f 2185/3547/1183 2193/3548/1183 2194/3549/1183
f 2186/3550/1184 2192/3551/1184 2185/3552/1184
f 2192/3553/1185 2186/3554/1185 2195/3555/1185
f 2192/3556/1186 2195/3557/1186 2196/3558/1186
f 2193/3559/1187 2192/3560/1187 2197/3561/1187
f 2194/3562/1188 2193/3563/1188 2198/3564/1188
f 2199/3565/1189 2200/3566/1189 2201/3567/1189
f 2202/3568/1190 2199/3569/1190 2201/3570/1190
f 2203/3571/1191 2200/3572/1191 2199/3573/1191
f 2204/3574/1192 2199/3575/1192 2202/3576/1192
f 2205/3577/1193 2206/3578/1193 2207/3579/1193
f 2205/3580/1194 2208/3581/1194 2206/3582/1194
f 2209/3583/1195 2210/3584/1195 2211/3585/1195
f 2209/3586/1196 2212/3587/1196 2210/3588/1196
f 2213/3589/1197 2214/3590/1197 2215/3591/1197
f 2213/3592/1198 2216/3593/1198 2214/3594/1198
f 2217/3595/1199 2218/3596/1199 2219/3597/1199
f 2217/3598/1200 2220/3599/1200 2218/3600/1200
f 2221/3601/1201 2222/3602/1201 2223/3603/1201
f 2221/3604/1202 2224/3605/1202 2222/3606/1202
f 2225/3607/1203 2226/3608/1203 2227/3609/1203
f 2225/3610/1204 2228/3611/1204 2226/3612/1204
f 2229/3613/1205 2230/3614/1205 2231/3615/1205
f 2229/3616/1206 2232/3617/1206 2230/3618/1206
f 2233/3619/1207 2234/3620/1207 2235/3621/1207
f 2236/3622/1208 2235/3623/1208 2237/3624/1208
f 2238/3625/1209 2239/3626/1209 2235/3627/1209
f 2239/3628/1210 2233/3629/1210 2235/3630/1210
f 2236/3631/1211 2238/3632/1211 2235/3633/1211
f 2240/3634/1212 2234/3635/1212 2241/3636/1212
f 2241/3637/1213 2234/3638/1213 2233/3639/1213
f 2233/3640/1214 2242/3641/1214 2241/3642/1214
f 2233/3643/1215 2243/3644/1215 2242/3645/1215
f 2238/3646/1216 2244/3647/1216 2245/3648/1216
f 2238/3649/1217 2245/3650/1217 2239/3651/1217
f 2246/3652/1218 2236/3653/1218 2237/3654/1218
f 2247/3655/1219 2248/3656/1219 2249/3657/1219
f 2249/3658/1220 2250/3659/1220 2251/3660/1220
f 2249/3661/1221 2251/3662/1221 2252/3663/1221
f 2252/3664/1222 2247/3665/1222 2249/3666/1222
f 2253/3667/1223 2248/3668/1223 2247/3669/1223
f 2254/3670/1224 2253/3671/1224 2247/3672/1224
f 2255/3673/1225 2247/3674/1225 2252/3675/1225
f 2256/3676/1226 2248/3677/1226 2253/3678/1226
f 2257/3679/1227 2256/3680/1227 2253/3681/1227
f 2258/3682/1228 2255/3683/1228 2252/3684/1228
f 2255/3685/1229 2258/3686/1229 2259/3687/1229
f 2259/3688/1230 2258/3689/1230 2260/3690/1230
f 2261/3691/1231 2262/3692/1231 2263/3693/1231
f 2261/3694/1232 2264/3695/1232 2262/3696/1232
f 2265/3697/1233 2266/3698/1233 2267/3699/1233
f 2265/3700/1234 2268/3701/1234 2266/3702/1234
f 2269/3703/1235 2266/3704/1235 2270/3705/1235
f 2270/3706/1236 2266/3707/1236 2268/3708/1236
f 2271/3709/1237 2270/3710/1237 2268/3711/1237
f 2270/3712/1238 2272/3713/1238 2269/3714/1238
f 2269/3715/1239 2273/3716/1239 2274/3717/1239
f 2272/3718/1240 2273/3719/1240 2269/3720/1240
f 2272/3721/1241 2275/3722/1241 2273/3723/1241
f 2276/3724/1242 2275/3725/1242 2272/3726/1242
f 2273/3727/1243 2275/3728/1243 2277/3729/1243
f 2275/3730/1244 2278/3731/1244 2277/3732/1244
f 2279/3733/1245 2280/3734/1245 2281/3735/1245
f 2282/3736/1246 2281/3737/1246 2283/3738/1246
f 2284/3739/1247 2281/3740/1247 2285/3741/1247
f 2284/3742/1248 2283/3743/1248 2281/3744/1248
f 2285/3745/1249 2281/3746/1249 2286/3747/1249
f 2286/3748/1250 2281/3749/1250 2280/3750/1250
f 2279/3751/1251 2287/3752/1251 2280/3753/1251
f 2279/3754/1252 2288/3755/1252 2287/3756/1252
f 2289/3757/1253 2286/3758/1253 2280/3759/1253
f 2290/3760/1254 2291/3761/1254 2286/3762/1254
f 2290/3763/1255 2286/3764/1255 2289/3765/1255
f 2292/3766/1256 2293/3767/1256 2289/3768/1256
f 2293/3769/1257 2290/3770/1257 2289/3771/1257
f 2294/3772/1258 2290/3773/1258 2293/3774/1258
f 2293/3775/1259 2295/3776/1259 2296/3777/1259
f 2293/3778/1260 2296/3779/1260 2297/3780/1260
f 2288/3781/1261 2295/3782/1261 2293/3783/1261
f 2288/3784/1262 2293/3785/1262 2292/3786/1262
f 2288/3787/1263 2292/3788/1263 2287/3789/1263
f 2298/3790/1264 2295/3791/1264 2288/3792/1264
f 2299/3793/1265 2284/3794/1265 2285/3795/1265
f 2299/3796/1266 2300/3797/1266 2301/3798/1266
f 2284/3799/1267 2299/3800/1267 2301/3801/1267
f 2284/3802/1268 2302/3803/1268 2283/3804/1268
f 2284/3805/1269 2301/3806/1269 2303/3807/1269
f 2301/3808/1270 2304/3809/1270 2305/3810/1270
f 2303/3811/1271 2301/3812/1271 2305/3813/1271
f 2283/3814/1272 2306/3815/1272 2307/3816/1272
f 2283/3817/1273 2307/3818/1273 2282/3819/1273
f 2307/3820/1274 2308/3821/1274 2309/3822/1274
f 2309/3823/1275 2282/3824/1275 2307/3825/1275
f 2309/3826/1276 2310/3827/1276 2282/3828/1276
f 2311/3829/1277 2312/3830/1277 2313/3831/1277
f 2311/3832/1278 2314/3833/1278 2312/3834/1278
f 2315/3835/1279 2316/3836/1279 2317/3837/1279
f 2318/3838/1280 2315/3839/1280 2319/3840/1280
f 2318/3841/1281 2320/3842/1281 2315/3843/1281
f 2320/3844/1282 2316/3845/1282 2315/3846/1282
f 2321/3847/1283 2322/3848/1283 2323/3849/1283
f 2321/3850/1284 2324/3851/1284 2322/3852/1284
f 2325/3853/1285 2326/3854/1285 2327/3855/1285
f 2325/3856/1286 2328/3857/1286 2326/3858/1286
f 2329/3859/1287 2330/3860/1287 2331/3861/1287
f 2332/3862/1288 2333/3863/1288 2329/3864/1288
f 2333/3865/1289 2330/3866/1289 2329/3867/1289
f 2334/3868/1290 2332/3869/1290 2329/3870/1290
f 2335/3871/1291 2336/3872/1291 2337/3873/1291
f 2335/3874/1292 2338/3875/1292 2336/3876/1292
f 2339/3877/1293 2340/3878/1293 2341/3879/1293
f 2339/3880/1294 2342/3881/1294 2340/3882/1294
f 2343/3883/1295 2344/3884/1295 2345/3885/1295
f 2344/3886/1296 2346/3887/1296 2345/3888/1296
f 2343/3889/1297 2347/3890/1297 2348/3891/1297
f 2343/3892/1298 2348/3893/1298 2349/3894/1298
f 2344/3895/1299 2343/3896/1299 2349/3897/1299
f 2344/3898/1300 2349/3899/1300 2350/3900/1300
f 2349/3901/1301 2351/3902/1301 2350/3903/1301
f 2349/3904/1302 2352/3905/1302 2351/3906/1302
f 2349/3907/1303 2353/3908/1303 2352/3909/1303
f 2351/3910/1304 2354/3911/1304 2350/3912/1304
f 2352/3913/1305 2355/3914/1305 2351/3915/1305
f 2353/3916/1306 2356/3917/1306 2352/3918/1306
f 2347/3919/1307 2357/3920/1307 2348/3921/1307
f 2358/3922/1308 2359/3923/1308 2348/3924/1308
f 2357/3925/1309 2358/3926/1309 2348/3927/1309
f 2359/3928/1310 2360/3929/1310 2348/3930/1310
f 2347/3931/1311 2361/3932/1311 2357/3933/1311
f 2357/3934/1312 2362/3935/1312 2358/3936/1312
f 2358/3937/1313 2363/3938/1313 2359/3939/1313
f 2359/3940/1314 2364/3941/1314 2360/3942/1314
f 2363/3943/1315 2365/3944/1315 2366/3945/1315
f 2363/3946/1316 2366/3947/1316 2367/3948/1316
f 2368/3949/1317 2369/3950/1317 2370/3951/1317
f 2368/3952/1318 2371/3953/1318 2369/3954/1318
f 2372/3955/1319 2373/3956/1319 2374/3957/1319
f 2372/3958/1320 2375/3959/1320 2373/3960/1320
f 2372/3961/1321 2376/3962/1321 2377/3963/1321
f 2372/3964/1322 2377/3965/1322 2378/3966/1322
f 2372/3967/1323 2378/3968/1323 2375/3969/1323
f 2378/3970/1324 2379/3971/1324 2375/3972/1324
f 2375/3973/1325 2380/3974/1325 2373/3975/1325
f 2373/3976/1326 2380/3977/1326 2381/3978/1326
f 2373/3979/1327 2381/3980/1327 2382/3981/1327
f 2382/3982/1328 2383/3983/1328 2373/3984/1328
f 2382/3985/1329 2384/3986/1329 2383/3987/1329
f 2385/3988/1330 2386/3989/1330 2387/3990/1330
f 2386/3991/1331 2388/3992/1331 2387/3993/1331
f 2388/3994/1332 2389/3995/1332 2387/3996/1332
f 2386/3997/1333 2390/3998/1333 2388/3999/1333
f 2385/4000/1334 2391/4001/1334 2386/4002/1334
f 2388/4003/1335 2392/4004/1335 2389/4005/1335
f 2385/4006/1336 2393/4007/1336 2391/4008/1336
f 2385/4009/1337 2394/4010/1337 2393/4011/1337
f 2385/4012/1338 2395/4013/1338 2394/4014/1338
f 2395/4015/1339 2396/4016/1339 2394/4017/1339
f 2397/4018/1340 2398/4019/1340 2399/4020/1340
f 2397/4021/1341 2399/4022/1341 2400/4023/1341
f 2400/4024/1342 2401/4025/1342 2397/4026/1342
f 2402/4027/1343 2403/4028/1343 2404/4029/1343
f 2402/4030/1344 2405/4031/1344 2403/4032/1344
f 2406/4033/1345 2407/4034/1345 2408/4035/1345
f 2406/4036/1346 2409/4037/1346 2407/4038/1346
f 2410/4039/1347 2411/4040/1347 2412/4041/1347
f 2410/4042/1348 2413/4043/1348 2411/4044/1348
f 2414/4045/1349 2415/4046/1349 2416/4047/1349
f 2414/4048/1350 2417/4049/1350 2415/4050/1350
f 2418/4051/1351 2419/4052/1351 2420/4053/1351
f 2418/4054/1352 2421/4055/1352 2419/4056/1352
f 2422/4057/1353 2423/4058/1353 2424/4059/1353
f 2422/4060/1354 2425/4061/1354 2423/4062/1354
f 2426/4063/1355 2427/4064/1355 2428/4065/1355
f 2429/4066/1356 2428/4067/1356 2430/4068/1356
f 2426/4069/1357 2431/4070/1357 2427/4071/1357
f 2427/4072/1358 2432/4073/1358 2433/4074/1358
f 2427/4075/1359 2433/4076/1359 2434/4077/1359
f 2429/4078/1360 2430/4079/1360 2435/4080/1360
f 2436/4081/1361 2437/4082/1361 2429/4083/1361
f 2436/4084/1362 2429/4085/1362 2438/4086/1362
f 2439/4087/1363 2440/4088/1363 2441/4089/1363
f 2439/4090/1364 2442/4091/1364 2440/4092/1364
f 2443/4093/1365 2444/4094/1365 2445/4095/1365
f 2443/4096/1366 2446/4097/1366 2444/4098/1366
f 2447/4099/1367 2448/4100/1367 2449/4101/1367
f 2447/4102/1368 2450/4103/1368 2448/4104/1368
f 2447/4105/1369 2451/4106/1369 2452/4107/1369
f 2447/4108/1370 2452/4109/1370 2453/4110/1370
f 2454/4111/1371 2450/4112/1371 2455/4113/1371
f 2454/4114/1372 2455/4115/1372 2456/4116/1372
f 2457/4117/1373 2451/4118/1373 2458/4119/1373
f 2457/4120/1374 2458/4121/1374 2459/4122/1374
f 2460/4123/1375 2461/4124/1375 2462/4125/1375
f 2460/4126/1376 2463/4127/1376 2461/4128/1376
f 2464/4129/1377 2465/4130/1377 2466/4131/1377
f 2464/4132/1378 2467/4133/1378 2465/4134/1378
f 2468/4135/1379 2469/4136/1379 2470/4137/1379
f 2471/4138/1380 2472/4139/1380 2470/4140/1380
f 2473/4141/1381 2471/4142/1381 2470/4143/1381
f 2469/4144/1382 2473/4145/1382 2470/4146/1382
f 2474/4147/1383 2475/4148/1383 2476/4149/1383
f 2477/4150/1384 2476/4151/1384 2478/4152/1384
f 2474/4153/1385 2479/4154/1385 2475/4155/1385
f 2475/4156/1386 2480/4157/1386 2481/4158/1386
f 2475/4159/1387 2481/4160/1387 2482/4161/1387
f 2477/4162/1388 2478/4163/1388 2483/4164/1388
f 2484/4165/1389 2485/4166/1389 2486/4167/1389
f 2484/4168/1390 2487/4169/1390 2485/4170/1390
f 2488/4171/1391 2489/4172/1391 2490/4173/1391
f 2488/4174/1392 2491/4175/1392 2489/4176/1392
f 2492/4177/1393 2493/4178/1393 2494/4179/1393
f 2492/4180/1394 2495/4181/1394 2493/4182/1394
f 2496/4183/1395 2497/4184/1395 2498/4185/1395
f 2496/4186/1396 2499/4187/1396 2497/4188/1396
f 2500/4189/1397 2501/4190/1397 2502/4191/1397
f 2500/4192/1398 2503/4193/1398 2501/4194/1398
f 2500/4195/1399 2504/4196/1399 2505/4197/1399
f 2500/4198/1400 2505/4199/1400 2506/4200/1400
f 2507/4201/1401 2503/4202/1401 2508/4203/1401
f 2507/4204/1402 2508/4205/1402 2509/4206/1402
f 2510/4207/1403 2511/4208/1403 2512/4209/1403
f 2510/4210/1404 2513/4211/1404 2511/4212/1404
f 2514/4213/1405 2515/4214/1405 2516/4215/1405
f 2514/4216/1406 2517/4217/1406 2515/4218/1406
f 2518/4219/1407 2519/4220/1407 2520/4221/1407
f 2518/4222/1408 2521/4223/1408 2522/4224/1408
f 2518/4225/1409 2522/4226/1409 2519/4227/1409
f 2518/4228/1410 2523/4229/1410 2521/4230/1410
f 2524/4231/1411 2525/4232/1411 2526/4233/1411
f 2527/4234/1412 2524/4235/1412 2526/4236/1412
f 2524/4237/1413 2528/4238/1413 2525/4239/1413
f 2527/4240/1414 2529/4241/1414 2524/4242/1414
f 2530/4243/1415 2525/4244/1415 2528/4245/1415
f 2530/4246/1416 2528/4247/1416 2531/4248/1416
f 2529/4249/1417 2527/4250/1417 2530/4251/1417
f 2529/4252/1418 2530/4253/1418 2531/4254/1418
f 2532/4255/1419 2533/4256/1419 2534/4257/1419
f 2535/4258/1420 2532/4259/1420 2534/4260/1420
f 2532/4261/1421 2536/4262/1421 2533/4263/1421
f 2535/4264/1422 2537/4265/1422 2532/4266/1422
f 2538/4267/1423 2533/4268/1423 2536/4269/1423
f 2538/4270/1424 2536/4271/1424 2539/4272/1424
f 2537/4273/1425 2535/4274/1425 2538/4275/1425
f 2537/4276/1426 2538/4277/1426 2539/4278/1426
f 2540/4279/1427 2541/4280/1427 2542/4281/1427
f 2543/4282/1428 2540/4283/1428 2542/4284/1428
f 2540/4285/1429 2544/4286/1429 2541/4287/1429
f 2543/4288/1430 2545/4289/1430 2540/4290/1430
f 2541/4291/1431 2544/4292/1431 2546/4293/1431
f 2541/4294/1432 2546/4295/1432 2547/4296/1432
f 2545/4297/1433 2547/4298/1433 2546/4299/1433
f 2545/4300/1434 2543/4301/1434 2547/4302/1434
f 2548/4303/1435 2549/4304/1435 2550/4305/1435
f 2548/4306/1436 2551/4307/1436 2549/4308/1436
f 2548/4309/1437 2552/4310/1437 2553/4311/1437
f 2548/4312/1438 2553/4313/1438 2554/4314/1438
f 2555/4315/1439 2556/4316/1439 2557/4317/1439
f 2555/4318/1440 2558/4319/1440 2556/4320/1440
f 2556/4321/1441 2559/4322/1441 2560/4323/1441
f 2556/4324/1442 2560/4325/1442 2561/4326/1442
f 2562/4327/1443 2563/4328/1443 2564/4329/1443
f 2564/4330/1444 2565/4331/1444 2566/4332/1444
f 2564/4333/1445 2566/4334/1445 2562/4335/1445
f 2562/4336/1446 2567/4337/1446 2563/4338/1446
f 2563/4339/1447 2567/4340/1447 2568/4341/1447
f 2563/4342/1448 2568/4343/1448 2569/4344/1448
f 2566/4345/1449 2569/4346/1449 2568/4347/1449
f 2566/4348/1450 2565/4349/1450 2569/4350/1450
f 2570/4351/1451 2571/4352/1451 2572/4353/1451
f 2570/4354/1452 2573/4355/1452 2571/4356/1452
f 2571/4357/1453 2574/4358/1453 2575/4359/1453
f 2571/4360/1454 2575/4361/1454 2576/4362/1454
f 2577/4363/1455 2578/4364/1455 2579/4365/1455
f 2578/4366/1456 2580/4367/1456 2579/4368/1456
f 2577/4369/1457 2581/4370/1457 2578/4371/1457
f 2581/4372/1458 2577/4373/1458 2582/4374/1458
f 2578/4375/1459 2583/4376/1459 2580/4377/1459
f 2580/4378/1460 2583/4379/1460 2584/4380/1460
f 2580/4381/1461 2584/4382/1461 2582/4383/1461
f 2581/4384/1462 2582/4385/1462 2584/4386/1462
f 2585/4387/1463 2586/4388/1463 2587/4389/1463
f 2585/4390/1464 2588/4391/1464 2586/4392/1464
f 2589/4393/1465 2590/4394/1465 2585/4395/1465
f 2589/4396/1466 2585/4397/1466 2591/4398/1466
f 2592/4399/1467 2593/4400/1467 2594/4401/1467
f 2592/4402/1468 2595/4403/1468 2593/4404/1468
f 2596/4405/1469 2597/4406/1469 2592/4407/1469
f 2596/4408/1470 2592/4409/1470 2598/4410/1470
f 2599/4411/1471 2600/4412/1471 2601/4413/1471
f 2599/4414/1472 2602/4415/1472 2600/4416/1472
f 2603/4417/1473 2604/4418/1473 2602/4419/1473
f 2603/4420/1474 2605/4421/1474 2604/4422/1474
f 2606/4423/1475 2607/4424/1475 2608/4425/1475
f 2606/4426/1476 2609/4427/1476 2607/4428/1476
f 2610/4429/1477 2611/4430/1477 2609/4431/1477
f 2610/4432/1478 2612/4433/1478 2611/4434/1478
f 2613/4435/1479 2614/4436/1479 2615/4437/1479
f 2613/4438/1480 2616/4439/1480 2614/4440/1480
f 2617/4441/1481 2618/4442/1481 2619/4443/1481
f 2617/4444/1482 2620/4445/1482 2618/4446/1482
f 2621/4447/1483 2622/4448/1483 2623/4449/1483
f 2621/4450/1484 2624/4451/1484 2622/4452/1484
f 2625/4453/1485 2626/4454/1485 2627/4455/1485
f 2625/4456/1486 2628/4457/1486 2626/4458/1486
f 2629/4459/1487 2630/4460/1487 2631/4461/1487
f 2632/4462/1488 2629/4463/1488 2631/4464/1488
f 2629/4465/1489 2633/4466/1489 2630/4467/1489
f 2632/4468/1490 2634/4469/1490 2629/4470/1490
f 2635/4471/1491 2630/4472/1491 2633/4473/1491
f 2635/4474/1492 2633/4475/1492 2636/4476/1492
f 2634/4477/1493 2632/4478/1493 2635/4479/1493
f 2634/4480/1494 2635/4481/1494 2636/4482/1494
f 2637/4483/1495 2638/4484/1495 2639/4485/1495
f 2640/4486/1496 2637/4487/1496 2639/4488/1496
f 2637/4489/1497 2641/4490/1497 2638/4491/1497
f 2640/4492/1498 2642/4493/1498 2637/4494/1498
f 2643/4495/1499 2638/4496/1499 2641/4497/1499
f 2643/4498/1500 2641/4499/1500 2644/4500/1500
f 2642/4501/1501 2640/4502/1501 2643/4503/1501
f 2642/4504/1502 2643/4505/1502 2644/4506/1502
f 2645/4507/1503 2646/4508/1503 2647/4509/1503
f 2648/4510/1504 2645/4511/1504 2647/4512/1504
f 2645/4513/1505 2649/4514/1505 2646/4515/1505
f 2648/4516/1506 2650/4517/1506 2645/4518/1506
f 2646/4519/1507 2649/4520/1507 2651/4521/1507
f 2646/4522/1508 2651/4523/1508 2652/4524/1508
f 2650/4525/1509 2652/4526/1509 2651/4527/1509
f 2650/4528/1510 2648/4529/1510 2652/4530/1510
f 2653/4531/1511 2654/4532/1511 2655/4533/1511
f 2653/4534/1512 2656/4535/1512 2654/4536/1512
f 2653/4537/1513 2657/4538/1513 2658/4539/1513
f 2653/4540/1514 2658/4541/1514 2659/4542/1514
f 2660/4543/1515 2661/4544/1515 2662/4545/1515
f 2660/4546/1516 2663/4547/1516 2661/4548/1516
f 2661/4549/1517 2664/4550/1517 2665/4551/1517
f 2661/4552/1518 2665/4553/1518 2666/4554/1518
f 2667/4555/1519 2668/4556/1519 2669/4557/1519
f 2669/4558/1520 2670/4559/1520 2671/4560/1520
f 2669/4561/1521 2671/4562/1521 2667/4563/1521
f 2667/4564/1522 2672/4565/1522 2668/4566/1522
f 2668/4567/1523 2672/4568/1523 2673/4569/1523
f 2668/4570/1524 2673/4571/1524 2674/4572/1524
f 2671/4573/1525 2674/4574/1525 2673/4575/1525
f 2671/4576/1526 2670/4577/1526 2674/4578/1526
f 2675/4579/1527 2676/4580/1527 2677/4581/1527
f 2675/4582/1528 2678/4583/1528 2676/4584/1528
f 2676/4585/1529 2679/4586/1529 2680/4587/1529
f 2676/4588/1530 2680/4589/1530 2681/4590/1530
f 2682/4591/1531 2683/4592/1531 2684/4593/1531
f 2683/4594/1532 2685/4595/1532 2684/4596/1532
f 2682/4597/1533 2686/4598/1533 2683/4599/1533
f 2686/4600/1534 2682/4601/1534 2687/4602/1534
f 2683/4603/1535 2688/4604/1535 2685/4605/1535
f 2685/4606/1536 2688/4607/1536 2689/4608/1536
f 2685/4609/1537 2689/4610/1537 2687/4611/1537
f 2686/4612/1538 2687/4613/1538 2689/4614/1538
f 2690/4615/1539 2691/4616/1539 2692/4617/1539
f 2690/4618/1540 2693/4619/1540 2691/4620/1540
f 2694/4621/1541 2695/4622/1541 2690/4623/1541
f 2694/4624/1542 2690/4625/1542 2696/4626/1542
f 2697/4627/1543 2698/4628/1543 2699/4629/1543
f 2697/4630/1544 2700/4631/1544 2698/4632/1544
f 2701/4633/1545 2702/4634/1545 2697/4635/1545
f 2701/4636/1546 2697/4637/1546 2703/4638/1546
f 2704/4639/1547 2705/4640/1547 2706/4641/1547
f 2704/4642/1548 2707/4643/1548 2705/4644/1548
f 2708/4645/1549 2709/4646/1549 2707/4647/1549
f 2708/4648/1550 2710/4649/1550 2709/4650/1550
f 2711/4651/1551 2712/4652/1551 2713/4653/1551
f 2711/4654/1552 2714/4655/1552 2712/4656/1552
f 2715/4657/1553 2716/4658/1553 2714/4659/1553
f 2715/4660/1554 2717/4661/1554 2716/4662/1554
f 2718/4663/1555 2719/4664/1555 2720/4665/1555
f 2718/4666/1556 2721/4667/1556 2719/4668/1556
f 2722/4669/1557 2723/4670/1557 2721/4671/1557
f 2722/4672/1558 2724/4673/1558 2723/4674/1558
f 2725/4675/1559 2726/4676/1559 2727/4677/1559
f 2725/4678/1560 2728/4679/1560 2726/4680/1560
f 2729/4681/1561 2730/4682/1561 2728/4683/1561
f 2729/4684/1562 2731/4685/1562 2730/4686/1562
f 2732/4687/1563 2733/4688/1563 2734/4689/1563
f 2735/4690/1564 2732/4691/1564 2734/4692/1564
f 2732/4693/1565 2736/4694/1565 2733/4695/1565
f 2735/4696/1566 2737/4697/1566 2732/4698/1566
f 2738/4699/1567 2733/4700/1567 2736/4701/1567
f 2738/4702/1568 2736/4703/1568 2739/4704/1568
f 2737/4705/1569 2735/4706/1569 2738/4707/1569
f 2737/4708/1570 2738/4709/1570 2739/4710/1570
f 2740/4711/1571 2741/4712/1571 2742/4713/1571
f 2743/4714/1572 2740/4715/1572 2742/4716/1572
f 2740/4717/1573 2744/4718/1573 2741/4719/1573
f 2743/4720/1574 2745/4721/1574 2740/4722/1574
f 2746/4723/1575 2741/4724/1575 2744/4725/1575
f 2746/4726/1576 2744/4727/1576 2747/4728/1576
f 2745/4729/1577 2743/4730/1577 2746/4731/1577
f 2745/4732/1578 2746/4733/1578 2747/4734/1578
f 2748/4735/1579 2749/4736/1579 2750/4737/1579
f 2751/4738/1580 2752/4739/1580 2750/4740/1580
f 2751/4741/1581 2750/4742/1581 2749/4743/1581
f 2748/4744/1582 2753/4745/1582 2749/4746/1582
f 2754/4747/1583 2753/4748/1583 2748/4749/1583
f 2754/4750/1584 2748/4751/1584 2755/4752/1584
f 2752/4753/1585 2751/4754/1585 2754/4755/1585
f 2752/4756/1586 2754/4757/1586 2755/4758/1586
f 2756/4759/1587 2757/4760/1587 2758/4761/1587
f 2759/4762/1588 2756/4763/1588 2758/4764/1588
f 2756/4765/1589 2760/4766/1589 2757/4767/1589
f 2759/4768/1590 2761/4769/1590 2756/4770/1590
f 2762/4771/1591 2757/4772/1591 2760/4773/1591
f 2762/4774/1592 2760/4775/1592 2763/4776/1592
f 2761/4777/1593 2759/4778/1593 2762/4779/1593
f 2761/4780/1594 2762/4781/1594 2763/4782/1594
f 2764/4783/1595 2765/4784/1595 2766/4785/1595
f 2767/4786/1596 2768/4787/1596 2766/4788/1596
f 2767/4789/1597 2766/4790/1597 2765/4791/1597
f 2764/4792/1598 2769/4793/1598 2765/4794/1598
f 2769/4795/1599 2764/4796/1599 2770/4797/1599
f 2769/4798/1600 2770/4799/1600 2771/4800/1600
f 2770/4801/1601 2768/4802/1601 2767/4803/1601
f 2770/4804/1602 2767/4805/1602 2771/4806/1602
f 2772/4807/1603 2773/4808/1603 2774/4809/1603
f 2772/4810/1604 2775/4811/1604 2773/4812/1604
f 2776/4813/1605 2777/4814/1605 2775/4815/1605
f 2776/4816/1606 2778/4817/1606 2777/4818/1606
f 2779/4819/1607 2780/4820/1607 2781/4821/1607
f 2779/4822/1608 2782/4823/1608 2780/4824/1608
f 2783/4825/1609 2784/4826/1609 2782/4827/1609
f 2783/4828/1610 2785/4829/1610 2784/4830/1610
f 2786/4831/1611 2787/4832/1611 2788/4833/1611
f 2786/4834/1612 2789/4835/1612 2787/4836/1612
f 2790/4837/1613 2791/4838/1613 2789/4839/1613
f 2790/4840/1614 2792/4841/1614 2791/4842/1614
f 2793/4843/1615 2794/4844/1615 2795/4845/1615
f 2793/4846/1616 2796/4847/1616 2794/4848/1616
f 2797/4849/1617 2798/4850/1617 2796/4851/1617
f 2797/4852/1618 2799/4853/1618 2798/4854/1618
f 2800/4855/1619 2801/4856/1619 2802/4857/1619
f 2803/4858/1620 2804/4859/1620 2802/4860/1620
f 2803/4861/1621 2802/4862/1621 2801/4863/1621
f 2800/4864/1622 2805/4865/1622 2801/4866/1622
f 2806/4867/1623 2805/4868/1623 2800/4869/1623
f 2806/4870/1624 2800/4871/1624 2807/4872/1624
f 2804/4873/1625 2803/4874/1625 2806/4875/1625
f 2804/4876/1626 2806/4877/1626 2807/4878/1626
f 2808/4879/1627 2809/4880/1627 2810/4881/1627
f 2811/4882/1628 2808/4883/1628 2810/4884/1628
f 2808/4885/1629 2812/4886/1629 2809/4887/1629
f 2811/4888/1630 2813/4889/1630 2808/4890/1630
f 2814/4891/1631 2809/4892/1631 2812/4893/1631
f 2814/4894/1632 2812/4895/1632 2815/4896/1632
f 2813/4897/1633 2811/4898/1633 2814/4899/1633
f 2813/4900/1634 2814/4901/1634 2815/4902/1634
f 2816/4903/1635 2817/4904/1635 2818/4905/1635
f 2819/4906/1636 2820/4907/1636 2818/4908/1636
f 2819/4909/1637 2818/4910/1637 2817/4911/1637
f 2816/4912/1638 2821/4913/1638 2817/4914/1638
f 2822/4915/1639 2821/4916/1639 2816/4917/1639
f 2822/4918/1640 2816/4919/1640 2823/4920/1640
f 2820/4921/1641 2819/4922/1641 2822/4923/1641
f 2820/4924/1642 2822/4925/1642 2823/4926/1642
f 2824/4927/1643 2825/4928/1643 2826/4929/1643
f 2827/4930/1644 2824/4931/1644 2826/4932/1644
f 2824/4933/1645 2828/4934/1645 2825/4935/1645
f 2827/4936/1646 2829/4937/1646 2824/4938/1646
f 2830/4939/1647 2825/4940/1647 2828/4941/1647
f 2830/4942/1648 2828/4943/1648 2831/4944/1648
f 2829/4945/1649 2827/4946/1649 2830/4947/1649
f 2829/4948/1650 2830/4949/1650 2831/4950/1650
f 2832/4951/1651 2833/4952/1651 2834/4953/1651
f 2835/4954/1652 2832/4955/1652 2834/4956/1652
f 2832/4957/1653 2836/4958/1653 2833/4959/1653
f 2835/4960/1654 2837/4961/1654 2832/4962/1654
f 2833/4963/1655 2836/4964/1655 2838/4965/1655
f 2833/4966/1656 2838/4967/1656 2839/4968/1656
f 2838/4969/1657 2837/4970/1657 2835/4971/1657
f 2838/4972/1658 2835/4973/1658 2839/4974/1658
f 2840/4975/1659 2841/4976/1659 2842/4977/1659
f 2840/4978/1660 2843/4979/1660 2841/4980/1660
f 2844/4981/1661 2845/4982/1661 2843/4983/1661
f 2844/4984/1662 2846/4985/1662 2845/4986/1662
f 2847/4987/1663 2848/4988/1663 2849/4989/1663
f 2847/4990/1664 2850/4991/1664 2848/4992/1664
f 2851/4993/1665 2852/4994/1665 2850/4995/1665
f 2851/4996/1666 2853/4997/1666 2852/4998/1666
f 2854/4999/1667 2855/5000/1667 2856/5001/1667
f 2854/5002/1668 2857/5003/1668 2855/5004/1668
f 2858/5005/1669 2859/5006/1669 2857/5007/1669
f 2858/5008/1670 2860/5009/1670 2859/5010/1670
f 2861/5011/1671 2862/5012/1671 2863/5013/1671
f 2861/5014/1672 2864/5015/1672 2862/5016/1672
f 2865/5017/1673 2866/5018/1673 2864/5019/1673
f 2865/5020/1674 2867/5021/1674 2866/5022/1674
f 2868/5023/1675 2869/5024/1675 2870/5025/1675
f 2871/5026/1676 2872/5027/1676 2870/5028/1676
f 2871/5029/1677 2870/5030/1677 2869/5031/1677
f 2868/5032/1678 2873/5033/1678 2869/5034/1678
f 2868/5035/1679 2874/5036/1679 2875/5037/1679
f 2868/5038/1680 2875/5039/1680 2873/5040/1680
f 2871/5041/1681 2875/5042/1681 2874/5043/1681
f 2871/5044/1682 2874/5045/1682 2872/5046/1682
f 2876/5047/1683 2877/5048/1683 2878/5049/1683
f 2879/5050/1684 2880/5051/1684 2878/5052/1684
f 2879/5053/1685 2878/5054/1685 2877/5055/1685
f 2876/5056/1686 2881/5057/1686 2877/5058/1686
f 2876/5059/1687 2882/5060/1687 2883/5061/1687
f 2876/5062/1688 2883/5063/1688 2881/5064/1688
f 2879/5065/1689 2883/5066/1689 2882/5067/1689
f 2879/5068/1690 2882/5069/1690 2880/5070/1690
f 2884/5071/1691 2885/5072/1691 2886/5073/1691
f 2887/5074/1692 2886/5075/1692 2885/5076/1692
f 2884/5077/1693 2888/5078/1693 2885/5079/1693
f 2884/5080/1694 2889/5081/1694 2890/5082/1694
f 2884/5083/1695 2890/5084/1695 2888/5085/1695
f 2887/5086/1696 2885/5087/1696 2891/5088/1696
f 2891/5089/1697 2889/5090/1697 2887/5091/1697
f 2891/5092/1698 2890/5093/1698 2889/5094/1698
f 2892/5095/1699 2893/5096/1699 2894/5097/1699
f 2892/5098/1700 2895/5099/1700 2893/5100/1700
f 2892/5101/1701 2896/5102/1701 2897/5103/1701
f 2892/5104/1702 2897/5105/1702 2898/5106/1702
f 2899/5107/1703 2900/5108/1703 2901/5109/1703
f 2899/5110/1704 2902/5111/1704 2900/5112/1704
f 2900/5113/1705 2903/5114/1705 2904/5115/1705
f 2900/5116/1706 2904/5117/1706 2905/5118/1706
f 2906/5119/1707 2907/5120/1707 2908/5121/1707
f 2909/5122/1708 2908/5123/1708 2907/5124/1708
f 2906/5125/1709 2910/5126/1709 2907/5127/1709
f 2910/5128/1710 2906/5129/1710 2911/5130/1710
f 2909/5131/1711 2907/5132/1711 2912/5133/1711
f 2912/5134/1712 2911/5135/1712 2909/5136/1712
f 2912/5137/1713 2913/5138/1713 2911/5139/1713
f 2910/5140/1714 2911/5141/1714 2913/5142/1714
f 2914/5143/1715 2915/5144/1715 2916/5145/1715
f 2914/5146/1716 2917/5147/1716 2915/5148/1716
f 2915/5149/1717 2918/5150/1717 2919/5151/1717
f 2915/5152/1718 2919/5153/1718 2920/5154/1718
f 2921/5155/1719 2922/5156/1719 2923/5157/1719
f 2921/5158/1720 2923/5159/1720 2924/5160/1720
f 2921/5161/1721 2925/5162/1721 2922/5163/1721
f 2921/5164/1722 2924/5165/1722 2926/5166/1722
f 2927/5167/1723 2922/5168/1723 2925/5169/1723
f 2927/5170/1724 2925/5171/1724 2928/5172/1724
f 2928/5173/1725 2924/5174/1725 2927/5175/1725
f 2928/5176/1726 2926/5177/1726 2924/5178/1726
f 2929/5179/1727 2930/5180/1727 2931/5181/1727
f 2929/5182/1728 2932/5183/1728 2930/5184/1728
f 2933/5185/1729 2934/5186/1729 2929/5187/1729
f 2933/5188/1730 2929/5189/1730 2935/5190/1730
f 2936/5191/1731 2937/5192/1731 2938/5193/1731
f 2936/5194/1732 2939/5195/1732 2937/5196/1732
f 2940/5197/1733 2941/5198/1733 2936/5199/1733
f 2940/5200/1734 2936/5201/1734 2942/5202/1734
f 2943/5203/1735 2944/5204/1735 2945/5205/1735
f 2946/5206/1736 2945/5207/1736 2947/5208/1736
f 2943/5209/1737 2948/5210/1737 2944/5211/1737
f 2946/5212/1738 2947/5213/1738 2949/5214/1738
f 2950/5215/1739 2951/5216/1739 2952/5217/1739
f 2953/5218/1740 2952/5219/1740 2954/5220/1740
f 2950/5221/1741 2955/5222/1741 2951/5223/1741
f 2953/5224/1742 2954/5225/1742 2956/5226/1742
f 2957/5227/1743 2958/5228/1743 2959/5229/1743
f 2957/5230/1744 2960/5231/1744 2958/5232/1744
f 2961/5233/1745 2962/5234/1745 2963/5235/1745
f 2961/5236/1746 2964/5237/1746 2962/5238/1746
f 2965/5239/1747 2966/5240/1747 2967/5241/1747
f 2968/5242/1748 2967/5243/1748 2969/5244/1748
f 2965/5245/1749 2970/5246/1749 2966/5247/1749
f 2968/5248/1750 2969/5249/1750 2971/5250/1750
f 2972/5251/1751 2973/5252/1751 2974/5253/1751
f 2975/5254/1752 2976/5255/1752 2974/5256/1752
f 2975/5257/1753 2974/5258/1753 2973/5259/1753
f 2972/5260/1754 2977/5261/1754 2973/5262/1754
f 2972/5263/1755 2978/5264/1755 2979/5265/1755
f 2972/5266/1756 2979/5267/1756 2977/5268/1756
f 2975/5269/1757 2979/5270/1757 2978/5271/1757
f 2975/5272/1758 2978/5273/1758 2976/5274/1758
f 2980/5275/1759 2981/5276/1759 2982/5277/1759
f 2983/5278/1760 2984/5279/1760 2982/5280/1760
f 2983/5281/1761 2982/5282/1761 2981/5283/1761
f 2980/5284/1762 2985/5285/1762 2981/5286/1762
f 2980/5287/1763 2986/5288/1763 2987/5289/1763
f 2980/5290/1764 2987/5291/1764 2985/5292/1764
f 2983/5293/1765 2987/5294/1765 2986/5295/1765
f 2983/5296/1766 2986/5297/1766 2984/5298/1766
f 2988/5299/1767 2989/5300/1767 2990/5301/1767
f 2991/5302/1768 2990/5303/1768 2989/5304/1768
f 2988/5305/1769 2992/5306/1769 2989/5307/1769
f 2988/5308/1770 2993/5309/1770 2994/5310/1770
f 2988/5311/1771 2994/5312/1771 2992/5313/1771
f 2991/5314/1772 2989/5315/1772 2995/5316/1772
f 2995/5317/1773 2993/5318/1773 2991/5319/1773
f 2995/5320/1774 2994/5321/1774 2993/5322/1774
f 2996/5323/1775 2997/5324/1775 2998/5325/1775
f 2996/5326/1776 2999/5327/1776 2997/5328/1776
f 2996/5329/1777 3000/5330/1777 3001/5331/1777
f 2996/5332/1778 3001/5333/1778 3002/5334/1778
f 3003/5335/1779 3004/5336/1779 3005/5337/1779
f 3003/5338/1780 3006/5339/1780 3004/5340/1780
f 3004/5341/1781 3007/5342/1781 3008/5343/1781
f 3004/5344/1782 3008/5345/1782 3009/5346/1782
f 3010/5347/1783 3011/5348/1783 3012/5349/1783
f 3013/5350/1784 3012/5351/1784 3011/5352/1784
f 3010/5353/1785 3014/5354/1785 3011/5355/1785
f 3014/5356/1786 3010/5357/1786 3015/5358/1786
f 3013/5359/1787 3011/5360/1787 3016/5361/1787
f 3016/5362/1788 3015/5363/1788 3013/5364/1788
f 3016/5365/1789 3017/5366/1789 3015/5367/1789
f 3014/5368/1790 3015/5369/1790 3017/5370/1790
f 3018/5371/1791 3019/5372/1791 3020/5373/1791
f 3018/5374/1792 3021/5375/1792 3019/5376/1792
f 3019/5377/1793 3022/5378/1793 3023/5379/1793
f 3019/5380/1794 3023/5381/1794 3024/5382/1794
f 3025/5383/1795 3026/5384/1795 3027/5385/1795
f 3025/5386/1796 3027/5387/1796 3028/5388/1796
f 3025/5389/1797 3029/5390/1797 3026/5391/1797
f 3025/5392/1798 3028/5393/1798 3030/5394/1798
f 3031/5395/1799 3026/5396/1799 3029/5397/1799
f 3031/5398/1800 3029/5399/1800 3032/5400/1800
f 3032/5401/1801 3028/5402/1801 3031/5403/1801
f 3032/5404/1802 3030/5405/1802 3028/5406/1802
f 3033/5407/1803 3034/5408/1803 3035/5409/1803
f 3033/5410/1804 3036/5411/1804 3034/5412/1804
f 3037/5413/1805 3038/5414/1805 3033/5415/1805
f 3037/5416/1806 3033/5417/1806 3039/5418/1806
f 3040/5419/1807 3041/5420/1807 3042/5421/1807
f 3040/5422/1808 3043/5423/1808 3041/5424/1808
f 3044/5425/1809 3045/5426/1809 3040/5427/1809
f 3044/5428/1810 3040/5429/1810 3046/5430/1810
f 3047/5431/1811 3048/5432/1811 3049/5433/1811
f 3050/5434/1812 3049/5435/1812 3051/5436/1812
f 3047/5437/1813 3052/5438/1813 3048/5439/1813
f 3050/5440/1814 3051/5441/1814 3053/5442/1814
f 3054/5443/1815 3055/5444/1815 3056/5445/1815
f 3057/5446/1816 3056/5447/1816 3058/5448/1816
f 3054/5449/1817 3059/5450/1817 3055/5451/1817
f 3057/5452/1818 3058/5453/1818 3060/5454/1818
f 3061/5455/1819 3062/5456/1819 3063/5457/1819
f 3064/5458/1820 3063/5459/1820 3065/5460/1820
f 3061/5461/1821 3066/5462/1821 3062/5463/1821
f 3064/5464/1822 3065/5465/1822 3067/5466/1822
f 3068/5467/1823 3069/5468/1823 3070/5469/1823
f 3071/5470/1824 3070/5471/1824 3072/5472/1824
f 3068/5473/1825 3073/5474/1825 3069/5475/1825
f 3071/5476/1826 3072/5477/1826 3074/5478/1826
f 3075/5479/1827 3076/5480/1827 3077/5481/1827
f 3078/5482/1828 3079/5483/1828 3077/5484/1828
f 3078/5485/1829 3077/5486/1829 3076/5487/1829
f 3075/5488/1830 3080/5489/1830 3076/5490/1830
f 3075/5491/1831 3081/5492/1831 3082/5493/1831
f 3075/5494/1832 3082/5495/1832 3080/5496/1832
f 3078/5497/1833 3082/5498/1833 3081/5499/1833
f 3078/5500/1834 3081/5501/1834 3079/5502/1834
f 3083/5503/1835 3084/5504/1835 3085/5505/1835
f 3086/5506/1836 3087/5507/1836 3085/5508/1836
f 3086/5509/1837 3085/5510/1837 3084/5511/1837
f 3083/5512/1838 3088/5513/1838 3084/5514/1838
f 3083/5515/1839 3089/5516/1839 3090/5517/1839
f 3083/5518/1840 3090/5519/1840 3088/5520/1840
f 3086/5521/1841 3090/5522/1841 3089/5523/1841
f 3086/5524/1842 3089/5525/1842 3087/5526/1842
f 3091/5527/1843 3092/5528/1843 3093/5529/1843
f 3093/5530/1844 3094/5531/1844 3095/5532/1844
f 3093/5533/1845 3095/5534/1845 3091/5535/1845
f 3091/5536/1846 3096/5537/1846 3092/5538/1846
f 3097/5539/1847 3098/5540/1847 3092/5541/1847
f 3097/5542/1848 3092/5543/1848 3096/5544/1848
f 3097/5545/1849 3095/5546/1849 3094/5547/1849
f 3097/5548/1850 3094/5549/1850 3098/5550/1850
f 3099/5551/1851 3100/5552/1851 3101/5553/1851
f 3102/5554/1852 3103/5555/1852 3101/5556/1852
f 3102/5557/1853 3101/5558/1853 3100/5559/1853
f 3099/5560/1854 3104/5561/1854 3100/5562/1854
f 3099/5563/1855 3105/5564/1855 3106/5565/1855
f 3099/5566/1856 3106/5567/1856 3104/5568/1856
f 3102/5569/1857 3106/5570/1857 3105/5571/1857
f 3102/5572/1858 3105/5573/1858 3103/5574/1858
f 3107/5575/1859 3108/5576/1859 3109/5577/1859
f 3109/5578/1860 3110/5579/1860 3111/5580/1860
f 3109/5581/1861 3111/5582/1861 3107/5583/1861
f 3107/5584/1862 3112/5585/1862 3108/5586/1862
f 3113/5587/1863 3108/5588/1863 3112/5589/1863
f 3113/5590/1864 3112/5591/1864 3114/5592/1864
f 3113/5593/1865 3114/5594/1865 3111/5595/1865
f 3113/5596/1866 3111/5597/1866 3110/5598/1866
f 3115/5599/1867 3116/5600/1867 3117/5601/1867
f 3118/5602/1868 3117/5603/1868 3119/5604/1868
f 3115/5605/1869 3120/5606/1869 3116/5607/1869
f 3118/5608/1870 3119/5609/1870 3121/5610/1870
f 3122/5611/1871 3123/5612/1871 3124/5613/1871
f 3125/5614/1872 3124/5615/1872 3126/5616/1872
f 3122/5617/1873 3127/5618/1873 3123/5619/1873
f 3125/5620/1874 3126/5621/1874 3128/5622/1874
f 3129/5623/1875 3130/5624/1875 3131/5625/1875
f 3132/5626/1876 3131/5627/1876 3133/5628/1876
f 3129/5629/1877 3134/5630/1877 3130/5631/1877
f 3132/5632/1878 3133/5633/1878 3135/5634/1878
f 3136/5635/1879 3137/5636/1879 3138/5637/1879
f 3139/5638/1880 3138/5639/1880 3140/5640/1880
f 3136/5641/1881 3141/5642/1881 3137/5643/1881
f 3139/5644/1882 3140/5645/1882 3142/5646/1882
f 3143/5647/1883 3144/5648/1883 3145/5649/1883
f 3145/5650/1884 3146/5651/1884 3147/5652/1884
f 3145/5653/1885 3147/5654/1885 3143/5655/1885
f 3143/5656/1886 3148/5657/1886 3144/5658/1886
f 3149/5659/1887 3150/5660/1887 3144/5661/1887
f 3149/5662/1888 3144/5663/1888 3148/5664/1888
f 3149/5665/1889 3147/5666/1889 3146/5667/1889
f 3149/5668/1890 3146/5669/1890 3150/5670/1890
f 3151/5671/1891 3152/5672/1891 3153/5673/1891
f 3154/5674/1892 3155/5675/1892 3153/5676/1892
f 3154/5677/1893 3153/5678/1893 3152/5679/1893
f 3151/5680/1894 3156/5681/1894 3152/5682/1894
f 3151/5683/1895 3157/5684/1895 3158/5685/1895
f 3151/5686/1896 3158/5687/1896 3156/5688/1896
f 3154/5689/1897 3158/5690/1897 3157/5691/1897
f 3154/5692/1898 3157/5693/1898 3155/5694/1898
f 3159/5695/1899 3160/5696/1899 3161/5697/1899
f 3161/5698/1900 3162/5699/1900 3163/5700/1900
f 3161/5701/1901 3163/5702/1901 3159/5703/1901
f 3159/5704/1902 3164/5705/1902 3160/5706/1902
f 3165/5707/1903 3166/5708/1903 3160/5709/1903
f 3165/5710/1904 3160/5711/1904 3164/5712/1904
f 3165/5713/1905 3163/5714/1905 3162/5715/1905
f 3165/5716/1906 3162/5717/1906 3166/5718/1906
f 3167/5719/1907 3168/5720/1907 3169/5721/1907
f 3170/5722/1908 3171/5723/1908 3169/5724/1908
f 3170/5725/1909 3169/5726/1909 3168/5727/1909
f 3167/5728/1910 3172/5729/1910 3168/5730/1910
f 3167/5731/1911 3173/5732/1911 3174/5733/1911
f 3167/5734/1912 3174/5735/1912 3172/5736/1912
f 3170/5737/1913 3174/5738/1913 3173/5739/1913
f 3170/5740/1914 3173/5741/1914 3171/5742/1914
f 3175/5743/1915 3176/5744/1915 3177/5745/1915
f 3178/5746/1916 3177/5747/1916 3176/5748/1916
f 3175/5749/1917 3179/5750/1917 3176/5751/1917
f 3175/5752/1918 3180/5753/1918 3181/5754/1918
f 3175/5755/1919 3181/5756/1919 3179/5757/1919
f 3178/5758/1920 3176/5759/1920 3182/5760/1920
f 3178/5761/1921 3182/5762/1921 3181/5763/1921
f 3178/5764/1922 3181/5765/1922 3180/5766/1922
f 3183/5767/1923 3184/5768/1923 3185/5769/1923
f 3183/5770/1924 3186/5771/1924 3184/5772/1924
f 3187/5773/1925 3188/5774/1925 3189/5775/1925
f 3187/5776/1926 3190/5777/1926 3188/5778/1926
f 3191/5779/1927 3192/5780/1927 3193/5781/1927
f 3194/5782/1928 3193/5783/1928 3195/5784/1928
f 3191/5785/1929 3196/5786/1929 3192/5787/1929
f 3194/5788/1930 3195/5789/1930 3197/5790/1930
f 3198/5791/1931 3199/5792/1931 3200/5793/1931
f 3201/5794/1932 3200/5795/1932 3202/5796/1932
f 3198/5797/1933 3203/5798/1933 3199/5799/1933
f 3201/5800/1934 3202/5801/1934 3204/5802/1934
f 3205/5803/1935 3206/5804/1935 3207/5805/1935
f 3205/5806/1936 3208/5807/1936 3206/5808/1936
f 3209/5809/1937 3210/5810/1937 3211/5811/1937
f 3209/5812/1938 3212/5813/1938 3210/5814/1938
f 3213/5815/1939 3214/5816/1939 3215/5817/1939
f 3213/5818/1940 3216/5819/1940 3214/5820/1940
f 3217/5821/1941 3218/5822/1941 3219/5823/1941
f 3217/5824/1942 3220/5825/1942 3218/5826/1942
f 3221/5827/1943 3222/5828/1943 3223/5829/1943
f 3221/5830/1944 3224/5831/1944 3222/5832/1944
f 3225/5833/1945 3226/5834/1945 3227/5835/1945
f 3225/5836/1946 3228/5837/1946 3226/5838/1946
f 3229/5839/1947 3230/5840/1947 3231/5841/1947
f 3229/5842/1948 3232/5843/1948 3230/5844/1948
f 3233/5845/1949 3234/5846/1949 3235/5847/1949
f 3233/5848/1950 3236/5849/1950 3234/5850/1950
f 3237/5851/1951 3238/5852/1951 3239/5853/1951
f 3237/5854/1952 3240/5855/1952 3238/5856/1952
f 3241/5857/1953 3242/5858/1953 3243/5859/1953
f 3241/5860/1954 3244/5861/1954 3242/5862/1954
f 3245/5863/1955 3246/5864/1955 3247/5865/1955
f 3245/5866/1956 3248/5867/1956 3246/5868/1956
f 3249/5869/1957 3250/5870/1957 3251/5871/1957
f 3249/5872/1958 3252/5873/1958 3250/5874/1958
f 3253/5875/1959 3254/5876/1959 3255/5877/1959
f 3253/5878/1960 3256/5879/1960 3254/5880/1960
f 3257/5881/1961 3258/5882/1961 3259/5883/1961
f 3257/5884/1962 3260/5885/1962 3258/5886/1962
f 3261/5887/1963 3262/5888/1963 3263/5889/1963
f 3261/5890/1964 3264/5891/1964 3262/5892/1964
f 3265/5893/1965 3266/5894/1965 3267/5895/1965
f 3265/5896/1966 3268/5897/1966 3266/5898/1966
f 3269/5899/1967 3270/5900/1967 3271/5901/1967
f 3269/5902/1968 3272/5903/1968 3270/5904/1968
f 3273/5905/1969 3274/5906/1969 3275/5907/1969
f 3273/5908/1970 3276/5909/1970 3274/5910/1970
f 3277/5911/1971 3278/5912/1971 3279/5913/1971
f 3277/5914/1972 3280/5915/1972 3278/5916/1972
f 3281/5917/1973 3282/5918/1973 3283/5919/1973
f 3281/5920/1974 3284/5921/1974 3282/5922/1974
f 3285/5923/1975 3286/5924/1975 3287/5925/1975
f 3285/5926/1976 3288/5927/1976 3286/5928/1976
f 3289/5929/1977 3290/5930/1977 3291/5931/1977
f 3289/5932/1978 3292/5933/1978 3290/5934/1978
f 3293/5935/1979 3294/5936/1979 3295/5937/1979
f 3293/5938/1980 3296/5939/1980 3294/5940/1980
f 3297/5941/1981 3298/5942/1981 3299/5943/1981
f 3297/5944/1982 3300/5945/1982 3298/5946/1982
f 3301/5947/1983 3302/5948/1983 3303/5949/1983
f 3301/5950/1984 3304/5951/1984 3302/5952/1984
f 3305/5953/1985 3306/5954/1985 3307/5955/1985
f 3305/5956/1986 3308/5957/1986 3306/5958/1986
f 3309/5959/1987 3310/5960/1987 3311/5961/1987
f 3309/5962/1988 3312/5963/1988 3310/5964/1988
f 3313/5965/1989 3314/5966/1989 3315/5967/1989
f 3313/5968/1990 3316/5969/1990 3314/5970/1990
f 3317/5971/1991 3318/5972/1991 3319/5973/1991
f 3317/5974/1992 3320/5975/1992 3318/5976/1992
f 3321/5977/1993 3322/5978/1993 3323/5979/1993
f 3321/5980/1994 3324/5981/1994 3322/5982/1994
f 3325/5983/1995 3326/5984/1995 3327/5985/1995
f 3325/5986/1996 3328/5987/1996 3326/5988/1996
f 3329/5989/1997 3330/5990/1997 3331/5991/1997
f 3329/5992/1998 3332/5993/1998 3330/5994/1998
f 3333/5995/1999 3334/5996/1999 3335/5997/1999
f 3333/5998/2000 3336/5999/2000 3334/6000/2000
f 3337/6001/2001 3338/6002/2001 3339/6003/2001
f 3337/6004/2002 3340/6005/2002 3338/6006/2002
f 3341/6007/2003 3342/6008/2003 3343/6009/2003
f 3341/6010/2004 3344/6011/2004 3342/6012/2004
f 3345/6013/2005 3346/6014/2005 3347/6015/2005
f 3345/6016/2006 3348/6017/2006 3346/6018/2006
f 3349/6019/2007 3350/6020/2007 3351/6021/2007
f 3349/6022/2008 3352/6023/2008 3350/6024/2008
f 3353/6025/2009 3354/6026/2009 3355/6027/2009
f 3353/6028/2010 3356/6029/2010 3354/6030/2010
f 3357/6031/2011 3358/6032/2011 3359/6033/2011
f 3357/6034/2012 3360/6035/2012 3358/6036/2012
f 3361/6037/2013 3362/6038/2013 3363/6039/2013
f 3361/6040/2014 3364/6041/2014 3362/6042/2014
f 3365/6043/2015 3366/6044/2015 3367/6045/2015
f 3365/6046/2016 3368/6047/2016 3366/6048/2016
f 3369/6049/2017 3370/6050/2017 3371/6051/2017
f 3369/6052/2018 3372/6053/2018 3370/6054/2018
f 3373/6055/2019 3374/6056/2019 3375/6057/2019
f 3373/6058/2020 3376/6059/2020 3374/6060/2020
f 3377/6061/2021 3378/6062/2021 3379/6063/2021
f 3377/6064/2022 3380/6065/2022 3378/6066/2022
f 3381/6067/2023 3382/6068/2023 3383/6069/2023
f 3381/6070/2024 3384/6071/2024 3382/6072/2024
f 3385/6073/2025 3386/6074/2025 3387/6075/2025
f 3385/6076/2026 3388/6077/2026 3386/6078/2026
f 3389/6079/2027 3390/6080/2027 3391/6081/2027
f 3389/6082/2028 3392/6083/2028 3390/6084/2028
f 3393/6085/2029 3394/6086/2029 3395/6087/2029
f 3393/6088/2030 3396/6089/2030 3394/6090/2030
f 3397/6091/2031 3398/6092/2031 3399/6093/2031
f 3397/6094/2032 3400/6095/2032 3398/6096/2032
f 3401/6097/2033 3402/6098/2033 3403/6099/2033
f 3401/6100/2034 3404/6101/2034 3402/6102/2034
f 3405/6103/2035 3406/6104/2035 3407/6105/2035
f 3405/6106/2036 3408/6107/2036 3406/6108/2036
f 3409/6109/2037 3410/6110/2037 3411/6111/2037
f 3409/6112/2038 3412/6113/2038 3410/6114/2038
f 3413/6115/2039 3414/6116/2039 3415/6117/2039
f 3413/6118/2040 3416/6119/2040 3414/6120/2040
f 3417/6121/2041 3418/6122/2041 3419/6123/2041
f 3417/6124/2042 3420/6125/2042 3418/6126/2042
f 3421/6127/2043 3422/6128/2043 3423/6129/2043
f 3421/6130/2044 3424/6131/2044 3422/6132/2044
f 3425/6133/2045 3426/6134/2045 3427/6135/2045
f 3425/6136/2046 3428/6137/2046 3426/6138/2046
f 3429/6139/2047 3430/6140/2047 3431/6141/2047
f 3429/6142/2048 3432/6143/2048 3430/6144/2048
f 3433/6145/2049 3434/6146/2049 3435/6147/2049
f 3433/6148/2050 3436/6149/2050 3434/6150/2050
f 3437/6151/2051 3438/6152/2051 3439/6153/2051
f 3437/6154/2052 3440/6155/2052 3438/6156/2052
f 3441/6157/2053 3442/6158/2053 3443/6159/2053
f 3441/6160/2054 3444/6161/2054 3442/6162/2054
f 3445/6163/2055 3446/6164/2055 3447/6165/2055
f 3445/6166/2056 3448/6167/2056 3446/6168/2056
f 3449/6169/2057 3450/6170/2057 3451/6171/2057
f 3449/6172/2058 3452/6173/2058 3450/6174/2058
f 3453/6175/2059 3454/6176/2059 3455/6177/2059
f 3453/6178/2060 3456/6179/2060 3454/6180/2060
f 3457/6181/2061 3458/6182/2061 3459/6183/2061
f 3457/6184/2062 3460/6185/2062 3458/6186/2062
f 3461/6187/2063 3462/6188/2063 3463/6189/2063
f 3461/6190/2064 3464/6191/2064 3462/6192/2064
f 3465/6193/2065 3466/6194/2065 3467/6195/2065
f 3465/6196/2066 3468/6197/2066 3466/6198/2066
f 3469/6199/2067 3470/6200/2067 3471/6201/2067
f 3469/6202/2068 3472/6203/2068 3470/6204/2068
f 3473/6205/2069 3474/6206/2069 3475/6207/2069
f 3473/6208/2070 3476/6209/2070 3474/6210/2070
f 3477/6211/2071 3478/6212/2071 3479/6213/2071
f 3477/6214/2072 3480/6215/2072 3478/6216/2072
f 3481/6217/2073 3482/6218/2073 3483/6219/2073
f 3481/6220/2074 3484/6221/2074 3482/6222/2074
f 3485/6223/2075 3486/6224/2075 3487/6225/2075
f 3485/6226/2076 3488/6227/2076 3486/6228/2076
f 3489/6229/2077 3490/6230/2077 3491/6231/2077
f 3489/6232/2078 3492/6233/2078 3490/6234/2078
f 3493/6235/2079 3494/6236/2079 3495/6237/2079
f 3493/6238/2080 3496/6239/2080 3494/6240/2080
f 3497/6241/2081 3498/6242/2081 3499/6243/2081
f 3497/6244/2082 3500/6245/2082 3498/6246/2082
f 3501/6247/2083 3502/6248/2083 3503/6249/2083
f 3501/6250/2084 3504/6251/2084 3502/6252/2084
f 3505/6253/2085 3506/6254/2085 3507/6255/2085
f 3505/6256/2086 3508/6257/2086 3506/6258/2086
f 3509/6259/2087 3510/6260/2087 3511/6261/2087
f 3509/6262/2088 3512/6263/2088 3510/6264/2088
f 3513/6265/2089 3514/6266/2089 3515/6267/2089
f 3513/6268/2090 3516/6269/2090 3514/6270/2090
f 3517/6271/2091 3518/6272/2091 3519/6273/2091
f 3517/6274/2092 3520/6275/2092 3518/6276/2092
f 3521/6277/2093 3522/6278/2093 3523/6279/2093
f 3521/6280/2094 3524/6281/2094 3522/6282/2094
f 3525/6283/2095 3526/6284/2095 3527/6285/2095
f 3525/6286/2096 3528/6287/2096 3526/6288/2096
f 3529/6289/2097 3530/6290/2097 3531/6291/2097
f 3529/6292/2098 3532/6293/2098 3530/6294/2098
f 3533/6295/2099 3534/6296/2099 3535/6297/2099
f 3533/6298/2100 3536/6299/2100 3534/6300/2100
f 3537/6301/2101 3538/6302/2101 3539/6303/2101
f 3537/6304/2102 3540/6305/2102 3538/6306/2102
f 3541/6307/2103 3542/6308/2103 3543/6309/2103
f 3541/6310/2104 3544/6311/2104 3542/6312/2104
f 3545/6313/2105 3546/6314/2105 3547/6315/2105
f 3545/6316/2106 3548/6317/2106 3546/6318/2106
f 3549/6319/2107 3550/6320/2107 3551/6321/2107
f 3549/6322/2108 3552/6323/2108 3550/6324/2108
f 3553/6325/2109 3554/6326/2109 3555/6327/2109
f 3553/6328/2110 3556/6329/2110 3554/6330/2110
f 3557/6331/2111 3558/6332/2111 3559/6333/2111
f 3557/6334/2112 3560/6335/2112 3558/6336/2112
f 3561/6337/2113 3562/6338/2113 3563/6339/2113
f 3561/6340/2114 3564/6341/2114 3562/6342/2114
f 3565/6343/2115 3566/6344/2115 3567/6345/2115
f 3565/6346/2116 3568/6347/2116 3566/6348/2116
f 3569/6349/2117 3570/6350/2117 3571/6351/2117
f 3569/6352/2118 3572/6353/2118 3570/6354/2118
f 3573/6355/2119 3574/6356/2119 3575/6357/2119
f 3573/6358/2120 3576/6359/2120 3574/6360/2120
f 3577/6361/2121 3578/6362/2121 3579/6363/2121
f 3577/6364/2122 3580/6365/2122 3578/6366/2122
f 3581/6367/2123 3582/6368/2123 3583/6369/2123
f 3581/6370/2124 3584/6371/2124 3582/6372/2124
f 3585/6373/2125 3586/6374/2125 3587/6375/2125
f 3585/6376/2126 3588/6377/2126 3586/6378/2126
f 3589/6379/2127 3590/6380/2127 3591/6381/2127
f 3589/6382/2128 3592/6383/2128 3590/6384/2128
f 3593/6385/2129 3594/6386/2129 3595/6387/2129
f 3593/6388/2130 3596/6389/2130 3594/6390/2130
f 3597/6391/2131 3598/6392/2131 3599/6393/2131
f 3597/6394/2132 3600/6395/2132 3598/6396/2132
f 3601/6397/2133 3602/6398/2133 3603/6399/2133
f 3601/6400/2134 3604/6401/2134 3602/6402/2134
f 3605/6403/2135 3606/6404/2135 3607/6405/2135
f 3605/6406/2136 3608/6407/2136 3606/6408/2136
f 3609/6409/2137 3610/6410/2137 3611/6411/2137
f 3609/6412/2138 3612/6413/2138 3610/6414/2138
f 3613/6415/2139 3614/6416/2139 3615/6417/2139
f 3613/6418/2140 3616/6419/2140 3614/6420/2140
f 3617/6421/2141 3618/6422/2141 3619/6423/2141
f 3617/6424/2142 3620/6425/2142 3618/6426/2142
f 3621/6427/2143 3622/6428/2143 3623/6429/2143
f 3621/6430/2144 3624/6431/2144 3622/6432/2144
f 3625/6433/2145 3626/6434/2145 3627/6435/2145
f 3625/6436/2146 3628/6437/2146 3626/6438/2146
f 3629/6439/2147 3630/6440/2147 3631/6441/2147
f 3629/6442/2148 3632/6443/2148 3630/6444/2148
f 3633/6445/2149 3634/6446/2149 3635/6447/2149
f 3633/6448/2150 3636/6449/2150 3634/6450/2150
f 3637/6451/2151 3638/6452/2151 3639/6453/2151
f 3637/6454/2152 3640/6455/2152 3638/6456/2152
f 3641/6457/2153 3642/6458/2153 3643/6459/2153
f 3641/6460/2154 3644/6461/2154 3642/6462/2154
f 3645/6463/2155 3646/6464/2155 3647/6465/2155
f 3645/6466/2156 3648/6467/2156 3646/6468/2156
f 3649/6469/2157 3650/6470/2157 3651/6471/2157
f 3649/6472/2158 3652/6473/2158 3650/6474/2158
f 3653/6475/2159 3654/6476/2159 3655/6477/2159
f 3653/6478/2160 3656/6479/2160 3654/6480/2160
f 3657/6481/2161 3658/6482/2161 3659/6483/2161
f 3657/6484/2162 3660/6485/2162 3658/6486/2162
f 3661/6487/2163 3662/6488/2163 3663/6489/2163
f 3661/6490/2164 3664/6491/2164 3662/6492/2164
f 3665/6493/2165 3666/6494/2165 3667/6495/2165
f 3665/6496/2166 3668/6497/2166 3666/6498/2166
f 3669/6499/2167 3670/6500/2167 3671/6501/2167
f 3669/6502/2168 3672/6503/2168 3670/6504/2168
f 3673/6505/2169 3674/6506/2169 3675/6507/2169
f 3673/6508/2170 3676/6509/2170 3674/6510/2170
f 3677/6511/2171 3678/6512/2171 3679/6513/2171
f 3677/6514/2172 3680/6515/2172 3678/6516/2172
f 3681/6517/2173 3682/6518/2173 3683/6519/2173
f 3681/6520/2174 3684/6521/2174 3682/6522/2174
f 3685/6523/2175 3686/6524/2175 3687/6525/2175
f 3685/6526/2176 3688/6527/2176 3686/6528/2176
f 3689/6529/2177 3690/6530/2177 3691/6531/2177
f 3689/6532/2178 3692/6533/2178 3690/6534/2178
f 3693/6535/2179 3694/6536/2179 3695/6537/2179
f 3693/6538/2180 3696/6539/2180 3694/6540/2180
f 3697/6541/2181 3698/6542/2181 3699/6543/2181
f 3697/6544/2182 3700/6545/2182 3698/6546/2182
f 3701/6547/2183 3702/6548/2183 3703/6549/2183
f 3701/6550/2184 3704/6551/2184 3702/6552/2184
f 3705/6553/2185 3706/6554/2185 3707/6555/2185
f 3705/6556/2186 3708/6557/2186 3706/6558/2186
f 3709/6559/2187 3710/6560/2187 3711/6561/2187
f 3709/6562/2188 3712/6563/2188 3710/6564/2188
f 3713/6565/2189 3714/6566/2189 3715/6567/2189
f 3713/6568/2190 3716/6569/2190 3714/6570/2190
f 3717/6571/2191 3718/6572/2191 3719/6573/2191
f 3717/6574/2192 3720/6575/2192 3718/6576/2192
f 3721/6577/2193 3722/6578/2193 3723/6579/2193
f 3721/6580/2194 3724/6581/2194 3722/6582/2194
f 3725/6583/2195 3726/6584/2195 3727/6585/2195
f 3725/6586/2196 3728/6587/2196 3726/6588/2196
f 3729/6589/2197 3730/6590/2197 3731/6591/2197
f 3729/6592/2198 3732/6593/2198 3730/6594/2198
f 3733/6595/2199 3734/6596/2199 3735/6597/2199
f 3733/6598/2200 3736/6599/2200 3734/6600/2200
f 3737/6601/2201 3738/6602/2201 3739/6603/2201
f 3737/6604/2202 3740/6605/2202 3738/6606/2202
f 3741/6607/2203 3742/6608/2203 3743/6609/2203
f 3741/6610/2204 3744/6611/2204 3742/6612/2204
f 3745/6613/2205 3746/6614/2205 3747/6615/2205
f 3745/6616/2206 3748/6617/2206 3746/6618/2206
f 3749/6619/2207 3750/6620/2207 3751/6621/2207
f 3749/6622/2208 3752/6623/2208 3750/6624/2208
f 3753/6625/2209 3754/6626/2209 3755/6627/2209
f 3753/6628/2210 3756/6629/2210 3754/6630/2210
f 3757/6631/2211 3758/6632/2211 3759/6633/2211
f 3757/6634/2212 3760/6635/2212 3758/6636/2212
f 3761/6637/2213 3762/6638/2213 3763/6639/2213
f 3761/6640/2214 3764/6641/2214 3762/6642/2214
f 3765/6643/2215 3766/6644/2215 3767/6645/2215
f 3765/6646/2216 3768/6647/2216 3766/6648/2216
f 3769/6649/2217 3770/6650/2217 3771/6651/2217
f 3769/6652/2218 3772/6653/2218 3770/6654/2218
f 3773/6655/2219 3774/6656/2219 3775/6657/2219
f 3773/6658/2220 3776/6659/2220 3774/6660/2220
f 3777/6661/2221 3778/6662/2221 3779/6663/2221
f 3777/6664/2222 3780/6665/2222 3778/6666/2222
f 3781/6667/2223 3782/6668/2223 3783/6669/2223
f 3781/6670/2224 3784/6671/2224 3782/6672/2224
f 3785/6673/2225 3786/6674/2225 3787/6675/2225
f 3785/6676/2226 3788/6677/2226 3786/6678/2226
f 3789/6679/2227 3790/6680/2227 3791/6681/2227
f 3789/6682/2228 3792/6683/2228 3790/6684/2228
f 3793/6685/2229 3794/6686/2229 3795/6687/2229
f 3793/6688/2230 3796/6689/2230 3794/6690/2230
f 3797/6691/2231 3798/6692/2231 3799/6693/2231
f 3797/6694/2232 3800/6695/2232 3798/6696/2232
f 3801/6697/2233 3802/6698/2233 3803/6699/2233
f 3801/6700/2234 3804/6701/2234 3802/6702/2234
f 3805/6703/2235 3806/6704/2235 3807/6705/2235
f 3805/6706/2236 3808/6707/2236 3806/6708/2236
f 3809/6709/2237 3810/6710/2237 3811/6711/2237
f 3809/6712/2238 3812/6713/2238 3810/6714/2238
f 3813/6715/2239 3814/6716/2239 3815/6717/2239
f 3813/6718/2240 3816/6719/2240 3814/6720/2240
f 3817/6721/2241 3818/6722/2241 3819/6723/2241
f 3817/6724/2242 3820/6725/2242 3818/6726/2242
f 3821/6727/2243 3822/6728/2243 3823/6729/2243
f 3821/6730/2244 3824/6731/2244 3822/6732/2244
f 3825/6733/2245 3826/6734/2245 3827/6735/2245
f 3825/6736/2246 3828/6737/2246 3826/6738/2246
f 3829/6739/2247 3830/6740/2247 3831/6741/2247
f 3829/6742/2248 3832/6743/2248 3830/6744/2248
f 3833/6745/2249 3834/6746/2249 3835/6747/2249
f 3833/6748/2250 3836/6749/2250 3834/6750/2250
f 3837/6751/2251 3838/6752/2251 3839/6753/2251
f 3837/6754/2252 3840/6755/2252 3838/6756/2252
f 3841/6757/2253 3842/6758/2253 3843/6759/2253
f 3841/6760/2254 3844/6761/2254 3842/6762/2254
f 3845/6763/2255 3846/6764/2255 3847/6765/2255
f 3845/6766/2256 3848/6767/2256 3846/6768/2256
f 3849/6769/2257 3850/6770/2257 3851/6771/2257
f 3849/6772/2258 3852/6773/2258 3850/6774/2258
f 3853/6775/2259 3854/6776/2259 3855/6777/2259
f 3853/6778/2260 3856/6779/2260 3854/6780/2260
f 3857/6781/2261 3858/6782/2261 3859/6783/2261
f 3857/6784/2262 3860/6785/2262 3858/6786/2262
f 3861/6787/2263 3862/6788/2263 3863/6789/2263
f 3861/6790/2264 3864/6791/2264 3862/6792/2264
f 3865/6793/2265 3866/6794/2265 3867/6795/2265
f 3865/6796/2266 3868/6797/2266 3866/6798/2266
f 3869/6799/2267 3870/6800/2267 3871/6801/2267
f 3869/6802/2268 3872/6803/2268 3870/6804/2268
f 3873/6805/2269 3874/6806/2269 3875/6807/2269
f 3873/6808/2270 3876/6809/2270 3874/6810/2270
f 3877/6811/2271 3878/6812/2271 3879/6813/2271
f 3877/6814/2272 3880/6815/2272 3878/6816/2272
f 3881/6817/2273 3882/6818/2273 3883/6819/2273
f 3881/6820/2274 3884/6821/2274 3882/6822/2274
f 3885/6823/2275 3886/6824/2275 3887/6825/2275
f 3885/6826/2276 3888/6827/2276 3886/6828/2276
f 3889/6829/2277 3890/6830/2277 3891/6831/2277
f 3889/6832/2278 3892/6833/2278 3890/6834/2278
f 3893/6835/2279 3894/6836/2279 3895/6837/2279
f 3893/6838/2280 3896/6839/2280 3894/6840/2280
f 3897/6841/2281 3898/6842/2281 3899/6843/2281
f 3897/6844/2282 3900/6845/2282 3898/6846/2282
f 3901/6847/2283 3902/6848/2283 3903/6849/2283
f 3901/6850/2284 3904/6851/2284 3902/6852/2284
f 3905/6853/2285 3906/6854/2285 3907/6855/2285
f 3905/6856/2286 3908/6857/2286 3906/6858/2286
f 3909/6859/2287 3910/6860/2287 3911/6861/2287
f 3909/6862/2288 3912/6863/2288 3910/6864/2288
f 3913/6865/2289 3914/6866/2289 3915/6867/2289
f 3913/6868/2290 3916/6869/2290 3914/6870/2290
f 3917/6871/2291 3918/6872/2291 3919/6873/2291
f 3917/6874/2292 3920/6875/2292 3918/6876/2292
f 3921/6877/2293 3922/6878/2293 3923/6879/2293
f 3921/6880/2294 3924/6881/2294 3922/6882/2294
f 3925/6883/2295 3926/6884/2295 3927/6885/2295
f 3925/6886/2296 3928/6887/2296 3926/6888/2296
f 3929/6889/2297 3930/6890/2297 3931/6891/2297
f 3929/6892/2298 3932/6893/2298 3930/6894/2298
f 3933/6895/2299 3934/6896/2299 3935/6897/2299
f 3933/6898/2300 3936/6899/2300 3934/6900/2300
f 3937/6901/2301 3938/6902/2301 3939/6903/2301
f 3937/6904/2302 3940/6905/2302 3938/6906/2302
f 3941/6907/2303 3942/6908/2303 3943/6909/2303
f 3941/6910/2304 3944/6911/2304 3942/6912/2304
f 3945/6913/2305 3946/6914/2305 3947/6915/2305
f 3945/6916/2306 3948/6917/2306 3946/6918/2306
f 3949/6919/2307 3950/6920/2307 3951/6921/2307
f 3949/6922/2308 3952/6923/2308 3950/6924/2308
f 3953/6925/2309 3954/6926/2309 3955/6927/2309
f 3953/6928/2310 3956/6929/2310 3954/6930/2310
f 3957/6931/2311 3958/6932/2311 3959/6933/2311
f 3957/6934/2312 3960/6935/2312 3958/6936/2312
f 3961/6937/2313 3962/6938/2313 3963/6939/2313
f 3961/6940/2314 3964/6941/2314 3962/6942/2314
f 3965/6943/2315 3966/6944/2315 3967/6945/2315
f 3965/6946/2316 3968/6947/2316 3966/6948/2316
f 3969/6949/2317 3970/6950/2317 3971/6951/2317
f 3969/6952/2318 3972/6953/2318 3970/6954/2318
f 3973/6955/2319 3974/6956/2319 3975/6957/2319
f 3973/6958/2320 3976/6959/2320 3974/6960/2320
f 3977/6961/2321 3978/6962/2321 3979/6963/2321
f 3977/6964/2322 3980/6965/2322 3978/6966/2322
f 3981/6967/2323 3982/6968/2323 3983/6969/2323
f 3981/6970/2324 3984/6971/2324 3982/6972/2324
f 3985/6973/2325 3986/6974/2325 3987/6975/2325
f 3985/6976/2326 3988/6977/2326 3986/6978/2326
f 3989/6979/2327 3990/6980/2327 3991/6981/2327
f 3989/6982/2328 3992/6983/2328 3990/6984/2328
f 3993/6985/2329 3994/6986/2329 3995/6987/2329
f 3993/6988/2330 3996/6989/2330 3994/6990/2330
f 3997/6991/2331 3998/6992/2331 3999/6993/2331
f 3997/6994/2332 4000/6995/2332 3998/6996/2332
f 4001/6997/2333 4002/6998/2333 4003/6999/2333
f 4001/7000/2334 4004/7001/2334 4002/7002/2334
f 4005/7003/2335 4006/7004/2335 4007/7005/2335
f 4005/7006/2336 4008/7007/2336 4006/7008/2336
f 4009/7009/2337 4010/7010/2337 4011/7011/2337
f 4009/7012/2338 4012/7013/2338 4010/7014/2338
f 4013/7015/2339 4014/7016/2339 4015/7017/2339
f 4013/7018/2340 4016/7019/2340 4014/7020/2340
f 4017/7021/2341 4018/7022/2341 4019/7023/2341
f 4017/7024/2342 4020/7025/2342 4018/7026/2342
f 4021/7027/2343 4022/7028/2343 4023/7029/2343
f 4021/7030/2344 4024/7031/2344 4022/7032/2344
f 4025/7033/2345 4026/7034/2345 4027/7035/2345
f 4025/7036/2346 4028/7037/2346 4026/7038/2346
f 4029/7039/2347 4030/7040/2347 4031/7041/2347
f 4029/7042/2348 4032/7043/2348 4030/7044/2348
f 4033/7045/2349 4034/7046/2349 4035/7047/2349
f 4033/7048/2350 4036/7049/2350 4034/7050/2350
f 4037/7051/2351 4038/7052/2351 4039/7053/2351
f 4037/7054/2352 4040/7055/2352 4038/7056/2352
f 4041/7057/2353 4042/7058/2353 4043/7059/2353
f 4041/7060/2354 4044/7061/2354 4042/7062/2354
f 4045/7063/2355 4046/7064/2355 4047/7065/2355
f 4045/7066/2356 4048/7067/2356 4046/7068/2356
f 4049/7069/2357 4050/7070/2357 4051/7071/2357
f 4049/7072/2358 4052/7073/2358 4050/7074/2358
f 4053/7075/2359 4054/7076/2359 4055/7077/2359
f 4053/7078/2360 4056/7079/2360 4054/7080/2360
f 4057/7081/2361 4058/7082/2361 4059/7083/2361
f 4057/7084/2362 4060/7085/2362 4058/7086/2362
f 4061/7087/2363 4062/7088/2363 4063/7089/2363
f 4061/7090/2364 4064/7091/2364 4062/7092/2364
f 4065/7093/2365 4066/7094/2365 4067/7095/2365
f 4065/7096/2366 4068/7097/2366 4066/7098/2366
f 4069/7099/2367 4070/7100/2367 4071/7101/2367
f 4069/7102/2368 4072/7103/2368 4070/7104/2368
f 4073/7105/2369 4074/7106/2369 4075/7107/2369
f 4073/7108/2370 4076/7109/2370 4074/7110/2370
f 4077/7111/2371 4078/7112/2371 4079/7113/2371
f 4077/7114/2372 4080/7115/2372 4078/7116/2372
f 4081/7117/2373 4082/7118/2373 4083/7119/2373
f 4081/7120/2374 4084/7121/2374 4082/7122/2374
f 4085/7123/2375 4086/7124/2375 4087/7125/2375
f 4085/7126/2376 4088/7127/2376 4086/7128/2376
f 4089/7129/2377 4090/7130/2377 4091/7131/2377
f 4089/7132/2378 4092/7133/2378 4090/7134/2378
f 4093/7135/2379 4094/7136/2379 4095/7137/2379
f 4093/7138/2380 4096/7139/2380 4094/7140/2380
f 4097/7141/2381 4098/7142/2381 4099/7143/2381
f 4097/7144/2382 4100/7145/2382 4098/7146/2382
f 4101/7147/2383 4102/7148/2383 4103/7149/2383
f 4101/7150/2384 4104/7151/2384 4102/7152/2384
f 4105/7153/2385 4106/7154/2385 4107/7155/2385
f 4105/7156/2386 4108/7157/2386 4106/7158/2386
f 4109/7159/2387 4110/7160/2387 4111/7161/2387
f 4109/7162/2388 4112/7163/2388 4110/7164/2388
f 4113/7165/2389 4114/7166/2389 4115/7167/2389
f 4113/7168/2390 4116/7169/2390 4114/7170/2390
f 4117/7171/2391 4118/7172/2391 4119/7173/2391
f 4117/7174/2392 4120/7175/2392 4118/7176/2392
f 4121/7177/2393 4122/7178/2393 4123/7179/2393
f 4121/7180/2394 4124/7181/2394 4122/7182/2394
f 4125/7183/2395 4126/7184/2395 4127/7185/2395
f 4125/7186/2396 4128/7187/2396 4126/7188/2396
f 4129/7189/2397 4130/7190/2397 4131/7191/2397
f 4129/7192/2398 4132/7193/2398 4130/7194/2398
f 4133/7195/2399 4134/7196/2399 4135/7197/2399
f 4133/7198/2400 4136/7199/2400 4134/7200/2400
f 4137/7201/2401 4138/7202/2401 4139/7203/2401
f 4137/7204/2402 4140/7205/2402 4138/7206/2402
f 4141/7207/2403 4142/7208/2403 4143/7209/2403
f 4141/7210/2404 4144/7211/2404 4142/7212/2404
f 4145/7213/2405 4146/7214/2405 4147/7215/2405
f 4145/7216/2406 4148/7217/2406 4146/7218/2406
f 4149/7219/2407 4150/7220/2407 4151/7221/2407
f 4149/7222/2408 4152/7223/2408 4150/7224/2408
f 4153/7225/2409 4154/7226/2409 4155/7227/2409
f 4153/7228/2410 4156/7229/2410 4154/7230/2410
f 4157/7231/2411 4158/7232/2411 4159/7233/2411
f 4157/7234/2412 4160/7235/2412 4158/7236/2412
f 4161/7237/2413 4162/7238/2413 4163/7239/2413
f 4161/7240/2414 4164/7241/2414 4162/7242/2414
f 4165/7243/2415 4166/7244/2415 4167/7245/2415
f 4165/7246/2416 4168/7247/2416 4166/7248/2416
f 4169/7249/2417 4170/7250/2417 4171/7251/2417
f 4169/7252/2418 4172/7253/2418 4170/7254/2418
f 4173/7255/2419 4174/7256/2419 4175/7257/2419
f 4173/7258/2420 4176/7259/2420 4174/7260/2420
f 4177/7261/2421 4178/7262/2421 4179/7263/2421
f 4177/7264/2422 4180/7265/2422 4178/7266/2422
f 4181/7267/2423 4182/7268/2423 4183/7269/2423
f 4181/7270/2424 4184/7271/2424 4182/7272/2424
f 4185/7273/2425 4186/7274/2425 4187/7275/2425
f 4185/7276/2426 4188/7277/2426 4186/7278/2426
f 4189/7279/2427 4190/7280/2427 4191/7281/2427
f 4189/7282/2428 4192/7283/2428 4190/7284/2428
f 4193/7285/2429 4194/7286/2429 4195/7287/2429
f 4193/7288/2430 4196/7289/2430 4194/7290/2430
f 4197/7291/2431 4198/7292/2431 4199/7293/2431
f 4197/7294/2432 4200/7295/2432 4198/7296/2432
f 4201/7297/2433 4202/7298/2433 4203/7299/2433
f 4201/7300/2434 4204/7301/2434 4202/7302/2434
f 4205/7303/2435 4206/7304/2435 4207/7305/2435
f 4205/7306/2436 4208/7307/2436 4206/7308/2436
f 4209/7309/2437 4210/7310/2437 4211/7311/2437
f 4209/7312/2438 4212/7313/2438 4210/7314/2438
f 4213/7315/2439 4214/7316/2439 4215/7317/2439
f 4213/7318/2440 4216/7319/2440 4214/7320/2440
f 4217/7321/2441 4218/7322/2441 4219/7323/2441
f 4217/7324/2442 4220/7325/2442 4218/7326/2442
f 4221/7327/2443 4222/7328/2443 4223/7329/2443
f 4221/7330/2444 4224/7331/2444 4222/7332/2444
f 4225/7333/2445 4226/7334/2445 4227/7335/2445
f 4225/7336/2446 4228/7337/2446 4226/7338/2446
f 4229/7339/2447 4230/7340/2447 4231/7341/2447
f 4229/7342/2448 4232/7343/2448 4230/7344/2448
f 4233/7345/2449 4234/7346/2449 4235/7347/2449
f 4233/7348/2450 4236/7349/2450 4234/7350/2450
f 4237/7351/2451 4238/7352/2451 4239/7353/2451
f 4237/7354/2452 4240/7355/2452 4238/7356/2452
f 4241/7357/2453 4242/7358/2453 4243/7359/2453
f 4241/7360/2454 4244/7361/2454 4242/7362/2454
f 4245/7363/2455 4246/7364/2455 4247/7365/2455
f 4245/7366/2456 4248/7367/2456 4246/7368/2456
f 4249/7369/2457 4250/7370/2457 4251/7371/2457
f 4249/7372/2458 4252/7373/2458 4250/7374/2458
f 4253/7375/2459 4254/7376/2459 4255/7377/2459
f 4253/7378/2460 4256/7379/2460 4254/7380/2460
f 4257/7381/2461 4258/7382/2461 4259/7383/2461
f 4257/7384/2462 4260/7385/2462 4258/7386/2462
f 4261/7387/2463 4262/7388/2463 4263/7389/2463
f 4261/7390/2464 4264/7391/2464 4262/7392/2464
f 4265/7393/2465 4266/7394/2465 4267/7395/2465
f 4265/7396/2466 4268/7397/2466 4266/7398/2466
f 4269/7399/2467 4270/7400/2467 4271/7401/2467
f 4269/7402/2468 4272/7403/2468 4270/7404/2468
f 4273/7405/2469 4274/7406/2469 4275/7407/2469
f 4273/7408/2470 4276/7409/2470 4274/7410/2470
f 4277/7411/2471 4278/7412/2471 4279/7413/2471
f 4277/7414/2472 4280/7415/2472 4278/7416/2472
f 4281/7417/2473 4282/7418/2473 4283/7419/2473
f 4281/7420/2474 4284/7421/2474 4282/7422/2474
f 4285/7423/2475 4286/7424/2475 4287/7425/2475
f 4285/7426/2476 4288/7427/2476 4286/7428/2476
f 4289/7429/2477 4290/7430/2477 4291/7431/2477
f 4289/7432/2478 4292/7433/2478 4290/7434/2478
f 4293/7435/2479 4294/7436/2479 4295/7437/2479
f 4293/7438/2480 4296/7439/2480 4294/7440/2480
f 4297/7441/2481 4298/7442/2481 4299/7443/2481
f 4297/7444/2482 4300/7445/2482 4298/7446/2482
f 4301/7447/2483 4302/7448/2483 4303/7449/2483
f 4301/7450/2484 4304/7451/2484 4302/7452/2484
f 4305/7453/2485 4306/7454/2485 4307/7455/2485
f 4305/7456/2486 4308/7457/2486 4306/7458/2486
f 4309/7459/2487 4310/7460/2487 4311/7461/2487
f 4309/7462/2488 4312/7463/2488 4310/7464/2488
f 4313/7465/2489 4314/7466/2489 4315/7467/2489
f 4313/7468/2490 4316/7469/2490 4314/7470/2490
f 4317/7471/2491 4318/7472/2491 4319/7473/2491
f 4317/7474/2492 4320/7475/2492 4318/7476/2492
f 4321/7477/2493 4322/7478/2493 4323/7479/2493
f 4321/7480/2494 4324/7481/2494 4322/7482/2494
f 4325/7483/2495 4326/7484/2495 4327/7485/2495
f 4325/7486/2496 4328/7487/2496 4326/7488/2496
f 4329/7489/2497 4330/7490/2497 4331/7491/2497
f 4329/7492/2498 4332/7493/2498 4330/7494/2498
f 4333/7495/2499 4334/7496/2499 4335/7497/2499
f 4333/7498/2500 4336/7499/2500 4334/7500/2500
f 4337/7501/2501 4338/7502/2501 4339/7503/2501
f 4337/7504/2502 4340/7505/2502 4338/7506/2502
f 4341/7507/2503 4342/7508/2503 4343/7509/2503
f 4341/7510/2504 4344/7511/2504 4342/7512/2504
f 4345/7513/2505 4346/7514/2505 4347/7515/2505
f 4345/7516/2506 4348/7517/2506 4346/7518/2506
f 4349/7519/2507 4350/7520/2507 4351/7521/2507
f 4349/7522/2508 4352/7523/2508 4350/7524/2508
f 4353/7525/2509 4354/7526/2509 4355/7527/2509
f 4353/7528/2510 4356/7529/2510 4354/7530/2510
f 4357/7531/2511 4358/7532/2511 4359/7533/2511
f 4357/7534/2512 4360/7535/2512 4358/7536/2512
f 4361/7537/2513 4362/7538/2513 4363/7539/2513
f 4361/7540/2514 4364/7541/2514 4362/7542/2514
f 4365/7543/2515 4366/7544/2515 4367/7545/2515
f 4365/7546/2516 4368/7547/2516 4366/7548/2516
f 4369/7549/2517 4370/7550/2517 4371/7551/2517
f 4369/7552/2518 4372/7553/2518 4370/7554/2518
f 4373/7555/2519 4374/7556/2519 4375/7557/2519
f 4373/7558/2520 4376/7559/2520 4374/7560/2520
f 4377/7561/2521 4378/7562/2521 4379/7563/2521
f 4377/7564/2522 4380/7565/2522 4378/7566/2522
f 4381/7567/2523 4382/7568/2523 4383/7569/2523
f 4381/7570/2524 4384/7571/2524 4382/7572/2524
f 4385/7573/2525 4386/7574/2525 4387/7575/2525
f 4385/7576/2526 4388/7577/2526 4386/7578/2526
f 4389/7579/2527 4390/7580/2527 4391/7581/2527
f 4389/7582/2528 4392/7583/2528 4390/7584/2528
f 4393/7585/2529 4394/7586/2529 4395/7587/2529
f 4393/7588/2530 4396/7589/2530 4394/7590/2530
f 4397/7591/2531 4398/7592/2531 4399/7593/2531
f 4397/7594/2532 4400/7595/2532 4398/7596/2532
f 4401/7597/2533 4402/7598/2533 4403/7599/2533
f 4401/7600/2534 4404/7601/2534 4402/7602/2534
f 4405/7603/2535 4406/7604/2535 4407/7605/2535
f 4405/7606/2536 4408/7607/2536 4406/7608/2536
f 4409/7609/2537 4410/7610/2537 4411/7611/2537
f 4409/7612/2538 4412/7613/2538 4410/7614/2538
f 4413/7615/2539 4414/7616/2539 4415/7617/2539
f 4413/7618/2540 4416/7619/2540 4414/7620/2540
f 4417/7621/2541 4418/7622/2541 4419/7623/2541
f 4417/7624/2542 4420/7625/2542 4418/7626/2542
f 4421/7627/2543 4422/7628/2543 4423/7629/2543
f 4421/7630/2544 4424/7631/2544 4422/7632/2544
f 4425/7633/2545 4426/7634/2545 4427/7635/2545
f 4425/7636/2546 4428/7637/2546 4426/7638/2546
f 4429/7639/2547 4430/7640/2547 4431/7641/2547
f 4429/7642/2548 4432/7643/2548 4430/7644/2548
f 4433/7645/2549 4434/7646/2549 4435/7647/2549
f 4433/7648/2550 4436/7649/2550 4434/7650/2550
f 4437/7651/2551 4438/7652/2551 4439/7653/2551
f 4437/7654/2552 4440/7655/2552 4438/7656/2552
f 4441/7657/2553 4442/7658/2553 4443/7659/2553
f 4441/7660/2554 4444/7661/2554 4442/7662/2554
f 4445/7663/2555 4446/7664/2555 4447/7665/2555
f 4445/7666/2556 4448/7667/2556 4446/7668/2556
f 4449/7669/2557 4450/7670/2557 4451/7671/2557
f 4449/7672/2558 4452/7673/2558 4450/7674/2558
f 4453/7675/2559 4454/7676/2559 4455/7677/2559
f 4453/7678/2560 4456/7679/2560 4454/7680/2560
f 4457/7681/2561 4458/7682/2561 4459/7683/2561
f 4457/7684/2562 4460/7685/2562 4458/7686/2562
f 4461/7687/2563 4462/7688/2563 4463/7689/2563
f 4461/7690/2564 4464/7691/2564 4462/7692/2564
f 4465/7693/2565 4466/7694/2565 4467/7695/2565
f 4465/7696/2566 4468/7697/2566 4466/7698/2566
f 4469/7699/2567 4470/7700/2567 4471/7701/2567
f 4469/7702/2568 4472/7703/2568 4470/7704/2568
f 4473/7705/2569 4474/7706/2569 4475/7707/2569
f 4473/7708/2570 4476/7709/2570 4474/7710/2570
f 4477/7711/2571 4478/7712/2571 4479/7713/2571
f 4477/7714/2572 4480/7715/2572 4478/7716/2572
f 4481/7717/2573 4482/7718/2573 4483/7719/2573
f 4481/7720/2574 4484/7721/2574 4482/7722/2574
f 4485/7723/2575 4486/7724/2575 4487/7725/2575
f 4485/7726/2576 4488/7727/2576 4486/7728/2576
f 4489/7729/2577 4490/7730/2577 4491/7731/2577
f 4489/7732/2578 4492/7733/2578 4490/7734/2578
f 4493/7735/2579 4494/7736/2579 4495/7737/2579
f 4493/7738/2580 4496/7739/2580 4494/7740/2580
f 4497/7741/2581 4498/7742/2581 4499/7743/2581
f 4497/7744/2582 4500/7745/2582 4498/7746/2582
f 4501/7747/2583 4502/7748/2583 4503/7749/2583
f 4501/7750/2584 4504/7751/2584 4502/7752/2584
f 4505/7753/2585 4506/7754/2585 4507/7755/2585
f 4505/7756/2586 4508/7757/2586 4506/7758/2586
f 4509/7759/2587 4510/7760/2587 4511/7761/2587
f 4509/7762/2588 4512/7763/2588 4510/7764/2588
f 4513/7765/2589 4514/7766/2589 4515/7767/2589
f 4513/7768/2590 4516/7769/2590 4514/7770/2590
f 4517/7771/2591 4518/7772/2591 4519/7773/2591
f 4517/7774/2592 4520/7775/2592 4518/7776/2592
f 4521/7777/2593 4522/7778/2593 4523/7779/2593
f 4521/7780/2594 4524/7781/2594 4522/7782/2594
f 4525/7783/2595 4526/7784/2595 4527/7785/2595
f 4525/7786/2596 4528/7787/2596 4526/7788/2596
f 4529/7789/2597 4530/7790/2597 4531/7791/2597
f 4529/7792/2598 4532/7793/2598 4530/7794/2598
f 4533/7795/2599 4534/7796/2599 4535/7797/2599
f 4533/7798/2600 4536/7799/2600 4534/7800/2600
f 4537/7801/2601 4538/7802/2601 4539/7803/2601
f 4537/7804/2602 4540/7805/2602 4538/7806/2602
f 4541/7807/2603 4542/7808/2603 4543/7809/2603
f 4541/7810/2604 4544/7811/2604 4542/7812/2604
f 4545/7813/2605 4546/7814/2605 4547/7815/2605
f 4545/7816/2606 4548/7817/2606 4546/7818/2606
f 4549/7819/2607 4550/7820/2607 4551/7821/2607
f 4549/7822/2608 4552/7823/2608 4550/7824/2608
f 4553/7825/2609 4554/7826/2609 4555/7827/2609
f 4553/7828/2610 4556/7829/2610 4554/7830/2610
f 4557/7831/2611 4558/7832/2611 4559/7833/2611
f 4557/7834/2612 4560/7835/2612 4558/7836/2612
f 4561/7837/2613 4562/7838/2613 4563/7839/2613
f 4561/7840/2614 4564/7841/2614 4562/7842/2614
f 4565/7843/2615 4566/7844/2615 4567/7845/2615
f 4565/7846/2616 4568/7847/2616 4566/7848/2616
f 4569/7849/2617 4570/7850/2617 4571/7851/2617
f 4569/7852/2618 4572/7853/2618 4570/7854/2618
f 4573/7855/2619 4574/7856/2619 4575/7857/2619
f 4573/7858/2620 4576/7859/2620 4574/7860/2620
f 4577/7861/2621 4578/7862/2621 4579/7863/2621
f 4577/7864/2622 4580/7865/2622 4578/7866/2622
f 4581/7867/2623 4582/7868/2623 4583/7869/2623
f 4581/7870/2624 4584/7871/2624 4582/7872/2624
f 4585/7873/2625 4586/7874/2625 4587/7875/2625
f 4585/7876/2626 4588/7877/2626 4586/7878/2626
f 4589/7879/2627 4590/7880/2627 4591/7881/2627
f 4589/7882/2628 4592/7883/2628 4590/7884/2628
f 4593/7885/2629 4594/7886/2629 4595/7887/2629
f 4593/7888/2630 4596/7889/2630 4594/7890/2630
f 4597/7891/2631 4598/7892/2631 4599/7893/2631
f 4597/7894/2632 4600/7895/2632 4598/7896/2632
f 4601/7897/2633 4602/7898/2633 4603/7899/2633
f 4601/7900/2634 4604/7901/2634 4602/7902/2634
f 4605/7903/2635 4606/7904/2635 4607/7905/2635
f 4605/7906/2636 4608/7907/2636 4606/7908/2636
f 4609/7909/2637 4610/7910/2637 4611/7911/2637
f 4609/7912/2638 4612/7913/2638 4610/7914/2638
f 4613/7915/2639 4614/7916/2639 4615/7917/2639
f 4613/7918/2640 4616/7919/2640 4614/7920/2640
f 4617/7921/2641 4618/7922/2641 4619/7923/2641
f 4617/7924/2642 4620/7925/2642 4618/7926/2642
f 4621/7927/2643 4622/7928/2643 4623/7929/2643
f 4621/7930/2644 4624/7931/2644 4622/7932/2644
f 4625/7933/2645 4626/7934/2645 4627/7935/2645
f 4625/7936/2646 4628/7937/2646 4626/7938/2646
f 4629/7939/2647 4630/7940/2647 4631/7941/2647
f 4629/7942/2648 4632/7943/2648 4630/7944/2648
f 4633/7945/2649 4634/7946/2649 4635/7947/2649
f 4633/7948/2650 4636/7949/2650 4634/7950/2650
f 4637/7951/2651 4638/7952/2651 4639/7953/2651
f 4637/7954/2652 4640/7955/2652 4638/7956/2652
f 4641/7957/2653 4642/7958/2653 4643/7959/2653
f 4641/7960/2654 4644/7961/2654 4642/7962/2654
f 4645/7963/2655 4646/7964/2655 4647/7965/2655
f 4645/7966/2656 4648/7967/2656 4646/7968/2656
f 4649/7969/2657 4650/7970/2657 4651/7971/2657
f 4649/7972/2658 4652/7973/2658 4650/7974/2658
f 4653/7975/2659 4654/7976/2659 4655/7977/2659
f 4653/7978/2660 4656/7979/2660 4654/7980/2660
f 4657/7981/2661 4658/7982/2661 4659/7983/2661
f 4657/7984/2662 4660/7985/2662 4658/7986/2662
f 4661/7987/2663 4662/7988/2663 4663/7989/2663
f 4661/7990/2664 4664/7991/2664 4662/7992/2664
f 4665/7993/2665 4666/7994/2665 4667/7995/2665
f 4665/7996/2666 4668/7997/2666 4666/7998/2666
f 4669/7999/2667 4670/8000/2667 4671/8001/2667
f 4669/8002/2668 4672/8003/2668 4670/8004/2668
f 4673/8005/2669 4674/8006/2669 4675/8007/2669
f 4673/8008/2670 4676/8009/2670 4674/8010/2670
f 4677/8011/2671 4678/8012/2671 4679/8013/2671
f 4677/8014/2672 4680/8015/2672 4678/8016/2672
f 4681/8017/2673 4682/8018/2673 4683/8019/2673
f 4681/8020/2674 4684/8021/2674 4682/8022/2674
f 4685/8023/2675 4686/8024/2675 4687/8025/2675
f 4685/8026/2676 4688/8027/2676 4686/8028/2676
f 4689/8029/2677 4690/8030/2677 4691/8031/2677
f 4689/8032/2678 4692/8033/2678 4690/8034/2678
f 4693/8035/2679 4694/8036/2679 4695/8037/2679
f 4693/8038/2680 4696/8039/2680 4694/8040/2680
f 4697/8041/2681 4698/8042/2681 4699/8043/2681
f 4697/8044/2682 4700/8045/2682 4698/8046/2682
f 4701/8047/2683 4702/8048/2683 4703/8049/2683
f 4701/8050/2684 4704/8051/2684 4702/8052/2684
f 4705/8053/2685 4706/8054/2685 4707/8055/2685
f 4705/8056/2686 4708/8057/2686 4706/8058/2686
f 4709/8059/2687 4710/8060/2687 4711/8061/2687
f 4709/8062/2688 4712/8063/2688 4710/8064/2688
f 4713/8065/2689 4714/8066/2689 4715/8067/2689
f 4713/8068/2690 4716/8069/2690 4714/8070/2690
f 4717/8071/2691 4718/8072/2691 4719/8073/2691
f 4717/8074/2692 4720/8075/2692 4718/8076/2692
f 4721/8077/2693 4722/8078/2693 4723/8079/2693
f 4721/8080/2694 4724/8081/2694 4722/8082/2694
f 4725/8083/2695 4726/8084/2695 4727/8085/2695
f 4725/8086/2696 4728/8087/2696 4726/8088/2696
f 4729/8089/2697 4730/8090/2697 4731/8091/2697
f 4729/8092/2698 4732/8093/2698 4730/8094/2698
f 4733/8095/2699 4734/8096/2699 4735/8097/2699
f 4733/8098/2700 4736/8099/2700 4734/8100/2700
f 4737/8101/2701 4738/8102/2701 4739/8103/2701
f 4737/8104/2702 4740/8105/2702 4738/8106/2702
f 4741/8107/2703 4742/8108/2703 4743/8109/2703
f 4741/8110/2704 4744/8111/2704 4742/8112/2704
f 4745/8113/2705 4746/8114/2705 4747/8115/2705
f 4745/8116/2706 4748/8117/2706 4746/8118/2706
f 4749/8119/2707 4750/8120/2707 4751/8121/2707
f 4749/8122/2708 4752/8123/2708 4750/8124/2708
f 4753/8125/2709 4754/8126/2709 4755/8127/2709
f 4753/8128/2710 4756/8129/2710 4754/8130/2710
f 4757/8131/2711 4758/8132/2711 4759/8133/2711
f 4757/8134/2712 4760/8135/2712 4758/8136/2712
f 4761/8137/2713 4762/8138/2713 4763/8139/2713
f 4761/8140/2714 4764/8141/2714 4762/8142/2714
f 4765/8143/2715 4766/8144/2715 4767/8145/2715
f 4765/8146/2716 4768/8147/2716 4766/8148/2716
f 4769/8149/2717 4770/8150/2717 4771/8151/2717
f 4769/8152/2718 4772/8153/2718 4770/8154/2718
f 4773/8155/2719 4774/8156/2719 4775/8157/2719
f 4773/8158/2720 4776/8159/2720 4774/8160/2720
f 4777/8161/2721 4778/8162/2721 4779/8163/2721
f 4777/8164/2722 4780/8165/2722 4778/8166/2722
f 4781/8167/2723 4782/8168/2723 4783/8169/2723
f 4781/8170/2724 4784/8171/2724 4782/8172/2724
f 4785/8173/2725 4786/8174/2725 4787/8175/2725
f 4785/8176/2726 4788/8177/2726 4786/8178/2726
f 4789/8179/2727 4790/8180/2727 4791/8181/2727
f 4789/8182/2728 4792/8183/2728 4790/8184/2728
f 4793/8185/2729 4794/8186/2729 4795/8187/2729
f 4793/8188/2730 4796/8189/2730 4794/8190/2730
f 4797/8191/2731 4798/8192/2731 4799/8193/2731
f 4797/8194/2732 4800/8195/2732 4798/8196/2732
f 4801/8197/2733 4802/8198/2733 4803/8199/2733
f 4801/8200/2734 4804/8201/2734 4802/8202/2734
f 4805/8203/2735 4806/8204/2735 4807/8205/2735
f 4805/8206/2736 4808/8207/2736 4806/8208/2736
f 4809/8209/2737 4810/8210/2737 4811/8211/2737
f 4809/8212/2738 4812/8213/2738 4810/8214/2738
f 4813/8215/2739 4814/8216/2739 4815/8217/2739
f 4813/8218/2740 4816/8219/2740 4814/8220/2740
f 4817/8221/2741 4818/8222/2741 4819/8223/2741
f 4817/8224/2742 4820/8225/2742 4818/8226/2742
f 4821/8227/2743 4822/8228/2743 4823/8229/2743
f 4821/8230/2744 4824/8231/2744 4822/8232/2744
f 4825/8233/2745 4826/8234/2745 4827/8235/2745
f 4825/8236/2746 4828/8237/2746 4826/8238/2746
f 4829/8239/2747 4830/8240/2747 4831/8241/2747
f 4829/8242/2748 4832/8243/2748 4830/8244/2748
f 4833/8245/2749 4834/8246/2749 4835/8247/2749
f 4833/8248/2750 4836/8249/2750 4834/8250/2750
f 4837/8251/2751 4838/8252/2751 4839/8253/2751
f 4837/8254/2752 4840/8255/2752 4838/8256/2752
f 4841/8257/2753 4842/8258/2753 4843/8259/2753
f 4841/8260/2754 4844/8261/2754 4842/8262/2754
f 4845/8263/2755 4846/8264/2755 4847/8265/2755
f 4845/8266/2756 4848/8267/2756 4846/8268/2756
f 4849/8269/2757 4850/8270/2757 4851/8271/2757
f 4849/8272/2758 4852/8273/2758 4850/8274/2758
f 4853/8275/2759 4854/8276/2759 4855/8277/2759
f 4853/8278/2760 4856/8279/2760 4854/8280/2760
f 4857/8281/2761 4858/8282/2761 4859/8283/2761
f 4857/8284/2762 4860/8285/2762 4858/8286/2762
f 4861/8287/2763 4862/8288/2763 4863/8289/2763
f 4864/8290/2764 4863/8291/2764 4865/8292/2764
f 4866/8293/2765 4861/8294/2765 4863/8295/2765
f 4867/8296/2766 4866/8297/2766 4863/8298/2766
f 4867/8299/2767 4863/8300/2767 4864/8301/2767
f 4868/8302/2768 4862/8303/2768 4861/8304/2768
f 4869/8305/2769 4862/8306/2769 4870/8307/2769
f 4870/8308/2770 4862/8309/2770 4868/8310/2770
f 4871/8311/2771 4870/8312/2771 4868/8313/2771
f 4872/8314/2772 4867/8315/2772 4864/8316/2772